[T 16:49:01 77445] CodeQL CLI version 2.25.4
[T 16:49:01 77445] Initializing tracer.
[T 16:49:01 77445] Initializing tags.
[T 16:49:01 77445] ID set to 0000000000012E85_0000000000000001 (parent root)
[T 16:49:01 77445] Initializing tracer.
[T 16:49:01 77445] Initializing tags.
[T 16:49:01 77445] ID set to 0000000000012E85_0000000000000002 (parent root)
[T 16:49:01 77445] Warning: SEMMLE_EXEC and SEMMLE_EXECP not set. Falling back to path lookup on argv[0].
[T 16:49:01 77445] ==== Candidate to intercept: /Users/sheenie/Desktop/codeql/tools/osx64/runner-osx (canonical: /Users/sheenie/Desktop/codeql/tools/osx64/runner-osx) ====
[T 16:49:01 77445] Executing the following tracer actions:
[T 16:49:01 77445] Tracer actions:
[T 16:49:01 77445] pre_invocations(0)
[T 16:49:01 77445] post_invocations(0)
[T 16:49:01 77445] trace_languages(1): [cpp]
[T 16:49:01 77446] Attempting to switch stdout/stderr to 3...
/Users/sheenie/Desktop/my_cases/taint+buffer_trimmed/cwe121-db/working/copy-root/000001F5/bin/sh.semmle.00012E85.1864BC58.slice.x86_64: replacing existing signature
[T 16:49:02 77445] Initializing tracer.
[T 16:49:02 77445] Initializing tags.
[T 16:49:02 77445] ID set to 0000000000012E85_0000000000000003 (parent 0000000000012E85_0000000000000002)
[T 16:49:02 77445] ==== Candidate to intercept: ./build.sh (canonical: /Users/sheenie/Desktop/my_cases/taint+buffer_trimmed/build.sh) ====
[T 16:49:02 77445] Executing the following tracer actions:
[T 16:49:02 77445] Tracer actions:
[T 16:49:02 77445] pre_invocations(0)
[T 16:49:02 77445] post_invocations(0)
[T 16:49:02 77445] trace_languages(1): [cpp]
[T 16:49:02 77456] Attempting to switch stdout/stderr to 3...
/Users/sheenie/Desktop/my_cases/taint+buffer_trimmed/cwe121-db/working/copy-root/000001F5/bin/bash.semmle.00012E85.1F3A7608.slice.x86_64: replacing existing signature
[T 16:49:03 77445] Initializing tracer.
[T 16:49:03 77445] Initializing tags.
[T 16:49:03 77445] ID set to 0000000000012E85_0000000000000004 (parent 0000000000012E85_0000000000000003)
[T 16:49:03 77445] ==== Candidate to intercept: /bin/bash (canonical: /bin/bash) ====
[T 16:49:03 77445] Executing the following tracer actions:
[T 16:49:03 77445] Tracer actions:
[T 16:49:03 77445] pre_invocations(0)
[T 16:49:03 77445] post_invocations(0)
[T 16:49:03 77445] trace_languages(1): [cpp]
[T 16:49:03 77461] Attempting to switch stdout/stderr to 3...
/Users/sheenie/Desktop/my_cases/taint+buffer_trimmed/cwe121-db/working/copy-root/000001F5/usr/bin/gcc.semmle.00012E94.1791B100.slice.x86_64: replacing existing signature
[T 16:49:04 77460] Initializing tracer.
[T 16:49:04 77460] Initializing tags.
[T 16:49:04 77460] ID set to 0000000000012E94_0000000000000001 (parent 0000000000012E85_0000000000000004)
[T 16:49:04 77460] ==== Candidate to intercept: /usr/bin/gcc (canonical: /usr/bin/gcc) ====
[T 16:49:04 77460] Lua: === Intercepted call to /usr/bin/gcc ===
[T 16:49:04 77460] Executing the following tracer actions:
[T 16:49:04 77460] Tracer actions:
[T 16:49:04 77460] pre_invocations(0)
[T 16:49:04 77460] post_invocations(1)
[T 16:49:04 77460] invocation: /Users/sheenie/Desktop/codeql/cpp/tools/osx64/extractor, args: [--mimic, /usr/bin/gcc, -c, CWE121_Stack_Based_Buffer_Overflow__char_type_overrun_memcpy_01.c]
[T 16:49:04 77460] trace_languages(1): [cpp]
[T 16:49:04 77466] Attempting to switch stdout/stderr to 3...
/Users/sheenie/Desktop/my_cases/taint+buffer_trimmed/cwe121-db/working/copy-root/000001F5/Library/Developer/CommandLineTools/usr/bin/gcc.semmle.00012E99.0FB6A0F8.slice.x86_64: replacing existing signature
/Users/sheenie/Desktop/my_cases/taint+buffer_trimmed/cwe121-db/working/copy-root/000001F5/Library/Developer/CommandLineTools/usr/bin/gcc.semmle.00012E99.0FB6A0F8.slice.arm64: replacing existing signature
[T 16:49:05 77465] Initializing tracer.
[T 16:49:05 77465] Initializing tags.
[T 16:49:05 77465] ID set to 0000000000012E99_0000000000000001 (parent 0000000000012E94_0000000000000001)
[T 16:49:05 77465] ==== Candidate to intercept: /Library/Developer/CommandLineTools/usr/bin/gcc (canonical: /Library/Developer/CommandLineTools/usr/bin/gcc) ====
[T 16:49:05 77465] Lua: === Intercepted call to /library/developer/commandlinetools/usr/bin/gcc ===
[T 16:49:05 77465] Executing the following tracer actions:
[T 16:49:05 77465] Tracer actions:
[T 16:49:05 77465] pre_invocations(0)
[T 16:49:05 77465] post_invocations(1)
[T 16:49:05 77465] invocation: /Users/sheenie/Desktop/codeql/cpp/tools/osx64/extractor, args: [--mimic, /library/developer/commandlinetools/usr/bin/gcc, -c, CWE121_Stack_Based_Buffer_Overflow__char_type_overrun_memcpy_01.c]
[T 16:49:05 77465] trace_languages(1): [cpp]
[T 16:49:05 77472] Attempting to switch stdout/stderr to 3...
/Users/sheenie/Desktop/my_cases/taint+buffer_trimmed/cwe121-db/working/copy-root/000001F5/usr/bin/xcrun.semmle.00012E9F.109C5990.slice.x86_64: replacing existing signature
[T 16:49:06 77471] Initializing tracer.
[T 16:49:06 77471] Initializing tags.
[T 16:49:06 77471] ID set to 0000000000012E9F_0000000000000001 (parent 0000000000012E99_0000000000000001)
[T 16:49:06 77471] ==== Candidate to intercept: /usr/bin/xcrun (canonical: /usr/bin/xcrun) ====
[T 16:49:06 77471] Executing the following tracer actions:
[T 16:49:06 77471] Tracer actions:
[T 16:49:06 77471] pre_invocations(0)
[T 16:49:06 77471] post_invocations(0)
[T 16:49:06 77471] trace_languages(1): [cpp]
[T 16:49:06 77478] Attempting to switch stdout/stderr to 3...
/Library/Developer/CommandLineTools/usr/bin/install_name_tool: warning: changes being made to the file will invalidate the code signature in: /Users/sheenie/Desktop/my_cases/taint+buffer_trimmed/cwe121-db/working/copy-root/000001F5/Library/Developer/CommandLineTools/usr/bin/clang.semmle.00012E9F.039D75F8.slice.x86_64
/Users/sheenie/Desktop/my_cases/taint+buffer_trimmed/cwe121-db/working/copy-root/000001F5/Library/Developer/CommandLineTools/usr/bin/clang.semmle.00012E9F.039D75F8.slice.x86_64: replacing existing signature
/Library/Developer/CommandLineTools/usr/bin/install_name_tool: warning: changes being made to the file will invalidate the code signature in: /Users/sheenie/Desktop/my_cases/taint+buffer_trimmed/cwe121-db/working/copy-root/000001F5/Library/Developer/CommandLineTools/usr/bin/clang.semmle.00012E9F.039D75F8.slice.arm64
/Users/sheenie/Desktop/my_cases/taint+buffer_trimmed/cwe121-db/working/copy-root/000001F5/Library/Developer/CommandLineTools/usr/bin/clang.semmle.00012E9F.039D75F8.slice.arm64: replacing existing signature
[T 16:49:14 77471] Initializing tracer.
[T 16:49:14 77471] Initializing tags.
[T 16:49:14 77471] ID set to 0000000000012E9F_0000000000000002 (parent 0000000000012E9F_0000000000000001)
[T 16:49:14 77471] ==== Candidate to intercept: /Library/Developer/CommandLineTools/usr/bin/clang (canonical: /Library/Developer/CommandLineTools/usr/bin/clang) ====
[T 16:49:14 77471] Lua: === Intercepted call to /library/developer/commandlinetools/usr/bin/clang ===
[T 16:49:14 77471] Executing the following tracer actions:
[T 16:49:14 77471] Tracer actions:
[T 16:49:14 77471] pre_invocations(0)
[T 16:49:14 77471] post_invocations(1)
[T 16:49:14 77471] invocation: /Users/sheenie/Desktop/codeql/cpp/tools/osx64/extractor, args: [--mimic, /library/developer/commandlinetools/usr/bin/clang, -c, CWE121_Stack_Based_Buffer_Overflow__char_type_overrun_memcpy_01.c]
[T 16:49:14 77471] trace_languages(1): [cpp]
[T 16:49:14 77496] Initializing tracer.
[T 16:49:14 77496] Initializing tags.
[T 16:49:14 77496] ID set to 0000000000012EB8_0000000000000001 (parent 0000000000012E9F_0000000000000002)
[T 16:49:14 77496] ==== Candidate to intercept: /Library/Developer/CommandLineTools/usr/bin/clang (canonical: /Library/Developer/CommandLineTools/usr/bin/clang) ====
[T 16:49:14 77496] Lua: === Intercepted call to /library/developer/commandlinetools/usr/bin/clang ===
[T 16:49:14 77496] Executing the following tracer actions:
[T 16:49:14 77496] Tracer actions:
[T 16:49:14 77496] pre_invocations(0)
[T 16:49:14 77496] post_invocations(1)
[T 16:49:14 77496] invocation: /Users/sheenie/Desktop/codeql/cpp/tools/osx64/extractor, args: [--mimic, /library/developer/commandlinetools/usr/bin/clang, -cc1, -triple, x86_64-apple-macosx14.4.0, -Wundef-prefix=TARGET_OS_, -Wdeprecated-objc-isa-usage, -Werror=deprecated-objc-isa-usage, -Werror=implicit-function-declaration, -emit-obj, -mrelax-all, --mrelax-relocations, -disable-free, -clear-ast-before-backend, -disable-llvm-verifier, -discard-value-names, -main-file-name, CWE121_Stack_Based_Buffer_Overflow__char_type_overrun_memcpy_01.c, -mrelocation-model, pic, -pic-level, 2, -mframe-pointer=all, -fno-strict-return, -ffp-contract=on, -fno-rounding-math, -funwind-tables=2, -target-sdk-version=14.4, -fvisibility-inlines-hidden-static-local-var, -target-cpu, penryn, -tune-cpu, generic, -debugger-tuning=lldb, -target-linker-version, 1053.12, -fcoverage-compilation-dir=/Users/sheenie/Desktop/my_cases/taint+buffer_trimmed, -resource-dir, /Library/Developer/CommandLineTools/usr/lib/clang/15.0.0, -isysroot, /Library/Developer/CommandLineTools/SDKs/MacOSX.sdk, -I/usr/local/include, -internal-isystem, /Library/Developer/CommandLineTools/SDKs/MacOSX.sdk/usr/local/include, -internal-isystem, /Library/Developer/CommandLineTools/usr/lib/clang/15.0.0/include, -internal-externc-isystem, /Library/Developer/CommandLineTools/SDKs/MacOSX.sdk/usr/include, -internal-externc-isystem, /Library/Developer/CommandLineTools/usr/include, -Wno-reorder-init-list, -Wno-implicit-int-float-conversion, -Wno-c99-designator, -Wno-final-dtor-non-final-class, -Wno-extra-semi-stmt, -Wno-misleading-indentation, -Wno-quoted-include-in-framework-header, -Wno-implicit-fallthrough, -Wno-enum-enum-conversion, -Wno-enum-float-conversion, -Wno-elaborated-enum-base, -Wno-reserved-identifier, -Wno-gnu-folding-constant, -fdebug-compilation-dir=/Users/sheenie/Desktop/my_cases/taint+buffer_trimmed, -ferror-limit, 19, -stack-protector, 1, -fstack-check, -mdarwin-stkchk-strong-link, -fblocks, -fencode-extended-block-signature, -fregister-global-dtors-with-atexit, -fgnuc-version=4.2.1, -fmax-type-align=16, -fcommon, -clang-vendor-feature=+disableNonDependentMemberExprInCurrentInstantiation, -fno-odr-hash-protocols, -clang-vendor-feature=+enableAggressiveVLAFolding, -clang-vendor-feature=+revert09abecef7bbf, -clang-vendor-feature=+thisNoAlignAttr, -clang-vendor-feature=+thisNoNullAttr, -mllvm, -disable-aligned-alloc-awareness=1, -D__GCC_HAVE_DWARF2_CFI_ASM=1, -o, CWE121_Stack_Based_Buffer_Overflow__char_type_overrun_memcpy_01.o, -x, c, CWE121_Stack_Based_Buffer_Overflow__char_type_overrun_memcpy_01.c]
[T 16:49:14 77496] trace_languages(1): [cpp]
[T 16:49:14 77498] Attempting to switch stdout/stderr to 4...
[T 16:49:14 77499] Attempting to switch stdout/stderr to 4...
/Users/sheenie/Desktop/my_cases/taint+buffer_trimmed/cwe121-db/working/copy-root/000001F5/Users/sheenie/Desktop/codeql/cpp/tools/osx64/extractor.semmle.00012EBA.2020FDA8.slice.arm64: replacing existing signature
[T 16:49:16 77498] Initializing tracer.
[T 16:49:16 77498] Initializing tags.
[T 16:49:16 77498] ID set to 0000000000012EBA_0000000000000001 (parent 0000000000012EB8_0000000000000001)
[E 16:49:16 77498] CodeQL C/C++ Extractor 2.25.4
[E 16:49:16 77498] Current directory: /Users/sheenie/Desktop/my_cases/taint+buffer_trimmed
[E 16:49:16 77498] Command: /Users/sheenie/Desktop/codeql/cpp/tools/osx64/extractor --mimic /library/developer/commandlinetools/usr/bin/clang -cc1 -triple x86_64-apple-macosx14.4.0 -Wundef-prefix=TARGET_OS_ -Wdeprecated-objc-isa-usage -Werror=deprecated-objc-isa-usage -Werror=implicit-function-declaration -emit-obj -mrelax-all --mrelax-relocations -disable-free -clear-ast-before-backend -disable-llvm-verifier -discard-value-names -main-file-name CWE121_Stack_Based_Buffer_Overflow__char_type_overrun_memcpy_01.c -mrelocation-model pic -pic-level 2 -mframe-pointer=all -fno-strict-return -ffp-contract=on -fno-rounding-math -funwind-tables=2 -target-sdk-version=14.4 -fvisibility-inlines-hidden-static-local-var -target-cpu penryn -tune-cpu generic -debugger-tuning=lldb -target-linker-version 1053.12 -fcoverage-compilation-dir=/Users/sheenie/Desktop/my_cases/taint+buffer_trimmed -resource-dir /Library/Developer/CommandLineTools/usr/lib/clang/15.0.0 -isysroot /Library/Developer/CommandLineTools/SDKs/MacOSX.sdk -I/usr/local/include -internal-isystem /Library/Developer/CommandLineTools/SDKs/MacOSX.sdk/usr/local/include -internal-isystem /Library/Developer/CommandLineTools/usr/lib/clang/15.0.0/include -internal-externc-isystem /Library/Developer/CommandLineTools/SDKs/MacOSX.sdk/usr/include -internal-externc-isystem /Library/Developer/CommandLineTools/usr/include -Wno-reorder-init-list -Wno-implicit-int-float-conversion -Wno-c99-designator -Wno-final-dtor-non-final-class -Wno-extra-semi-stmt -Wno-misleading-indentation -Wno-quoted-include-in-framework-header -Wno-implicit-fallthrough -Wno-enum-enum-conversion -Wno-enum-float-conversion -Wno-elaborated-enum-base -Wno-reserved-identifier -Wno-gnu-folding-constant -fdebug-compilation-dir=/Users/sheenie/Desktop/my_cases/taint+buffer_trimmed -ferror-limit 19 -stack-protector 1 -fstack-check -mdarwin-stkchk-strong-link -fblocks -fencode-extended-block-signature -fregister-global-dtors-with-atexit -fgnuc-version=4.2.1 -fmax-type-align=16 -fcommon -clang-vendor-feature=+disableNonDependentMemberExprInCurrentInstantiation -fno-odr-hash-protocols -clang-vendor-feature=+enableAggressiveVLAFolding -clang-vendor-feature=+revert09abecef7bbf -clang-vendor-feature=+thisNoAlignAttr -clang-vendor-feature=+thisNoNullAttr -mllvm -disable-aligned-alloc-awareness=1 -D__GCC_HAVE_DWARF2_CFI_ASM=1 -o CWE121_Stack_Based_Buffer_Overflow__char_type_overrun_memcpy_01.o -x c CWE121_Stack_Based_Buffer_Overflow__char_type_overrun_memcpy_01.c
[T 16:49:16 77510] Initializing tracer.
[T 16:49:16 77510] Initializing tags.
[T 16:49:16 77510] ID set to 0000000000012EC6_0000000000000001 (parent 0000000000012EBA_0000000000000001)
[T 16:49:16 77510] ==== Candidate to intercept: /library/developer/commandlinetools/usr/bin/clang (canonical: /Library/Developer/CommandLineTools/usr/bin/clang) ====
[T 16:49:16 77510] Lua: === Intercepted call to /library/developer/commandlinetools/usr/bin/clang ===
[T 16:49:16 77510] Executing the following tracer actions:
[T 16:49:16 77510] Tracer actions:
[T 16:49:16 77510] pre_invocations(0)
[T 16:49:16 77510] post_invocations(1)
[T 16:49:16 77510] invocation: /Users/sheenie/Desktop/codeql/cpp/tools/osx64/extractor, args: [--mimic, /library/developer/commandlinetools/usr/bin/clang, --version]
[T 16:49:16 77510] trace_languages(1): [cpp]
[T 16:49:16 77512] Attempting to switch stdout/stderr to 7...
[T 16:49:16 77512] Initializing tracer.
[T 16:49:16 77512] Initializing tags.
[T 16:49:16 77512] ID set to 0000000000012EC8_0000000000000001 (parent 0000000000012EC6_0000000000000001)
[E 16:49:16 77512] Mimicry classification suppression detected; exiting.
[E 16:49:16 77512] Extractor exited successfully
[T 16:49:16 77510] Extractor /Users/sheenie/Desktop/codeql/cpp/tools/osx64/extractor terminated with exit code 0.
[T 16:49:17 77513] Initializing tracer.
[T 16:49:17 77513] Initializing tags.
[T 16:49:17 77513] ID set to 0000000000012EC9_0000000000000001 (parent 0000000000012EBA_0000000000000001)
[T 16:49:17 77513] ==== Candidate to intercept: /library/developer/commandlinetools/usr/bin/clang (canonical: /Library/Developer/CommandLineTools/usr/bin/clang) ====
[T 16:49:17 77513] Lua: === Intercepted call to /library/developer/commandlinetools/usr/bin/clang ===
[T 16:49:17 77513] Executing the following tracer actions:
[T 16:49:17 77513] Tracer actions:
[T 16:49:17 77513] pre_invocations(0)
[T 16:49:17 77513] post_invocations(1)
[T 16:49:17 77513] invocation: /Users/sheenie/Desktop/codeql/cpp/tools/osx64/extractor, args: [--mimic, /library/developer/commandlinetools/usr/bin/clang, --help]
[T 16:49:17 77513] trace_languages(1): [cpp]
[T 16:49:17 77515] Attempting to switch stdout/stderr to 7...
[T 16:49:17 77515] Initializing tracer.
[T 16:49:17 77515] Initializing tags.
[T 16:49:17 77515] ID set to 0000000000012ECB_0000000000000001 (parent 0000000000012EC9_0000000000000001)
[E 16:49:17 77515] Mimicry classification suppression detected; exiting.
[E 16:49:17 77515] Extractor exited successfully
[T 16:49:17 77513] Extractor /Users/sheenie/Desktop/codeql/cpp/tools/osx64/extractor terminated with exit code 0.
[T 16:49:17 77516] Initializing tracer.
[T 16:49:17 77516] Initializing tags.
[T 16:49:17 77516] ID set to 0000000000012ECC_0000000000000001 (parent 0000000000012EBA_0000000000000001)
[T 16:49:17 77516] ==== Candidate to intercept: /library/developer/commandlinetools/usr/bin/clang (canonical: /Library/Developer/CommandLineTools/usr/bin/clang) ====
[T 16:49:17 77516] Lua: === Intercepted call to /library/developer/commandlinetools/usr/bin/clang ===
[T 16:49:17 77516] Executing the following tracer actions:
[T 16:49:17 77516] Tracer actions:
[T 16:49:17 77516] pre_invocations(0)
[T 16:49:17 77516] post_invocations(1)
[T 16:49:17 77516] invocation: /Users/sheenie/Desktop/codeql/cpp/tools/osx64/extractor, args: [--mimic, /library/developer/commandlinetools/usr/bin/clang, -cc1, -nostdsysteminc, -o, /Users/sheenie/Desktop/my_cases/taint+buffer_trimmed/cwe121-db/working/tmp//semmle_2_77498_93777.o, -emit-obj, /Users/sheenie/Desktop/my_cases/taint+buffer_trimmed/cwe121-db/working/tmp//semmle_1_77498_93747.c]
[T 16:49:17 77516] trace_languages(1): [cpp]
[T 16:49:17 77518] Attempting to switch stdout/stderr to 7...
[T 16:49:17 77518] Initializing tracer.
[T 16:49:17 77518] Initializing tags.
[T 16:49:17 77518] ID set to 0000000000012ECE_0000000000000001 (parent 0000000000012ECC_0000000000000001)
[E 16:49:17 77518] Mimicry classification suppression detected; exiting.
[E 16:49:17 77518] Extractor exited successfully
[T 16:49:17 77516] Extractor /Users/sheenie/Desktop/codeql/cpp/tools/osx64/extractor terminated with exit code 0.
[E 16:49:17 77498] Warning: Unrecognized command line argument -mllvm
[E 16:49:17 77498] Warning: Unrecognized command line argument -disable-aligned-alloc-awareness=1
[E 16:49:17 77498] Checking whether C compilation already happened.
[E 16:49:17 77498] Checking for tag c-compilation-happened
[E 16:49:17 77498] Checking CODEQL_TRACER_DB_ID 0000000000012EB8_0000000000000001
[E 16:49:17 77498] Locking DB /Users/sheenie/Desktop/my_cases/taint+buffer_trimmed/cwe121-db/working/tags.db
[E 16:49:17 77498] Locked DB /Users/sheenie/Desktop/my_cases/taint+buffer_trimmed/cwe121-db/working/tags.db
[E 16:49:17 77498] Unlocking DB
[E 16:49:17 77498] Unlocked DB
[E 16:49:17 77498] Looks like C compilation didn't already happen.
[E 16:49:17 77498] Checking whether C compilation has been attempted.
[E 16:49:17 77498] Checking for tag c-compilation-attempted
[E 16:49:17 77498] Checking CODEQL_TRACER_DB_ID 0000000000012EB8_0000000000000001
[E 16:49:17 77498] Locking DB /Users/sheenie/Desktop/my_cases/taint+buffer_trimmed/cwe121-db/working/tags.db
[E 16:49:17 77498] Locked DB /Users/sheenie/Desktop/my_cases/taint+buffer_trimmed/cwe121-db/working/tags.db
[E 16:49:17 77498] Unlocking DB
[E 16:49:17 77498] Unlocked DB
[E 16:49:17 77498] Marking C compilation as attempted.
[E 16:49:17 77498] Setting tag c-compilation-attempted
[E 16:49:17 77498] Starting from CODEQL_TRACER_DB_ID 0000000000012EB8_0000000000000001
[E 16:49:17 77498] Locking DB /Users/sheenie/Desktop/my_cases/taint+buffer_trimmed/cwe121-db/working/tags.db
[E 16:49:17 77498] Locked DB /Users/sheenie/Desktop/my_cases/taint+buffer_trimmed/cwe121-db/working/tags.db
[E 16:49:17 77498] Set tag for 0000000000012EB8_0000000000000001
[E 16:49:17 77498] Set tag for 0000000000012E9F_0000000000000002
[E 16:49:17 77498] Set tag for 0000000000012E9F_0000000000000001
[E 16:49:17 77498] Set tag for 0000000000012E99_0000000000000001
[E 16:49:17 77498] Set tag for 0000000000012E94_0000000000000001
[E 16:49:17 77498] Set tag for 0000000000012E85_0000000000000004
[E 16:49:17 77498] Set tag for 0000000000012E85_0000000000000003
[E 16:49:17 77498] Set tag for 0000000000012E85_0000000000000002
[E 16:49:17 77498] Set tag for root
[E 16:49:17 77498] Unlocking DB
[E 16:49:17 77498] Unlocked DB
[T 16:49:17 77519] Initializing tracer.
[T 16:49:17 77519] Initializing tags.
[T 16:49:17 77519] ID set to 0000000000012ECF_0000000000000001 (parent 0000000000012EBA_0000000000000001)
[T 16:49:17 77519] ==== Candidate to intercept: /library/developer/commandlinetools/usr/bin/clang (canonical: /Library/Developer/CommandLineTools/usr/bin/clang) ====
[T 16:49:17 77519] Lua: === Intercepted call to /library/developer/commandlinetools/usr/bin/clang ===
[T 16:49:17 77519] Executing the following tracer actions:
[T 16:49:17 77519] Tracer actions:
[T 16:49:17 77519] pre_invocations(0)
[T 16:49:17 77519] post_invocations(1)
[T 16:49:17 77519] invocation: /Users/sheenie/Desktop/codeql/cpp/tools/osx64/extractor, args: [--mimic, /library/developer/commandlinetools/usr/bin/clang, -cc1, @/Users/sheenie/Desktop/my_cases/taint+buffer_trimmed/cwe121-db/working/tmp//semmle_4_77498_216518, -x, c, -v, -fsyntax-only, /Users/sheenie/Desktop/my_cases/taint+buffer_trimmed/cwe121-db/working/tmp//semmle_5_77498_216579]
[T 16:49:17 77519] trace_languages(1): [cpp]
[T 16:49:17 77521] Attempting to switch stdout/stderr to 7...
[T 16:49:17 77521] Initializing tracer.
[T 16:49:17 77521] Initializing tags.
[T 16:49:17 77521] ID set to 0000000000012ED1_0000000000000001 (parent 0000000000012ECF_0000000000000001)
[E 16:49:17 77521] Mimicry classification suppression detected; exiting.
[E 16:49:17 77521] Extractor exited successfully
[T 16:49:17 77519] Extractor /Users/sheenie/Desktop/codeql/cpp/tools/osx64/extractor terminated with exit code 0.
[T 16:49:17 77522] Initializing tracer.
[T 16:49:17 77522] Initializing tags.
[T 16:49:17 77522] ID set to 0000000000012ED2_0000000000000001 (parent 0000000000012EBA_0000000000000001)
[T 16:49:17 77522] ==== Candidate to intercept: /library/developer/commandlinetools/usr/bin/clang (canonical: /Library/Developer/CommandLineTools/usr/bin/clang) ====
[T 16:49:17 77522] Lua: === Intercepted call to /library/developer/commandlinetools/usr/bin/clang ===
[T 16:49:17 77522] Executing the following tracer actions:
[T 16:49:17 77522] Tracer actions:
[T 16:49:17 77522] pre_invocations(0)
[T 16:49:17 77522] post_invocations(1)
[T 16:49:17 77522] invocation: /Users/sheenie/Desktop/codeql/cpp/tools/osx64/extractor, args: [--mimic, /library/developer/commandlinetools/usr/bin/clang, -cc1, @/Users/sheenie/Desktop/my_cases/taint+buffer_trimmed/cwe121-db/working/tmp//semmle_4_77498_216518, -x, c, -E, -dM, /Users/sheenie/Desktop/my_cases/taint+buffer_trimmed/cwe121-db/working/tmp//semmle_6_77498_332103]
[T 16:49:17 77522] trace_languages(1): [cpp]
[T 16:49:17 77525] Attempting to switch stdout/stderr to 7...
[T 16:49:17 77525] Initializing tracer.
[T 16:49:17 77525] Initializing tags.
[T 16:49:17 77525] ID set to 0000000000012ED5_0000000000000001 (parent 0000000000012ED2_0000000000000001)
[E 16:49:17 77525] Mimicry classification suppression detected; exiting.
[E 16:49:17 77525] Extractor exited successfully
[T 16:49:17 77522] Extractor /Users/sheenie/Desktop/codeql/cpp/tools/osx64/extractor terminated with exit code 0.
[T 16:49:17 77526] Initializing tracer.
[T 16:49:17 77526] Initializing tags.
[T 16:49:17 77526] ID set to 0000000000012ED6_0000000000000001 (parent 0000000000012EBA_0000000000000001)
[T 16:49:17 77526] ==== Candidate to intercept: /library/developer/commandlinetools/usr/bin/clang (canonical: /Library/Developer/CommandLineTools/usr/bin/clang) ====
[T 16:49:17 77526] Lua: === Intercepted call to /library/developer/commandlinetools/usr/bin/clang ===
[T 16:49:17 77526] Executing the following tracer actions:
[T 16:49:17 77526] Tracer actions:
[T 16:49:17 77526] pre_invocations(0)
[T 16:49:17 77526] post_invocations(1)
[T 16:49:17 77526] invocation: /Users/sheenie/Desktop/codeql/cpp/tools/osx64/extractor, args: [--mimic, /library/developer/commandlinetools/usr/bin/clang, -cc1, @/Users/sheenie/Desktop/my_cases/taint+buffer_trimmed/cwe121-db/working/tmp//semmle_4_77498_216518, -x, c, -E, /Users/sheenie/Desktop/my_cases/taint+buffer_trimmed/cwe121-db/working/tmp//semmle_7_77498_444464]
[T 16:49:17 77526] trace_languages(1): [cpp]
[T 16:49:17 77528] Attempting to switch stdout/stderr to 7...
[T 16:49:17 77528] Initializing tracer.
[T 16:49:17 77528] Initializing tags.
[T 16:49:17 77528] ID set to 0000000000012ED8_0000000000000001 (parent 0000000000012ED6_0000000000000001)
[E 16:49:17 77528] Mimicry classification suppression detected; exiting.
[E 16:49:17 77528] Extractor exited successfully
[T 16:49:17 77526] Extractor /Users/sheenie/Desktop/codeql/cpp/tools/osx64/extractor terminated with exit code 0.
[T 16:49:17 77529] Initializing tracer.
[T 16:49:17 77529] Initializing tags.
[T 16:49:17 77529] ID set to 0000000000012ED9_0000000000000001 (parent 0000000000012EBA_0000000000000001)
[T 16:49:17 77529] ==== Candidate to intercept: /library/developer/commandlinetools/usr/bin/clang (canonical: /Library/Developer/CommandLineTools/usr/bin/clang) ====
[T 16:49:17 77529] Lua: === Intercepted call to /library/developer/commandlinetools/usr/bin/clang ===
[T 16:49:17 77529] Executing the following tracer actions:
[T 16:49:17 77529] Tracer actions:
[T 16:49:17 77529] pre_invocations(0)
[T 16:49:17 77529] post_invocations(1)
[T 16:49:17 77529] invocation: /Users/sheenie/Desktop/codeql/cpp/tools/osx64/extractor, args: [--mimic, /library/developer/commandlinetools/usr/bin/clang, -cc1, @/Users/sheenie/Desktop/my_cases/taint+buffer_trimmed/cwe121-db/working/tmp//semmle_8_77498_558171, -x, c, -o, /Users/sheenie/Desktop/my_cases/taint+buffer_trimmed/cwe121-db/working/tmp//semmle_10_77498_558281.o, -emit-obj, /Users/sheenie/Desktop/my_cases/taint+buffer_trimmed/cwe121-db/working/tmp//semmle_9_77498_558249.c]
[T 16:49:17 77529] trace_languages(1): [cpp]
[T 16:49:17 77531] Attempting to switch stdout/stderr to 7...
[T 16:49:17 77531] Initializing tracer.
[T 16:49:17 77531] Initializing tags.
[T 16:49:17 77531] ID set to 0000000000012EDB_0000000000000001 (parent 0000000000012ED9_0000000000000001)
[E 16:49:17 77531] Mimicry classification suppression detected; exiting.
[E 16:49:17 77531] Extractor exited successfully
[T 16:49:17 77529] Extractor /Users/sheenie/Desktop/codeql/cpp/tools/osx64/extractor terminated with exit code 0.
[T 16:49:17 77532] Initializing tracer.
[T 16:49:17 77532] Initializing tags.
[T 16:49:17 77532] ID set to 0000000000012EDC_0000000000000001 (parent 0000000000012EBA_0000000000000001)
[T 16:49:17 77532] ==== Candidate to intercept: /library/developer/commandlinetools/usr/bin/clang (canonical: /Library/Developer/CommandLineTools/usr/bin/clang) ====
[T 16:49:17 77532] Lua: === Intercepted call to /library/developer/commandlinetools/usr/bin/clang ===
[T 16:49:17 77532] Executing the following tracer actions:
[T 16:49:17 77532] Tracer actions:
[T 16:49:17 77532] pre_invocations(0)
[T 16:49:17 77532] post_invocations(1)
[T 16:49:17 77532] invocation: /Users/sheenie/Desktop/codeql/cpp/tools/osx64/extractor, args: [--mimic, /library/developer/commandlinetools/usr/bin/clang, -cc1, @/Users/sheenie/Desktop/my_cases/taint+buffer_trimmed/cwe121-db/working/tmp//semmle_8_77498_558171, -x, c, -o, /Users/sheenie/Desktop/my_cases/taint+buffer_trimmed/cwe121-db/working/tmp//semmle_12_77498_678075.o, -emit-obj, /Users/sheenie/Desktop/my_cases/taint+buffer_trimmed/cwe121-db/working/tmp//semmle_11_77498_678042.c]
[T 16:49:17 77532] trace_languages(1): [cpp]
[T 16:49:17 77534] Attempting to switch stdout/stderr to 7...
[T 16:49:17 77534] Initializing tracer.
[T 16:49:17 77534] Initializing tags.
[T 16:49:17 77534] ID set to 0000000000012EDE_0000000000000001 (parent 0000000000012EDC_0000000000000001)
[E 16:49:17 77534] Mimicry classification suppression detected; exiting.
[E 16:49:17 77534] Extractor exited successfully
[T 16:49:17 77532] Extractor /Users/sheenie/Desktop/codeql/cpp/tools/osx64/extractor terminated with exit code 0.
[T 16:49:17 77535] Initializing tracer.
[T 16:49:17 77535] Initializing tags.
[T 16:49:17 77535] ID set to 0000000000012EDF_0000000000000001 (parent 0000000000012EBA_0000000000000001)
[T 16:49:17 77535] ==== Candidate to intercept: /library/developer/commandlinetools/usr/bin/clang (canonical: /Library/Developer/CommandLineTools/usr/bin/clang) ====
[T 16:49:17 77535] Lua: === Intercepted call to /library/developer/commandlinetools/usr/bin/clang ===
[T 16:49:17 77535] Executing the following tracer actions:
[T 16:49:17 77535] Tracer actions:
[T 16:49:17 77535] pre_invocations(0)
[T 16:49:17 77535] post_invocations(1)
[T 16:49:17 77535] invocation: /Users/sheenie/Desktop/codeql/cpp/tools/osx64/extractor, args: [--mimic, /library/developer/commandlinetools/usr/bin/clang, -cc1, @/Users/sheenie/Desktop/my_cases/taint+buffer_trimmed/cwe121-db/working/tmp//semmle_8_77498_558171, -x, c, -o, /Users/sheenie/Desktop/my_cases/taint+buffer_trimmed/cwe121-db/working/tmp//semmle_14_77498_804796.o, -emit-obj, /Users/sheenie/Desktop/my_cases/taint+buffer_trimmed/cwe121-db/working/tmp//semmle_13_77498_804762.c]
[T 16:49:17 77535] trace_languages(1): [cpp]
[T 16:49:17 77538] Attempting to switch stdout/stderr to 7...
[T 16:49:17 77538] Initializing tracer.
[T 16:49:17 77538] Initializing tags.
[T 16:49:17 77538] ID set to 0000000000012EE2_0000000000000001 (parent 0000000000012EDF_0000000000000001)
[E 16:49:17 77538] Mimicry classification suppression detected; exiting.
[E 16:49:17 77538] Extractor exited successfully
[T 16:49:17 77535] Extractor /Users/sheenie/Desktop/codeql/cpp/tools/osx64/extractor terminated with exit code 0.
[T 16:49:17 77539] Initializing tracer.
[T 16:49:17 77539] Initializing tags.
[T 16:49:17 77539] ID set to 0000000000012EE3_0000000000000001 (parent 0000000000012EBA_0000000000000001)
[T 16:49:17 77539] ==== Candidate to intercept: /library/developer/commandlinetools/usr/bin/clang (canonical: /Library/Developer/CommandLineTools/usr/bin/clang) ====
[T 16:49:17 77539] Lua: === Intercepted call to /library/developer/commandlinetools/usr/bin/clang ===
[T 16:49:17 77539] Executing the following tracer actions:
[T 16:49:17 77539] Tracer actions:
[T 16:49:17 77539] pre_invocations(0)
[T 16:49:17 77539] post_invocations(1)
[T 16:49:17 77539] invocation: /Users/sheenie/Desktop/codeql/cpp/tools/osx64/extractor, args: [--mimic, /library/developer/commandlinetools/usr/bin/clang, -cc1, @/Users/sheenie/Desktop/my_cases/taint+buffer_trimmed/cwe121-db/working/tmp//semmle_8_77498_558171, -x, c, -o, /Users/sheenie/Desktop/my_cases/taint+buffer_trimmed/cwe121-db/working/tmp//semmle_16_77498_923317.o, -emit-obj, /Users/sheenie/Desktop/my_cases/taint+buffer_trimmed/cwe121-db/working/tmp//semmle_15_77498_923284.c]
[T 16:49:17 77539] trace_languages(1): [cpp]
[T 16:49:18 77541] Attempting to switch stdout/stderr to 7...
[T 16:49:18 77541] Initializing tracer.
[T 16:49:18 77541] Initializing tags.
[T 16:49:18 77541] ID set to 0000000000012EE5_0000000000000001 (parent 0000000000012EE3_0000000000000001)
[E 16:49:18 77541] Mimicry classification suppression detected; exiting.
[E 16:49:18 77541] Extractor exited successfully
[T 16:49:18 77539] Extractor /Users/sheenie/Desktop/codeql/cpp/tools/osx64/extractor terminated with exit code 0.
[T 16:49:18 77542] Initializing tracer.
[T 16:49:18 77542] Initializing tags.
[T 16:49:18 77542] ID set to 0000000000012EE6_0000000000000001 (parent 0000000000012EBA_0000000000000001)
[T 16:49:18 77542] ==== Candidate to intercept: /library/developer/commandlinetools/usr/bin/clang (canonical: /Library/Developer/CommandLineTools/usr/bin/clang) ====
[T 16:49:18 77542] Lua: === Intercepted call to /library/developer/commandlinetools/usr/bin/clang ===
[T 16:49:18 77542] Executing the following tracer actions:
[T 16:49:18 77542] Tracer actions:
[T 16:49:18 77542] pre_invocations(0)
[T 16:49:18 77542] post_invocations(1)
[T 16:49:18 77542] invocation: /Users/sheenie/Desktop/codeql/cpp/tools/osx64/extractor, args: [--mimic, /library/developer/commandlinetools/usr/bin/clang, -cc1, @/Users/sheenie/Desktop/my_cases/taint+buffer_trimmed/cwe121-db/working/tmp//semmle_8_77498_558171, -x, c, -o, /Users/sheenie/Desktop/my_cases/taint+buffer_trimmed/cwe121-db/working/tmp//semmle_18_77498_42355.o, -emit-obj, /Users/sheenie/Desktop/my_cases/taint+buffer_trimmed/cwe121-db/working/tmp//semmle_17_77498_42326.c]
[T 16:49:18 77542] trace_languages(1): [cpp]
[T 16:49:18 77544] Attempting to switch stdout/stderr to 7...
[T 16:49:18 77544] Initializing tracer.
[T 16:49:18 77544] Initializing tags.
[T 16:49:18 77544] ID set to 0000000000012EE8_0000000000000001 (parent 0000000000012EE6_0000000000000001)
[E 16:49:18 77544] Mimicry classification suppression detected; exiting.
[E 16:49:18 77544] Extractor exited successfully
[T 16:49:18 77542] Extractor /Users/sheenie/Desktop/codeql/cpp/tools/osx64/extractor terminated with exit code 0.
[T 16:49:18 77545] Initializing tracer.
[T 16:49:18 77545] Initializing tags.
[T 16:49:18 77545] ID set to 0000000000012EE9_0000000000000001 (parent 0000000000012EBA_0000000000000001)
[T 16:49:18 77545] ==== Candidate to intercept: /library/developer/commandlinetools/usr/bin/clang (canonical: /Library/Developer/CommandLineTools/usr/bin/clang) ====
[T 16:49:18 77545] Lua: === Intercepted call to /library/developer/commandlinetools/usr/bin/clang ===
[T 16:49:18 77545] Executing the following tracer actions:
[T 16:49:18 77545] Tracer actions:
[T 16:49:18 77545] pre_invocations(0)
[T 16:49:18 77545] post_invocations(1)
[T 16:49:18 77545] invocation: /Users/sheenie/Desktop/codeql/cpp/tools/osx64/extractor, args: [--mimic, /library/developer/commandlinetools/usr/bin/clang, -cc1, @/Users/sheenie/Desktop/my_cases/taint+buffer_trimmed/cwe121-db/working/tmp//semmle_8_77498_558171, -x, c, -o, /Users/sheenie/Desktop/my_cases/taint+buffer_trimmed/cwe121-db/working/tmp//semmle_20_77498_166505.o, -emit-obj, /Users/sheenie/Desktop/my_cases/taint+buffer_trimmed/cwe121-db/working/tmp//semmle_19_77498_166470.c]
[T 16:49:18 77545] trace_languages(1): [cpp]
[T 16:49:18 77547] Attempting to switch stdout/stderr to 7...
[T 16:49:18 77547] Initializing tracer.
[T 16:49:18 77547] Initializing tags.
[T 16:49:18 77547] ID set to 0000000000012EEB_0000000000000001 (parent 0000000000012EE9_0000000000000001)
[E 16:49:18 77547] Mimicry classification suppression detected; exiting.
[E 16:49:18 77547] Extractor exited successfully
[T 16:49:18 77545] Extractor /Users/sheenie/Desktop/codeql/cpp/tools/osx64/extractor terminated with exit code 0.
[E 16:49:18 77498] Processed command line: /Users/sheenie/Desktop/codeql/cpp/tools/osx64/extractor --trapfolder /Users/sheenie/Desktop/my_cases/taint+buffer_trimmed/cwe121-db/trap/cpp --src_archive /Users/sheenie/Desktop/my_cases/taint+buffer_trimmed/cwe121-db/src --object_filename CWE121_Stack_Based_Buffer_Overflow__char_type_overrun_memcpy_01.o --no_warnings_and_discretionary_errors --error_limit 1000 --disable_system_macros --variadic_macros --incognito --gcc --clang_version 160000 --gnu_version 40801 --has_feature_vector 11111111111111111000000000000000000000000000000000000000000000000000011 --clang --target linux_x86_64 -D_LP64=1 -D__APPLE_CC__=6000 -D__APPLE__=1 -D__ATOMIC_ACQUIRE=2 -D__ATOMIC_ACQ_REL=4 -D__ATOMIC_CONSUME=1 -D__ATOMIC_RELAXED=0 -D__ATOMIC_RELEASE=3 -D__ATOMIC_SEQ_CST=5 -D__BIGGEST_ALIGNMENT__=16 -D__BITINT_MAXWIDTH__=128 -D__BLOCKS__=1 -D__BOOL_WIDTH__=8 -D__BYTE_ORDER__=__ORDER_LITTLE_ENDIAN__ -D__CHAR_BIT__=8 -D__CLANG_ATOMIC_BOOL_LOCK_FREE=2 -D__CLANG_ATOMIC_CHAR16_T_LOCK_FREE=2 -D__CLANG_ATOMIC_CHAR32_T_LOCK_FREE=2 -D__CLANG_ATOMIC_CHAR_LOCK_FREE=2 -D__CLANG_ATOMIC_INT_LOCK_FREE=2 -D__CLANG_ATOMIC_LLONG_LOCK_FREE=2 -D__CLANG_ATOMIC_LONG_LOCK_FREE=2 -D__CLANG_ATOMIC_POINTER_LOCK_FREE=2 -D__CLANG_ATOMIC_SHORT_LOCK_FREE=2 -D__CLANG_ATOMIC_WCHAR_T_LOCK_FREE=2 -D__CONSTANT_CFSTRINGS__=1 -D__DBL_DECIMAL_DIG__=17 -D__DBL_DENORM_MIN__=4.9406564584124654e-324 -D__DBL_DIG__=15 -D__DBL_EPSILON__=2.2204460492503131e-16 -D__DBL_HAS_DENORM__=1 -D__DBL_HAS_INFINITY__=1 -D__DBL_HAS_QUIET_NAN__=1 -D__DBL_MANT_DIG__=53 -D__DBL_MAX_10_EXP__=308 -D__DBL_MAX_EXP__=1024 -D__DBL_MAX__=1.7976931348623157e+308 '-D__DBL_MIN_10_EXP__=(-307)' '-D__DBL_MIN_EXP__=(-1021)' -D__DBL_MIN__=2.2250738585072014e-308 -D__DECIMAL_DIG__=__LDBL_DECIMAL_DIG__ -D__DYNAMIC__=1 -D__ENVIRONMENT_MAC_OS_X_VERSION_MIN_REQUIRED__=140400 -D__ENVIRONMENT_OS_VERSION_MIN_REQUIRED__=140400 -D__FINITE_MATH_ONLY__=0 -D__FLT16_DECIMAL_DIG__=5 -D__FLT16_DENORM_MIN__=5.9604644775390625e-8F16 -D__FLT16_DIG__=3 -D__FLT16_EPSILON__=9.765625e-4F16 -D__FLT16_HAS_DENORM__=1 -D__FLT16_HAS_INFINITY__=1 -D__FLT16_HAS_QUIET_NAN__=1 -D__FLT16_MANT_DIG__=11 -D__FLT16_MAX_10_EXP__=4 -D__FLT16_MAX_EXP__=16 -D__FLT16_MAX__=6.5504e+4F16 '-D__FLT16_MIN_10_EXP__=(-4)' '-D__FLT16_MIN_EXP__=(-13)' -D__FLT16_MIN__=6.103515625e-5F16 -D__FLT_DECIMAL_DIG__=9 -D__FLT_DENORM_MIN__=1.40129846e-45F -D__FLT_DIG__=6 -D__FLT_EPSILON__=1.19209290e-7F -D__FLT_HAS_DENORM__=1 -D__FLT_HAS_INFINITY__=1 -D__FLT_HAS_QUIET_NAN__=1 -D__FLT_MANT_DIG__=24 -D__FLT_MAX_10_EXP__=38 -D__FLT_MAX_EXP__=128 -D__FLT_MAX__=3.40282347e+38F '-D__FLT_MIN_10_EXP__=(-37)' '-D__FLT_MIN_EXP__=(-125)' -D__FLT_MIN__=1.17549435e-38F -D__FLT_RADIX__=2 -D__FXSR__=1 -D__GCC_ASM_FLAG_OUTPUTS__=1 -D__GCC_ATOMIC_BOOL_LOCK_FREE=2 -D__GCC_ATOMIC_CHAR16_T_LOCK_FREE=2 -D__GCC_ATOMIC_CHAR32_T_LOCK_FREE=2 -D__GCC_ATOMIC_CHAR_LOCK_FREE=2 -D__GCC_ATOMIC_INT_LOCK_FREE=2 -D__GCC_ATOMIC_LLONG_LOCK_FREE=2 -D__GCC_ATOMIC_LONG_LOCK_FREE=2 -D__GCC_ATOMIC_POINTER_LOCK_FREE=2 -D__GCC_ATOMIC_SHORT_LOCK_FREE=2 -D__GCC_ATOMIC_TEST_AND_SET_TRUEVAL=1 -D__GCC_ATOMIC_WCHAR_T_LOCK_FREE=2 -D__GCC_HAVE_SYNC_COMPARE_AND_SWAP_1=1 -D__GCC_HAVE_SYNC_COMPARE_AND_SWAP_16=1 -D__GCC_HAVE_SYNC_COMPARE_AND_SWAP_2=1 -D__GCC_HAVE_SYNC_COMPARE_AND_SWAP_4=1 -D__GCC_HAVE_SYNC_COMPARE_AND_SWAP_8=1 -D__GNUC_MINOR__=2 -D__GNUC_PATCHLEVEL__=1 -D__GNUC__=4 -D__GXX_ABI_VERSION=1002 -D__INT16_C_SUFFIX__= '-D__INT16_FMTd__="hd"' '-D__INT16_FMTi__="hi"' -D__INT16_MAX__=32767 -D__INT16_TYPE__=short -D__INT32_C_SUFFIX__= '-D__INT32_FMTd__="d"' '-D__INT32_FMTi__="i"' -D__INT32_MAX__=2147483647 -D__INT32_TYPE__=int -D__INT64_C_SUFFIX__=LL '-D__INT64_FMTd__="lld"' '-D__INT64_FMTi__="lli"' -D__INT64_MAX__=9223372036854775807LL '-D__INT64_TYPE__=long long int' -D__INT8_C_SUFFIX__= '-D__INT8_FMTd__="hhd"' '-D__INT8_FMTi__="hhi"' -D__INT8_MAX__=127 '-D__INT8_TYPE__=signed char' -D__INTMAX_C_SUFFIX__=L '-D__INTMAX_FMTd__="ld"' '-D__INTMAX_FMTi__="li"' -D__INTMAX_MAX__=9223372036854775807L '-D__INTMAX_TYPE__=long int' -D__INTMAX_WIDTH__=64 '-D__INTPTR_FMTd__="ld"' '-D__INTPTR_FMTi__="li"' -D__INTPTR_MAX__=9223372036854775807L '-D__INTPTR_TYPE__=long int' -D__INTPTR_WIDTH__=64 '-D__INT_FAST16_FMTd__="hd"' '-D__INT_FAST16_FMTi__="hi"' -D__INT_FAST16_MAX__=32767 -D__INT_FAST16_TYPE__=short -D__INT_FAST16_WIDTH__=16 '-D__INT_FAST32_FMTd__="d"' '-D__INT_FAST32_FMTi__="i"' -D__INT_FAST32_MAX__=2147483647 -D__INT_FAST32_TYPE__=int -D__INT_FAST32_WIDTH__=32 '-D__INT_FAST64_FMTd__="lld"' '-D__INT_FAST64_FMTi__="lli"' -D__INT_FAST64_MAX__=9223372036854775807LL '-D__INT_FAST64_TYPE__=long long int' -D__INT_FAST64_WIDTH__=64 '-D__INT_FAST8_FMTd__="hhd"' '-D__INT_FAST8_FMTi__="hhi"' -D__INT_FAST8_MAX__=127 '-D__INT_FAST8_TYPE__=signed char' -D__INT_FAST8_WIDTH__=8 '-D__INT_LEAST16_FMTd__="hd"' '-D__INT_LEAST16_FMTi__="hi"' -D__INT_LEAST16_MAX__=32767 -D__INT_LEAST16_TYPE__=short -D__INT_LEAST16_WIDTH__=16 '-D__INT_LEAST32_FMTd__="d"' '-D__INT_LEAST32_FMTi__="i"' -D__INT_LEAST32_MAX__=2147483647 -D__INT_LEAST32_TYPE__=int -D__INT_LEAST32_WIDTH__=32 '-D__INT_LEAST64_FMTd__="lld"' '-D__INT_LEAST64_FMTi__="lli"' -D__INT_LEAST64_MAX__=9223372036854775807LL '-D__INT_LEAST64_TYPE__=long long int' -D__INT_LEAST64_WIDTH__=64 '-D__INT_LEAST8_FMTd__="hhd"' '-D__INT_LEAST8_FMTi__="hhi"' -D__INT_LEAST8_MAX__=127 '-D__INT_LEAST8_TYPE__=signed char' -D__INT_LEAST8_WIDTH__=8 -D__INT_MAX__=2147483647 -D__INT_WIDTH__=32 -D__LAHF_SAHF__=1 -D__LDBL_DECIMAL_DIG__=21 -D__LDBL_DENORM_MIN__=3.64519953188247460253e-4951L -D__LDBL_DIG__=18 -D__LDBL_EPSILON__=1.08420217248550443401e-19L -D__LDBL_HAS_DENORM__=1 -D__LDBL_HAS_INFINITY__=1 -D__LDBL_HAS_QUIET_NAN__=1 -D__LDBL_MANT_DIG__=64 -D__LDBL_MAX_10_EXP__=4932 -D__LDBL_MAX_EXP__=16384 -D__LDBL_MAX__=1.18973149535723176502e+4932L '-D__LDBL_MIN_10_EXP__=(-4931)' '-D__LDBL_MIN_EXP__=(-16381)' -D__LDBL_MIN__=3.36210314311209350626e-4932L -D__LITTLE_ENDIAN__=1 -D__LLONG_WIDTH__=64 -D__LONG_LONG_MAX__=9223372036854775807LL -D__LONG_MAX__=9223372036854775807L -D__LONG_WIDTH__=64 -D__LP64__=1 -D__MACH__=1 -D__MMX__=1 -D__NO_INLINE__=1 -D__NO_MATH_ERRNO__=1 -D__NO_MATH_INLINES=1 -D__OBJC_BOOL_IS_BOOL=0 -D__OPENCL_MEMORY_SCOPE_ALL_SVM_DEVICES=3 -D__OPENCL_MEMORY_SCOPE_DEVICE=2 -D__OPENCL_MEMORY_SCOPE_SUB_GROUP=4 -D__OPENCL_MEMORY_SCOPE_WORK_GROUP=1 -D__OPENCL_MEMORY_SCOPE_WORK_ITEM=0 -D__ORDER_BIG_ENDIAN__=4321 -D__ORDER_LITTLE_ENDIAN__=1234 -D__ORDER_PDP_ENDIAN__=3412 -D__PIC__=2 -D__POINTER_WIDTH__=64 -D__PRAGMA_REDEFINE_EXTNAME=1 '-D__PTRDIFF_FMTd__="ld"' '-D__PTRDIFF_FMTi__="li"' -D__PTRDIFF_MAX__=9223372036854775807L '-D__PTRDIFF_TYPE__=long int' -D__PTRDIFF_WIDTH__=64 -D__REGISTER_PREFIX__= -D__SCHAR_MAX__=127 -D__SEG_FS=1 -D__SEG_GS=1 -D__SHRT_MAX__=32767 -D__SHRT_WIDTH__=16 -D__SIG_ATOMIC_MAX__=2147483647 -D__SIG_ATOMIC_WIDTH__=32 -D__SIZEOF_DOUBLE__=8 -D__SIZEOF_FLOAT__=4 -D__SIZEOF_INT128__=16 -D__SIZEOF_INT__=4 -D__SIZEOF_LONG_DOUBLE__=16 -D__SIZEOF_LONG_LONG__=8 -D__SIZEOF_LONG__=8 -D__SIZEOF_POINTER__=8 -D__SIZEOF_PTRDIFF_T__=8 -D__SIZEOF_SHORT__=2 -D__SIZEOF_SIZE_T__=8 -D__SIZEOF_WCHAR_T__=4 -D__SIZEOF_WINT_T__=4 '-D__SIZE_FMTX__="lX"' '-D__SIZE_FMTo__="lo"' '-D__SIZE_FMTu__="lu"' '-D__SIZE_FMTx__="lx"' -D__SIZE_MAX__=18446744073709551615UL '-D__SIZE_TYPE__=long unsigned int' -D__SIZE_WIDTH__=64 -D__SSE2_MATH__=1 -D__SSE2__=1 -D__SSE3__=1 -D__SSE4_1__=1 -D__SSE_MATH__=1 -D__SSE__=1 -D__SSSE3__=1 -D__STDC_NO_THREADS__=1 -D__STDC_UTF_16__=1 -D__STDC_UTF_32__=1 -D__UINT16_C_SUFFIX__= '-D__UINT16_FMTX__="hX"' '-D__UINT16_FMTo__="ho"' '-D__UINT16_FMTu__="hu"' '-D__UINT16_FMTx__="hx"' -D__UINT16_MAX__=65535 '-D__UINT16_TYPE__=unsigned short' -D__UINT32_C_SUFFIX__=U '-D__UINT32_FMTX__="X"' '-D__UINT32_FMTo__="o"' '-D__UINT32_FMTu__="u"' '-D__UINT32_FMTx__="x"' -D__UINT32_MAX__=4294967295U '-D__UINT32_TYPE__=unsigned int' -D__UINT64_C_SUFFIX__=ULL '-D__UINT64_FMTX__="llX"' '-D__UINT64_FMTo__="llo"' '-D__UINT64_FMTu__="llu"' '-D__UINT64_FMTx__="llx"' -D__UINT64_MAX__=18446744073709551615ULL '-D__UINT64_TYPE__=long long unsigned int' -D__UINT8_C_SUFFIX__= '-D__UINT8_FMTX__="hhX"' '-D__UINT8_FMTo__="hho"' '-D__UINT8_FMTu__="hhu"' '-D__UINT8_FMTx__="hhx"' -D__UINT8_MAX__=255 '-D__UINT8_TYPE__=unsigned char' -D__UINTMAX_C_SUFFIX__=UL '-D__UINTMAX_FMTX__="lX"' '-D__UINTMAX_FMTo__="lo"' '-D__UINTMAX_FMTu__="lu"' '-D__UINTMAX_FMTx__="lx"' -D__UINTMAX_MAX__=18446744073709551615UL '-D__UINTMAX_TYPE__=long unsigned int' -D__UINTMAX_WIDTH__=64 '-D__UINTPTR_FMTX__="lX"' '-D__UINTPTR_FMTo__="lo"' '-D__UINTPTR_FMTu__="lu"' '-D__UINTPTR_FMTx__="lx"' -D__UINTPTR_MAX__=18446744073709551615UL '-D__UINTPTR_TYPE__=long unsigned int' -D__UINTPTR_WIDTH__=64 '-D__UINT_FAST16_FMTX__="hX"' '-D__UINT_FAST16_FMTo__="ho"' '-D__UINT_FAST16_FMTu__="hu"' '-D__UINT_FAST16_FMTx__="hx"' -D__UINT_FAST16_MAX__=65535 '-D__UINT_FAST16_TYPE__=unsigned short' '-D__UINT_FAST32_FMTX__="X"' '-D__UINT_FAST32_FMTo__="o"' '-D__UINT_FAST32_FMTu__="u"' '-D__UINT_FAST32_FMTx__="x"' -D__UINT_FAST32_MAX__=4294967295U '-D__UINT_FAST32_TYPE__=unsigned int' '-D__UINT_FAST64_FMTX__="llX"' '-D__UINT_FAST64_FMTo__="llo"' '-D__UINT_FAST64_FMTu__="llu"' '-D__UINT_FAST64_FMTx__="llx"' -D__UINT_FAST64_MAX__=18446744073709551615ULL '-D__UINT_FAST64_TYPE__=long long unsigned int' '-D__UINT_FAST8_FMTX__="hhX"' '-D__UINT_FAST8_FMTo__="hho"' '-D__UINT_FAST8_FMTu__="hhu"' '-D__UINT_FAST8_FMTx__="hhx"' -D__UINT_FAST8_MAX__=255 '-D__UINT_FAST8_TYPE__=unsigned char' '-D__UINT_LEAST16_FMTX__="hX"' '-D__UINT_LEAST16_FMTo__="ho"' '-D__UINT_LEAST16_FMTu__="hu"' '-D__UINT_LEAST16_FMTx__="hx"' -D__UINT_LEAST16_MAX__=65535 '-D__UINT_LEAST16_TYPE__=unsigned short' '-D__UINT_LEAST32_FMTX__="X"' '-D__UINT_LEAST32_FMTo__="o"' '-D__UINT_LEAST32_FMTu__="u"' '-D__UINT_LEAST32_FMTx__="x"' -D__UINT_LEAST32_MAX__=4294967295U '-D__UINT_LEAST32_TYPE__=unsigned int' '-D__UINT_LEAST64_FMTX__="llX"' '-D__UINT_LEAST64_FMTo__="llo"' '-D__UINT_LEAST64_FMTu__="llu"' '-D__UINT_LEAST64_FMTx__="llx"' -D__UINT_LEAST64_MAX__=18446744073709551615ULL '-D__UINT_LEAST64_TYPE__=long long unsigned int' '-D__UINT_LEAST8_FMTX__="hhX"' '-D__UINT_LEAST8_FMTo__="hho"' '-D__UINT_LEAST8_FMTu__="hhu"' '-D__UINT_LEAST8_FMTx__="hhx"' -D__UINT_LEAST8_MAX__=255 '-D__UINT_LEAST8_TYPE__=unsigned char' -D__USER_LABEL_PREFIX__=_ '-D__VERSION__="Apple LLVM 15.0.0 (clang-1500.3.9.4)"' -D__WCHAR_MAX__=2147483647 -D__WCHAR_TYPE__=int -D__WCHAR_WIDTH__=32 -D__WINT_MAX__=2147483647 -D__WINT_TYPE__=int -D__WINT_WIDTH__=32 -D__amd64=1 -D__amd64__=1 -D__apple_build_version__=15000309 '-D__block=__attribute__((__blocks__(byref)))' -D__clang__=1 '-D__clang_literal_encoding__="UTF-8"' -D__clang_major__=15 -D__clang_minor__=0 -D__clang_patchlevel__=0 '-D__clang_version__="15.0.0 (clang-1500.3.9.4)"' '-D__clang_wide_literal_encoding__="UTF-32"' -D__code_model_small__=1 -D__core2=1 -D__core2__=1 -D__llvm__=1 -D__nonnull=_Nonnull -D__null_unspecified=_Null_unspecified -D__nullable=_Nullable -D__pic__=2 '-D__seg_fs=__attribute__((address_space(257)))' '-D__seg_gs=__attribute__((address_space(256)))' -D__strong= -D__tune_core2__=1 -D__unsafe_unretained= '-D__weak=__attribute__((objc_gc(weak)))' -D__x86_64=1 -D__x86_64__=1 '-D__private_extern__=extern __attribute__((visibility("hidden")))' --blocks -D__GCC_HAVE_DWARF2_CFI_ASM=1 -I/usr/local/include -I/Library/Developer/CommandLineTools/usr/lib/clang/15.0.0/include -I/Library/Developer/CommandLineTools/SDKs/MacOSX.sdk/usr/include -I/Library/Developer/CommandLineTools/usr/include -F/Library/Developer/CommandLineTools/SDKs/MacOSX.sdk/System/Library/Frameworks -- CWE121_Stack_Based_Buffer_Overflow__char_type_overrun_memcpy_01.c
[E 16:49:18 77498] CODEQL_EXTRACTOR_CPP_TRAP_CACHING is not set
[E 16:49:18 77498] CODEQL_EXTRACTOR_CPP_OPTION_TRAP_CACHE_WRITE is not set
[E 16:49:18 77498] CODEQL_EXTRACTOR_CPP_OPTION_TRAP_CACHE_DIR is not set
[E 16:49:18 77498] Initialising TRAP cache at path: bf/da5b/5b9b592695f8fe7e0540e7124bcd
[E 16:49:18 77498] Not using TRAP cache
[E 16:49:18 77498] TRAP cache miss
[E 16:49:18 77498] Starting compilation TRAP /Users/sheenie/Desktop/my_cases/taint+buffer_trimmed/cwe121-db/trap/cpp/compilations/3/59440063_0.trap.zst
[E 16:49:18 77498] Archiving /Users/sheenie/Desktop/my_cases/taint+buffer_trimmed/cwe121-db/src/Users/sheenie/Desktop/my_cases/taint+buffer_trimmed/CWE121_Stack_Based_Buffer_Overflow__char_type_overrun_memcpy_01.c
[E 16:49:18 77498] Archiving /Users/sheenie/Desktop/my_cases/taint+buffer_trimmed/cwe121-db/src/Users/sheenie/Desktop/my_cases/taint+buffer_trimmed/std_testcase.h
[E 16:49:18 77498] Archiving /Users/sheenie/Desktop/my_cases/taint+buffer_trimmed/cwe121-db/src/Library/Developer/CommandLineTools/SDKs/MacOSX14.4.sdk/usr/include/stdio.h
[E 16:49:18 77498] Archiving /Users/sheenie/Desktop/my_cases/taint+buffer_trimmed/cwe121-db/src/Library/Developer/CommandLineTools/SDKs/MacOSX14.4.sdk/usr/include/_stdio.h
[E 16:49:18 77498] Archiving /Users/sheenie/Desktop/my_cases/taint+buffer_trimmed/cwe121-db/src/Library/Developer/CommandLineTools/SDKs/MacOSX14.4.sdk/usr/include/sys/cdefs.h
[E 16:49:18 77498] Archiving /Users/sheenie/Desktop/my_cases/taint+buffer_trimmed/cwe121-db/src/Library/Developer/CommandLineTools/SDKs/MacOSX14.4.sdk/usr/include/sys/_symbol_aliasing.h
[E 16:49:18 77498] Archiving /Users/sheenie/Desktop/my_cases/taint+buffer_trimmed/cwe121-db/src/Library/Developer/CommandLineTools/SDKs/MacOSX14.4.sdk/usr/include/sys/_posix_availability.h
[E 16:49:18 77498] Archiving /Users/sheenie/Desktop/my_cases/taint+buffer_trimmed/cwe121-db/src/Library/Developer/CommandLineTools/SDKs/MacOSX14.4.sdk/usr/include/Availability.h
[E 16:49:18 77498] Archiving /Users/sheenie/Desktop/my_cases/taint+buffer_trimmed/cwe121-db/src/Library/Developer/CommandLineTools/SDKs/MacOSX14.4.sdk/usr/include/AvailabilityVersions.h
[E 16:49:18 77498] Archiving /Users/sheenie/Desktop/my_cases/taint+buffer_trimmed/cwe121-db/src/Library/Developer/CommandLineTools/SDKs/MacOSX14.4.sdk/usr/include/AvailabilityInternal.h
[E 16:49:18 77498] Archiving /Users/sheenie/Desktop/my_cases/taint+buffer_trimmed/cwe121-db/src/Library/Developer/CommandLineTools/SDKs/MacOSX14.4.sdk/usr/include/AvailabilityInternalLegacy.h
[E 16:49:18 77498] Archiving /Users/sheenie/Desktop/my_cases/taint+buffer_trimmed/cwe121-db/src/Library/Developer/CommandLineTools/SDKs/MacOSX14.4.sdk/usr/include/_types.h
[E 16:49:18 77498] Archiving /Users/sheenie/Desktop/my_cases/taint+buffer_trimmed/cwe121-db/src/Library/Developer/CommandLineTools/SDKs/MacOSX14.4.sdk/usr/include/sys/_types.h
[E 16:49:18 77498] Archiving /Users/sheenie/Desktop/my_cases/taint+buffer_trimmed/cwe121-db/src/Library/Developer/CommandLineTools/SDKs/MacOSX14.4.sdk/usr/include/machine/_types.h
[E 16:49:18 77498] Archiving /Users/sheenie/Desktop/my_cases/taint+buffer_trimmed/cwe121-db/src/Library/Developer/CommandLineTools/SDKs/MacOSX14.4.sdk/usr/include/i386/_types.h
[E 16:49:18 77498] Archiving /Users/sheenie/Desktop/my_cases/taint+buffer_trimmed/cwe121-db/src/Library/Developer/CommandLineTools/SDKs/MacOSX14.4.sdk/usr/include/sys/_pthread/_pthread_types.h
[E 16:49:18 77498] Archiving /Users/sheenie/Desktop/my_cases/taint+buffer_trimmed/cwe121-db/src/Library/Developer/CommandLineTools/SDKs/MacOSX14.4.sdk/usr/include/sys/_types/_va_list.h
[E 16:49:18 77498] Archiving /Users/sheenie/Desktop/my_cases/taint+buffer_trimmed/cwe121-db/src/Library/Developer/CommandLineTools/SDKs/MacOSX14.4.sdk/usr/include/machine/types.h
[E 16:49:18 77498] Archiving /Users/sheenie/Desktop/my_cases/taint+buffer_trimmed/cwe121-db/src/Library/Developer/CommandLineTools/SDKs/MacOSX14.4.sdk/usr/include/i386/types.h
[E 16:49:18 77498] Archiving /Users/sheenie/Desktop/my_cases/taint+buffer_trimmed/cwe121-db/src/Library/Developer/CommandLineTools/SDKs/MacOSX14.4.sdk/usr/include/sys/_types/_int8_t.h
[E 16:49:18 77498] Archiving /Users/sheenie/Desktop/my_cases/taint+buffer_trimmed/cwe121-db/src/Library/Developer/CommandLineTools/SDKs/MacOSX14.4.sdk/usr/include/sys/_types/_int16_t.h
[E 16:49:18 77498] Archiving /Users/sheenie/Desktop/my_cases/taint+buffer_trimmed/cwe121-db/src/Library/Developer/CommandLineTools/SDKs/MacOSX14.4.sdk/usr/include/sys/_types/_int32_t.h
[E 16:49:18 77498] Archiving /Users/sheenie/Desktop/my_cases/taint+buffer_trimmed/cwe121-db/src/Library/Developer/CommandLineTools/SDKs/MacOSX14.4.sdk/usr/include/sys/_types/_int64_t.h
[E 16:49:18 77498] Archiving /Users/sheenie/Desktop/my_cases/taint+buffer_trimmed/cwe121-db/src/Library/Developer/CommandLineTools/SDKs/MacOSX14.4.sdk/usr/include/sys/_types/_u_int8_t.h
[E 16:49:18 77498] Archiving /Users/sheenie/Desktop/my_cases/taint+buffer_trimmed/cwe121-db/src/Library/Developer/CommandLineTools/SDKs/MacOSX14.4.sdk/usr/include/sys/_types/_u_int16_t.h
[E 16:49:18 77498] Archiving /Users/sheenie/Desktop/my_cases/taint+buffer_trimmed/cwe121-db/src/Library/Developer/CommandLineTools/SDKs/MacOSX14.4.sdk/usr/include/sys/_types/_u_int32_t.h
[E 16:49:18 77498] Archiving /Users/sheenie/Desktop/my_cases/taint+buffer_trimmed/cwe121-db/src/Library/Developer/CommandLineTools/SDKs/MacOSX14.4.sdk/usr/include/sys/_types/_u_int64_t.h
[E 16:49:18 77498] Archiving /Users/sheenie/Desktop/my_cases/taint+buffer_trimmed/cwe121-db/src/Library/Developer/CommandLineTools/SDKs/MacOSX14.4.sdk/usr/include/sys/_types/_intptr_t.h
[E 16:49:18 77498] Already archived /Users/sheenie/Desktop/my_cases/taint+buffer_trimmed/cwe121-db/src/Library/Developer/CommandLineTools/SDKs/MacOSX14.4.sdk/usr/include/machine/types.h
[E 16:49:18 77498] Archiving /Users/sheenie/Desktop/my_cases/taint+buffer_trimmed/cwe121-db/src/Library/Developer/CommandLineTools/SDKs/MacOSX14.4.sdk/usr/include/sys/_types/_uintptr_t.h
[E 16:49:18 77498] Archiving /Users/sheenie/Desktop/my_cases/taint+buffer_trimmed/cwe121-db/src/Library/Developer/CommandLineTools/SDKs/MacOSX14.4.sdk/usr/include/sys/_types/_size_t.h
[E 16:49:18 77498] Archiving /Users/sheenie/Desktop/my_cases/taint+buffer_trimmed/cwe121-db/src/Library/Developer/CommandLineTools/SDKs/MacOSX14.4.sdk/usr/include/sys/_types/_null.h
[E 16:49:18 77498] Archiving /Users/sheenie/Desktop/my_cases/taint+buffer_trimmed/cwe121-db/src/Library/Developer/CommandLineTools/SDKs/MacOSX14.4.sdk/usr/include/sys/stdio.h
[E 16:49:18 77498] Archiving /Users/sheenie/Desktop/my_cases/taint+buffer_trimmed/cwe121-db/src/Library/Developer/CommandLineTools/SDKs/MacOSX14.4.sdk/usr/include/sys/_types/_seek_set.h
[E 16:49:18 77498] Archiving /Users/sheenie/Desktop/my_cases/taint+buffer_trimmed/cwe121-db/src/Library/Developer/CommandLineTools/SDKs/MacOSX14.4.sdk/usr/include/_ctermid.h
[E 16:49:18 77498] Archiving /Users/sheenie/Desktop/my_cases/taint+buffer_trimmed/cwe121-db/src/Library/Developer/CommandLineTools/SDKs/MacOSX14.4.sdk/usr/include/sys/_types/_off_t.h
[E 16:49:18 77498] Archiving /Users/sheenie/Desktop/my_cases/taint+buffer_trimmed/cwe121-db/src/Library/Developer/CommandLineTools/SDKs/MacOSX14.4.sdk/usr/include/sys/_types/_ssize_t.h
[E 16:49:18 77498] Archiving /Users/sheenie/Desktop/my_cases/taint+buffer_trimmed/cwe121-db/src/Library/Developer/CommandLineTools/SDKs/MacOSX14.4.sdk/usr/include/secure/_stdio.h
[E 16:49:18 77498] Archiving /Users/sheenie/Desktop/my_cases/taint+buffer_trimmed/cwe121-db/src/Library/Developer/CommandLineTools/SDKs/MacOSX14.4.sdk/usr/include/secure/_common.h
[E 16:49:18 77498] Archiving /Users/sheenie/Desktop/my_cases/taint+buffer_trimmed/cwe121-db/src/Library/Developer/CommandLineTools/SDKs/MacOSX14.4.sdk/usr/include/stdlib.h
[E 16:49:18 77498] Archiving /Users/sheenie/Desktop/my_cases/taint+buffer_trimmed/cwe121-db/src/Library/Developer/CommandLineTools/SDKs/MacOSX14.4.sdk/usr/include/sys/wait.h
[E 16:49:18 77498] Archiving /Users/sheenie/Desktop/my_cases/taint+buffer_trimmed/cwe121-db/src/Library/Developer/CommandLineTools/SDKs/MacOSX14.4.sdk/usr/include/sys/_types/_pid_t.h
[E 16:49:18 77498] Archiving /Users/sheenie/Desktop/my_cases/taint+buffer_trimmed/cwe121-db/src/Library/Developer/CommandLineTools/SDKs/MacOSX14.4.sdk/usr/include/sys/_types/_id_t.h
[E 16:49:18 77498] Archiving /Users/sheenie/Desktop/my_cases/taint+buffer_trimmed/cwe121-db/src/Library/Developer/CommandLineTools/SDKs/MacOSX14.4.sdk/usr/include/sys/signal.h
[E 16:49:18 77498] Archiving /Users/sheenie/Desktop/my_cases/taint+buffer_trimmed/cwe121-db/src/Library/Developer/CommandLineTools/SDKs/MacOSX14.4.sdk/usr/include/sys/appleapiopts.h
[E 16:49:18 77498] Archiving /Users/sheenie/Desktop/my_cases/taint+buffer_trimmed/cwe121-db/src/Library/Developer/CommandLineTools/SDKs/MacOSX14.4.sdk/usr/include/machine/signal.h
[E 16:49:18 77498] Archiving /Users/sheenie/Desktop/my_cases/taint+buffer_trimmed/cwe121-db/src/Library/Developer/CommandLineTools/SDKs/MacOSX14.4.sdk/usr/include/i386/signal.h
[E 16:49:18 77498] Archiving /Users/sheenie/Desktop/my_cases/taint+buffer_trimmed/cwe121-db/src/Library/Developer/CommandLineTools/SDKs/MacOSX14.4.sdk/usr/include/machine/_mcontext.h
[E 16:49:18 77498] Archiving /Users/sheenie/Desktop/my_cases/taint+buffer_trimmed/cwe121-db/src/Library/Developer/CommandLineTools/SDKs/MacOSX14.4.sdk/usr/include/i386/_mcontext.h
[E 16:49:18 77498] Archiving /Users/sheenie/Desktop/my_cases/taint+buffer_trimmed/cwe121-db/src/Library/Developer/CommandLineTools/SDKs/MacOSX14.4.sdk/usr/include/mach/machine/_structs.h
[E 16:49:18 77498] Archiving /Users/sheenie/Desktop/my_cases/taint+buffer_trimmed/cwe121-db/src/Library/Developer/CommandLineTools/SDKs/MacOSX14.4.sdk/usr/include/mach/i386/_structs.h
[E 16:49:18 77498] Archiving /Users/sheenie/Desktop/my_cases/taint+buffer_trimmed/cwe121-db/src/Library/Developer/CommandLineTools/SDKs/MacOSX14.4.sdk/usr/include/sys/_pthread/_pthread_attr_t.h
[E 16:49:18 77498] Archiving /Users/sheenie/Desktop/my_cases/taint+buffer_trimmed/cwe121-db/src/Library/Developer/CommandLineTools/SDKs/MacOSX14.4.sdk/usr/include/sys/_types/_sigaltstack.h
[E 16:49:18 77498] Archiving /Users/sheenie/Desktop/my_cases/taint+buffer_trimmed/cwe121-db/src/Library/Developer/CommandLineTools/SDKs/MacOSX14.4.sdk/usr/include/sys/_types/_ucontext.h
[E 16:49:18 77498] Archiving /Users/sheenie/Desktop/my_cases/taint+buffer_trimmed/cwe121-db/src/Library/Developer/CommandLineTools/SDKs/MacOSX14.4.sdk/usr/include/sys/_types/_sigset_t.h
[E 16:49:18 77498] Archiving /Users/sheenie/Desktop/my_cases/taint+buffer_trimmed/cwe121-db/src/Library/Developer/CommandLineTools/SDKs/MacOSX14.4.sdk/usr/include/sys/_types/_uid_t.h
[E 16:49:18 77498] Archiving /Users/sheenie/Desktop/my_cases/taint+buffer_trimmed/cwe121-db/src/Library/Developer/CommandLineTools/SDKs/MacOSX14.4.sdk/usr/include/sys/resource.h
[E 16:49:18 77498] Archiving /Users/sheenie/Desktop/my_cases/taint+buffer_trimmed/cwe121-db/src/Library/Developer/CommandLineTools/usr/lib/clang/15.0.0/include/stdint.h
[E 16:49:18 77498] Archiving /Users/sheenie/Desktop/my_cases/taint+buffer_trimmed/cwe121-db/src/Library/Developer/CommandLineTools/SDKs/MacOSX14.4.sdk/usr/include/stdint.h
[E 16:49:18 77498] Archiving /Users/sheenie/Desktop/my_cases/taint+buffer_trimmed/cwe121-db/src/Library/Developer/CommandLineTools/SDKs/MacOSX14.4.sdk/usr/include/_types/_uint8_t.h
[E 16:49:18 77498] Archiving /Users/sheenie/Desktop/my_cases/taint+buffer_trimmed/cwe121-db/src/Library/Developer/CommandLineTools/SDKs/MacOSX14.4.sdk/usr/include/_types/_uint16_t.h
[E 16:49:18 77498] Archiving /Users/sheenie/Desktop/my_cases/taint+buffer_trimmed/cwe121-db/src/Library/Developer/CommandLineTools/SDKs/MacOSX14.4.sdk/usr/include/_types/_uint32_t.h
[E 16:49:18 77498] Archiving /Users/sheenie/Desktop/my_cases/taint+buffer_trimmed/cwe121-db/src/Library/Developer/CommandLineTools/SDKs/MacOSX14.4.sdk/usr/include/_types/_uint64_t.h
[E 16:49:18 77498] Archiving /Users/sheenie/Desktop/my_cases/taint+buffer_trimmed/cwe121-db/src/Library/Developer/CommandLineTools/SDKs/MacOSX14.4.sdk/usr/include/_types/_intmax_t.h
[E 16:49:18 77498] Archiving /Users/sheenie/Desktop/my_cases/taint+buffer_trimmed/cwe121-db/src/Library/Developer/CommandLineTools/SDKs/MacOSX14.4.sdk/usr/include/_types/_uintmax_t.h
[E 16:49:18 77498] Archiving /Users/sheenie/Desktop/my_cases/taint+buffer_trimmed/cwe121-db/src/Library/Developer/CommandLineTools/SDKs/MacOSX14.4.sdk/usr/include/sys/_types/_timeval.h
[E 16:49:18 77498] Archiving /Users/sheenie/Desktop/my_cases/taint+buffer_trimmed/cwe121-db/src/Library/Developer/CommandLineTools/SDKs/MacOSX14.4.sdk/usr/include/machine/endian.h
[E 16:49:18 77498] Archiving /Users/sheenie/Desktop/my_cases/taint+buffer_trimmed/cwe121-db/src/Library/Developer/CommandLineTools/SDKs/MacOSX14.4.sdk/usr/include/i386/endian.h
[E 16:49:18 77498] Archiving /Users/sheenie/Desktop/my_cases/taint+buffer_trimmed/cwe121-db/src/Library/Developer/CommandLineTools/SDKs/MacOSX14.4.sdk/usr/include/sys/_endian.h
[E 16:49:18 77498] Already archived /Users/sheenie/Desktop/my_cases/taint+buffer_trimmed/cwe121-db/src/Library/Developer/CommandLineTools/SDKs/MacOSX14.4.sdk/usr/include/machine/endian.h
[E 16:49:18 77498] Archiving /Users/sheenie/Desktop/my_cases/taint+buffer_trimmed/cwe121-db/src/Library/Developer/CommandLineTools/SDKs/MacOSX14.4.sdk/usr/include/libkern/_OSByteOrder.h
[E 16:49:18 77498] Archiving /Users/sheenie/Desktop/my_cases/taint+buffer_trimmed/cwe121-db/src/Library/Developer/CommandLineTools/SDKs/MacOSX14.4.sdk/usr/include/libkern/i386/_OSByteOrder.h
[E 16:49:18 77498] Archiving /Users/sheenie/Desktop/my_cases/taint+buffer_trimmed/cwe121-db/src/Library/Developer/CommandLineTools/SDKs/MacOSX14.4.sdk/usr/include/alloca.h
[E 16:49:18 77498] Archiving /Users/sheenie/Desktop/my_cases/taint+buffer_trimmed/cwe121-db/src/Library/Developer/CommandLineTools/SDKs/MacOSX14.4.sdk/usr/include/sys/_types/_ct_rune_t.h
[E 16:49:18 77498] Archiving /Users/sheenie/Desktop/my_cases/taint+buffer_trimmed/cwe121-db/src/Library/Developer/CommandLineTools/SDKs/MacOSX14.4.sdk/usr/include/sys/_types/_rune_t.h
[E 16:49:18 77498] Archiving /Users/sheenie/Desktop/my_cases/taint+buffer_trimmed/cwe121-db/src/Library/Developer/CommandLineTools/SDKs/MacOSX14.4.sdk/usr/include/sys/_types/_wchar_t.h
[E 16:49:18 77498] Archiving /Users/sheenie/Desktop/my_cases/taint+buffer_trimmed/cwe121-db/src/Library/Developer/CommandLineTools/SDKs/MacOSX14.4.sdk/usr/include/malloc/_malloc.h
[E 16:49:18 77498] Archiving /Users/sheenie/Desktop/my_cases/taint+buffer_trimmed/cwe121-db/src/Library/Developer/CommandLineTools/SDKs/MacOSX14.4.sdk/usr/include/malloc/_malloc_type.h
[E 16:49:18 77498] Archiving /Users/sheenie/Desktop/my_cases/taint+buffer_trimmed/cwe121-db/src/Library/Developer/CommandLineTools/SDKs/MacOSX14.4.sdk/usr/include/malloc/_ptrcheck.h
[E 16:49:18 77498] Archiving /Users/sheenie/Desktop/my_cases/taint+buffer_trimmed/cwe121-db/src/Library/Developer/CommandLineTools/SDKs/MacOSX14.4.sdk/usr/include/sys/_types/_dev_t.h
[E 16:49:18 77498] Archiving /Users/sheenie/Desktop/my_cases/taint+buffer_trimmed/cwe121-db/src/Library/Developer/CommandLineTools/SDKs/MacOSX14.4.sdk/usr/include/sys/_types/_mode_t.h
[E 16:49:18 77498] Archiving /Users/sheenie/Desktop/my_cases/taint+buffer_trimmed/cwe121-db/src/Library/Developer/CommandLineTools/usr/lib/clang/15.0.0/include/stddef.h
[E 16:49:18 77498] Archiving /Users/sheenie/Desktop/my_cases/taint+buffer_trimmed/cwe121-db/src/Library/Developer/CommandLineTools/usr/lib/clang/15.0.0/include/__stddef_max_align_t.h
[E 16:49:18 77498] Archiving /Users/sheenie/Desktop/my_cases/taint+buffer_trimmed/cwe121-db/src/Library/Developer/CommandLineTools/SDKs/MacOSX14.4.sdk/usr/include/time.h
[E 16:49:18 77498] Archiving /Users/sheenie/Desktop/my_cases/taint+buffer_trimmed/cwe121-db/src/Library/Developer/CommandLineTools/SDKs/MacOSX14.4.sdk/usr/include/sys/_types/_clock_t.h
[E 16:49:18 77498] Archiving /Users/sheenie/Desktop/my_cases/taint+buffer_trimmed/cwe121-db/src/Library/Developer/CommandLineTools/SDKs/MacOSX14.4.sdk/usr/include/sys/_types/_time_t.h
[E 16:49:18 77498] Archiving /Users/sheenie/Desktop/my_cases/taint+buffer_trimmed/cwe121-db/src/Library/Developer/CommandLineTools/SDKs/MacOSX14.4.sdk/usr/include/sys/_types/_timespec.h
[E 16:49:18 77498] Archiving /Users/sheenie/Desktop/my_cases/taint+buffer_trimmed/cwe121-db/src/Library/Developer/CommandLineTools/usr/lib/clang/15.0.0/include/limits.h
[E 16:49:18 77498] Archiving /Users/sheenie/Desktop/my_cases/taint+buffer_trimmed/cwe121-db/src/Library/Developer/CommandLineTools/SDKs/MacOSX14.4.sdk/usr/include/limits.h
[E 16:49:18 77498] Archiving /Users/sheenie/Desktop/my_cases/taint+buffer_trimmed/cwe121-db/src/Library/Developer/CommandLineTools/SDKs/MacOSX14.4.sdk/usr/include/machine/limits.h
[E 16:49:18 77498] Archiving /Users/sheenie/Desktop/my_cases/taint+buffer_trimmed/cwe121-db/src/Library/Developer/CommandLineTools/SDKs/MacOSX14.4.sdk/usr/include/i386/limits.h
[E 16:49:18 77498] Archiving /Users/sheenie/Desktop/my_cases/taint+buffer_trimmed/cwe121-db/src/Library/Developer/CommandLineTools/SDKs/MacOSX14.4.sdk/usr/include/i386/_limits.h
[E 16:49:18 77498] Archiving /Users/sheenie/Desktop/my_cases/taint+buffer_trimmed/cwe121-db/src/Library/Developer/CommandLineTools/SDKs/MacOSX14.4.sdk/usr/include/sys/syslimits.h
[E 16:49:18 77498] Archiving /Users/sheenie/Desktop/my_cases/taint+buffer_trimmed/cwe121-db/src/Library/Developer/CommandLineTools/SDKs/MacOSX14.4.sdk/usr/include/string.h
[E 16:49:18 77498] Archiving /Users/sheenie/Desktop/my_cases/taint+buffer_trimmed/cwe121-db/src/Library/Developer/CommandLineTools/SDKs/MacOSX14.4.sdk/usr/include/sys/_types/_rsize_t.h
[E 16:49:18 77498] Archiving /Users/sheenie/Desktop/my_cases/taint+buffer_trimmed/cwe121-db/src/Library/Developer/CommandLineTools/SDKs/MacOSX14.4.sdk/usr/include/sys/_types/_errno_t.h
[E 16:49:18 77498] Archiving /Users/sheenie/Desktop/my_cases/taint+buffer_trimmed/cwe121-db/src/Library/Developer/CommandLineTools/SDKs/MacOSX14.4.sdk/usr/include/strings.h
[E 16:49:18 77498] Already archived /Users/sheenie/Desktop/my_cases/taint+buffer_trimmed/cwe121-db/src/Library/Developer/CommandLineTools/SDKs/MacOSX14.4.sdk/usr/include/string.h
[E 16:49:18 77498] Archiving /Users/sheenie/Desktop/my_cases/taint+buffer_trimmed/cwe121-db/src/Library/Developer/CommandLineTools/SDKs/MacOSX14.4.sdk/usr/include/secure/_strings.h
[E 16:49:18 77498] Archiving /Users/sheenie/Desktop/my_cases/taint+buffer_trimmed/cwe121-db/src/Library/Developer/CommandLineTools/SDKs/MacOSX14.4.sdk/usr/include/secure/_string.h
[E 16:49:18 77498] Archiving /Users/sheenie/Desktop/my_cases/taint+buffer_trimmed/cwe121-db/src/Library/Developer/CommandLineTools/SDKs/MacOSX14.4.sdk/usr/include/ctype.h
[E 16:49:18 77498] Archiving /Users/sheenie/Desktop/my_cases/taint+buffer_trimmed/cwe121-db/src/Library/Developer/CommandLineTools/SDKs/MacOSX14.4.sdk/usr/include/_ctype.h
[E 16:49:18 77498] Archiving /Users/sheenie/Desktop/my_cases/taint+buffer_trimmed/cwe121-db/src/Library/Developer/CommandLineTools/SDKs/MacOSX14.4.sdk/usr/include/runetype.h
[E 16:49:18 77498] Already archived /Users/sheenie/Desktop/my_cases/taint+buffer_trimmed/cwe121-db/src/Library/Developer/CommandLineTools/SDKs/MacOSX14.4.sdk/usr/include/sys/_types/_wchar_t.h
[E 16:49:18 77498] Archiving /Users/sheenie/Desktop/my_cases/taint+buffer_trimmed/cwe121-db/src/Library/Developer/CommandLineTools/SDKs/MacOSX14.4.sdk/usr/include/sys/_types/_wint_t.h
[E 16:49:18 77498] Archiving /Users/sheenie/Desktop/my_cases/taint+buffer_trimmed/cwe121-db/src/Library/Developer/CommandLineTools/SDKs/MacOSX14.4.sdk/usr/include/fcntl.h
[E 16:49:18 77498] Archiving /Users/sheenie/Desktop/my_cases/taint+buffer_trimmed/cwe121-db/src/Library/Developer/CommandLineTools/SDKs/MacOSX14.4.sdk/usr/include/sys/fcntl.h
[E 16:49:18 77498] Archiving /Users/sheenie/Desktop/my_cases/taint+buffer_trimmed/cwe121-db/src/Library/Developer/CommandLineTools/SDKs/MacOSX14.4.sdk/usr/include/sys/_types/_o_sync.h
[E 16:49:18 77498] Archiving /Users/sheenie/Desktop/my_cases/taint+buffer_trimmed/cwe121-db/src/Library/Developer/CommandLineTools/SDKs/MacOSX14.4.sdk/usr/include/sys/_types/_o_dsync.h
[E 16:49:18 77498] Archiving /Users/sheenie/Desktop/my_cases/taint+buffer_trimmed/cwe121-db/src/Library/Developer/CommandLineTools/SDKs/MacOSX14.4.sdk/usr/include/sys/_types/_s_ifmt.h
[E 16:49:18 77498] Archiving /Users/sheenie/Desktop/my_cases/taint+buffer_trimmed/cwe121-db/src/Library/Developer/CommandLineTools/SDKs/MacOSX14.4.sdk/usr/include/sys/_types/_filesec_t.h
[E 16:49:18 77498] Archiving /Users/sheenie/Desktop/my_cases/taint+buffer_trimmed/cwe121-db/src/Library/Developer/CommandLineTools/SDKs/MacOSX14.4.sdk/usr/include/sys/types.h
[E 16:49:18 77498] Archiving /Users/sheenie/Desktop/my_cases/taint+buffer_trimmed/cwe121-db/src/Library/Developer/CommandLineTools/SDKs/MacOSX14.4.sdk/usr/include/sys/_types/_u_char.h
[E 16:49:18 77498] Archiving /Users/sheenie/Desktop/my_cases/taint+buffer_trimmed/cwe121-db/src/Library/Developer/CommandLineTools/SDKs/MacOSX14.4.sdk/usr/include/sys/_types/_u_short.h
[E 16:49:18 77498] Archiving /Users/sheenie/Desktop/my_cases/taint+buffer_trimmed/cwe121-db/src/Library/Developer/CommandLineTools/SDKs/MacOSX14.4.sdk/usr/include/sys/_types/_u_int.h
[E 16:49:18 77498] Archiving /Users/sheenie/Desktop/my_cases/taint+buffer_trimmed/cwe121-db/src/Library/Developer/CommandLineTools/SDKs/MacOSX14.4.sdk/usr/include/sys/_types/_caddr_t.h
[E 16:49:18 77498] Archiving /Users/sheenie/Desktop/my_cases/taint+buffer_trimmed/cwe121-db/src/Library/Developer/CommandLineTools/SDKs/MacOSX14.4.sdk/usr/include/sys/_types/_blkcnt_t.h
[E 16:49:18 77498] Archiving /Users/sheenie/Desktop/my_cases/taint+buffer_trimmed/cwe121-db/src/Library/Developer/CommandLineTools/SDKs/MacOSX14.4.sdk/usr/include/sys/_types/_blksize_t.h
[E 16:49:18 77498] Archiving /Users/sheenie/Desktop/my_cases/taint+buffer_trimmed/cwe121-db/src/Library/Developer/CommandLineTools/SDKs/MacOSX14.4.sdk/usr/include/sys/_types/_gid_t.h
[E 16:49:18 77498] Archiving /Users/sheenie/Desktop/my_cases/taint+buffer_trimmed/cwe121-db/src/Library/Developer/CommandLineTools/SDKs/MacOSX14.4.sdk/usr/include/sys/_types/_in_addr_t.h
[E 16:49:18 77498] Archiving /Users/sheenie/Desktop/my_cases/taint+buffer_trimmed/cwe121-db/src/Library/Developer/CommandLineTools/SDKs/MacOSX14.4.sdk/usr/include/sys/_types/_in_port_t.h
[E 16:49:18 77498] Archiving /Users/sheenie/Desktop/my_cases/taint+buffer_trimmed/cwe121-db/src/Library/Developer/CommandLineTools/SDKs/MacOSX14.4.sdk/usr/include/sys/_types/_ino_t.h
[E 16:49:18 77498] Archiving /Users/sheenie/Desktop/my_cases/taint+buffer_trimmed/cwe121-db/src/Library/Developer/CommandLineTools/SDKs/MacOSX14.4.sdk/usr/include/sys/_types/_ino64_t.h
[E 16:49:18 77498] Archiving /Users/sheenie/Desktop/my_cases/taint+buffer_trimmed/cwe121-db/src/Library/Developer/CommandLineTools/SDKs/MacOSX14.4.sdk/usr/include/sys/_types/_key_t.h
[E 16:49:18 77498] Archiving /Users/sheenie/Desktop/my_cases/taint+buffer_trimmed/cwe121-db/src/Library/Developer/CommandLineTools/SDKs/MacOSX14.4.sdk/usr/include/sys/_types/_nlink_t.h
[E 16:49:18 77498] Archiving /Users/sheenie/Desktop/my_cases/taint+buffer_trimmed/cwe121-db/src/Library/Developer/CommandLineTools/SDKs/MacOSX14.4.sdk/usr/include/sys/_types/_useconds_t.h
[E 16:49:18 77498] Archiving /Users/sheenie/Desktop/my_cases/taint+buffer_trimmed/cwe121-db/src/Library/Developer/CommandLineTools/SDKs/MacOSX14.4.sdk/usr/include/sys/_types/_suseconds_t.h
[E 16:49:18 77498] Archiving /Users/sheenie/Desktop/my_cases/taint+buffer_trimmed/cwe121-db/src/Library/Developer/CommandLineTools/SDKs/MacOSX14.4.sdk/usr/include/sys/_types/_fd_def.h
[E 16:49:18 77498] Archiving /Users/sheenie/Desktop/my_cases/taint+buffer_trimmed/cwe121-db/src/Library/Developer/CommandLineTools/SDKs/MacOSX14.4.sdk/usr/include/sys/_types/_fd_setsize.h
[E 16:49:18 77498] Archiving /Users/sheenie/Desktop/my_cases/taint+buffer_trimmed/cwe121-db/src/Library/Developer/CommandLineTools/SDKs/MacOSX14.4.sdk/usr/include/sys/_types/_fd_set.h
[E 16:49:18 77498] Archiving /Users/sheenie/Desktop/my_cases/taint+buffer_trimmed/cwe121-db/src/Library/Developer/CommandLineTools/SDKs/MacOSX14.4.sdk/usr/include/sys/_types/_fd_clr.h
[E 16:49:18 77498] Archiving /Users/sheenie/Desktop/my_cases/taint+buffer_trimmed/cwe121-db/src/Library/Developer/CommandLineTools/SDKs/MacOSX14.4.sdk/usr/include/sys/_types/_fd_zero.h
[E 16:49:18 77498] Archiving /Users/sheenie/Desktop/my_cases/taint+buffer_trimmed/cwe121-db/src/Library/Developer/CommandLineTools/SDKs/MacOSX14.4.sdk/usr/include/sys/_types/_fd_isset.h
[E 16:49:18 77498] Archiving /Users/sheenie/Desktop/my_cases/taint+buffer_trimmed/cwe121-db/src/Library/Developer/CommandLineTools/SDKs/MacOSX14.4.sdk/usr/include/sys/_types/_fd_copy.h
[E 16:49:18 77498] Archiving /Users/sheenie/Desktop/my_cases/taint+buffer_trimmed/cwe121-db/src/Library/Developer/CommandLineTools/SDKs/MacOSX14.4.sdk/usr/include/sys/_pthread/_pthread_cond_t.h
[E 16:49:18 77498] Archiving /Users/sheenie/Desktop/my_cases/taint+buffer_trimmed/cwe121-db/src/Library/Developer/CommandLineTools/SDKs/MacOSX14.4.sdk/usr/include/sys/_pthread/_pthread_condattr_t.h
[E 16:49:18 77498] Archiving /Users/sheenie/Desktop/my_cases/taint+buffer_trimmed/cwe121-db/src/Library/Developer/CommandLineTools/SDKs/MacOSX14.4.sdk/usr/include/sys/_pthread/_pthread_mutex_t.h
[E 16:49:18 77498] Archiving /Users/sheenie/Desktop/my_cases/taint+buffer_trimmed/cwe121-db/src/Library/Developer/CommandLineTools/SDKs/MacOSX14.4.sdk/usr/include/sys/_pthread/_pthread_mutexattr_t.h
[E 16:49:18 77498] Archiving /Users/sheenie/Desktop/my_cases/taint+buffer_trimmed/cwe121-db/src/Library/Developer/CommandLineTools/SDKs/MacOSX14.4.sdk/usr/include/sys/_pthread/_pthread_once_t.h
[E 16:49:18 77498] Archiving /Users/sheenie/Desktop/my_cases/taint+buffer_trimmed/cwe121-db/src/Library/Developer/CommandLineTools/SDKs/MacOSX14.4.sdk/usr/include/sys/_pthread/_pthread_rwlock_t.h
[E 16:49:18 77498] Archiving /Users/sheenie/Desktop/my_cases/taint+buffer_trimmed/cwe121-db/src/Library/Developer/CommandLineTools/SDKs/MacOSX14.4.sdk/usr/include/sys/_pthread/_pthread_rwlockattr_t.h
[E 16:49:18 77498] Archiving /Users/sheenie/Desktop/my_cases/taint+buffer_trimmed/cwe121-db/src/Library/Developer/CommandLineTools/SDKs/MacOSX14.4.sdk/usr/include/sys/_pthread/_pthread_t.h
[E 16:49:18 77498] Archiving /Users/sheenie/Desktop/my_cases/taint+buffer_trimmed/cwe121-db/src/Library/Developer/CommandLineTools/SDKs/MacOSX14.4.sdk/usr/include/sys/_pthread/_pthread_key_t.h
[E 16:49:18 77498] Archiving /Users/sheenie/Desktop/my_cases/taint+buffer_trimmed/cwe121-db/src/Library/Developer/CommandLineTools/SDKs/MacOSX14.4.sdk/usr/include/sys/_types/_fsblkcnt_t.h
[E 16:49:18 77498] Archiving /Users/sheenie/Desktop/my_cases/taint+buffer_trimmed/cwe121-db/src/Library/Developer/CommandLineTools/SDKs/MacOSX14.4.sdk/usr/include/sys/_types/_fsfilcnt_t.h
[E 16:49:18 77498] Archiving /Users/sheenie/Desktop/my_cases/taint+buffer_trimmed/cwe121-db/src/Library/Developer/CommandLineTools/SDKs/MacOSX14.4.sdk/usr/include/sys/stat.h
[E 16:49:18 77498] Archiving /Users/sheenie/Desktop/my_cases/taint+buffer_trimmed/cwe121-db/src/Users/sheenie/Desktop/my_cases/taint+buffer_trimmed/std_testcase_io.h
[E 16:49:18 77498] Already archived /Users/sheenie/Desktop/my_cases/taint+buffer_trimmed/cwe121-db/src/Users/sheenie/Desktop/my_cases/taint+buffer_trimmed/std_testcase.h
[E 16:49:18 77498] Archiving /Users/sheenie/Desktop/my_cases/taint+buffer_trimmed/cwe121-db/src/Library/Developer/CommandLineTools/SDKs/MacOSX14.4.sdk/usr/include/wchar.h
[E 16:49:18 77498] Archiving /Users/sheenie/Desktop/my_cases/taint+buffer_trimmed/cwe121-db/src/Library/Developer/CommandLineTools/SDKs/MacOSX14.4.sdk/usr/include/sys/_types/_mbstate_t.h
[E 16:49:18 77498] Already archived /Users/sheenie/Desktop/my_cases/taint+buffer_trimmed/cwe121-db/src/Library/Developer/CommandLineTools/SDKs/MacOSX14.4.sdk/usr/include/sys/_types/_wchar_t.h
[E 16:49:18 77498] Archiving /Users/sheenie/Desktop/my_cases/taint+buffer_trimmed/cwe121-db/src/Library/Developer/CommandLineTools/usr/lib/clang/15.0.0/include/stdarg.h
[E 16:49:18 77498] Archiving /Users/sheenie/Desktop/my_cases/taint+buffer_trimmed/cwe121-db/src/Library/Developer/CommandLineTools/SDKs/MacOSX14.4.sdk/usr/include/_wctype.h
[E 16:49:18 77498] Archiving /Users/sheenie/Desktop/my_cases/taint+buffer_trimmed/cwe121-db/src/Library/Developer/CommandLineTools/SDKs/MacOSX14.4.sdk/usr/include/__wctype.h
[E 16:49:18 77498] Archiving /Users/sheenie/Desktop/my_cases/taint+buffer_trimmed/cwe121-db/src/Library/Developer/CommandLineTools/SDKs/MacOSX14.4.sdk/usr/include/_types/_wctype_t.h
[E 16:49:18 77498] Creating trap tarball /Users/sheenie/Desktop/my_cases/taint+buffer_trimmed/cwe121-db/trap/cpp/tarballs/Users/sheenie/Desktop/my_cases/taint+buffer_trimmed/CWE121_Stack_Based_Buffer_Overflow__char_type_overrun_memcpy_01.c.b4935b0c_0.trap.tar.zst
[E 16:49:18 77498] Emitting trap files for CWE121_Stack_Based_Buffer_Overflow__char_type_overrun_memcpy_01.c
[E 16:49:18 77498] Opening existencedb in /Users/sheenie/Desktop/my_cases/taint+buffer_trimmed/cwe121-db/working/existencedb/db
[E 16:49:18 77498] Wrote 155 files to /Users/sheenie/Desktop/my_cases/taint+buffer_trimmed/cwe121-db/trap/cpp/tarballs/Users/sheenie/Desktop/my_cases/taint+buffer_trimmed/CWE121_Stack_Based_Buffer_Overflow__char_type_overrun_memcpy_01.c.b4935b0c_0.trap.tar.zst
[E 16:49:18 77498] Finished compilation TRAP /Users/sheenie/Desktop/my_cases/taint+buffer_trimmed/cwe121-db/trap/cpp/compilations/3/59440063_0.trap.zst
[E 16:49:18 77498] Marking C compilation as happened.
[E 16:49:18 77498] Setting tag c-compilation-happened
[E 16:49:18 77498] Starting from CODEQL_TRACER_DB_ID 0000000000012EB8_0000000000000001
[E 16:49:18 77498] Locking DB /Users/sheenie/Desktop/my_cases/taint+buffer_trimmed/cwe121-db/working/tags.db
[E 16:49:18 77498] Locked DB /Users/sheenie/Desktop/my_cases/taint+buffer_trimmed/cwe121-db/working/tags.db
[E 16:49:18 77498] Set tag for 0000000000012EB8_0000000000000001
[E 16:49:18 77498] Set tag for 0000000000012E9F_0000000000000002
[E 16:49:18 77498] Set tag for 0000000000012E9F_0000000000000001
[E 16:49:18 77498] Set tag for 0000000000012E99_0000000000000001
[E 16:49:18 77498] Set tag for 0000000000012E94_0000000000000001
[E 16:49:18 77498] Set tag for 0000000000012E85_0000000000000004
[E 16:49:18 77498] Set tag for 0000000000012E85_0000000000000003
[E 16:49:18 77498] Set tag for 0000000000012E85_0000000000000002
[E 16:49:18 77498] Set tag for root
[E 16:49:18 77498] Unlocking DB
[E 16:49:18 77498] Unlocked DB
[E 16:49:18 77498] Extractor exited successfully
[T 16:49:18 77496] Extractor /Users/sheenie/Desktop/codeql/cpp/tools/osx64/extractor terminated with exit code 0.
[T 16:49:18 77550] Attempting to switch stdout/stderr to 4...
[T 16:49:18 77550] Initializing tracer.
[T 16:49:18 77550] Initializing tags.
[T 16:49:18 77550] ID set to 0000000000012EEE_0000000000000001 (parent 0000000000012E9F_0000000000000002)
[E 16:49:18 77550] CodeQL C/C++ Extractor 2.25.4
[E 16:49:18 77550] Current directory: /Users/sheenie/Desktop/my_cases/taint+buffer_trimmed
[E 16:49:18 77550] Command: /Users/sheenie/Desktop/codeql/cpp/tools/osx64/extractor --mimic /library/developer/commandlinetools/usr/bin/clang -c CWE121_Stack_Based_Buffer_Overflow__char_type_overrun_memcpy_01.c
[T 16:49:18 77551] Initializing tracer.
[T 16:49:18 77551] Initializing tags.
[T 16:49:18 77551] ID set to 0000000000012EEF_0000000000000001 (parent 0000000000012EEE_0000000000000001)
[T 16:49:18 77551] ==== Candidate to intercept: /library/developer/commandlinetools/usr/bin/clang (canonical: /Library/Developer/CommandLineTools/usr/bin/clang) ====
[T 16:49:18 77551] Lua: === Intercepted call to /library/developer/commandlinetools/usr/bin/clang ===
[T 16:49:18 77551] Executing the following tracer actions:
[T 16:49:18 77551] Tracer actions:
[T 16:49:18 77551] pre_invocations(0)
[T 16:49:18 77551] post_invocations(1)
[T 16:49:18 77551] invocation: /Users/sheenie/Desktop/codeql/cpp/tools/osx64/extractor, args: [--mimic, /library/developer/commandlinetools/usr/bin/clang, --version]
[T 16:49:18 77551] trace_languages(1): [cpp]
[T 16:49:18 77553] Attempting to switch stdout/stderr to 7...
[T 16:49:18 77553] Initializing tracer.
[T 16:49:18 77553] Initializing tags.
[T 16:49:18 77553] ID set to 0000000000012EF1_0000000000000001 (parent 0000000000012EEF_0000000000000001)
[E 16:49:18 77553] Mimicry classification suppression detected; exiting.
[E 16:49:18 77553] Extractor exited successfully
[T 16:49:18 77551] Extractor /Users/sheenie/Desktop/codeql/cpp/tools/osx64/extractor terminated with exit code 0.
[T 16:49:18 77554] Initializing tracer.
[T 16:49:18 77554] Initializing tags.
[T 16:49:18 77554] ID set to 0000000000012EF2_0000000000000001 (parent 0000000000012EEE_0000000000000001)
[T 16:49:18 77554] ==== Candidate to intercept: /library/developer/commandlinetools/usr/bin/clang (canonical: /Library/Developer/CommandLineTools/usr/bin/clang) ====
[T 16:49:18 77554] Lua: === Intercepted call to /library/developer/commandlinetools/usr/bin/clang ===
[T 16:49:18 77554] Executing the following tracer actions:
[T 16:49:18 77554] Tracer actions:
[T 16:49:18 77554] pre_invocations(0)
[T 16:49:18 77554] post_invocations(1)
[T 16:49:18 77554] invocation: /Users/sheenie/Desktop/codeql/cpp/tools/osx64/extractor, args: [--mimic, /library/developer/commandlinetools/usr/bin/clang, --help]
[T 16:49:18 77554] trace_languages(1): [cpp]
[T 16:49:18 77556] Attempting to switch stdout/stderr to 7...
[T 16:49:18 77556] Initializing tracer.
[T 16:49:18 77556] Initializing tags.
[T 16:49:18 77556] ID set to 0000000000012EF4_0000000000000001 (parent 0000000000012EF2_0000000000000001)
[E 16:49:18 77556] Mimicry classification suppression detected; exiting.
[E 16:49:18 77556] Extractor exited successfully
[T 16:49:18 77554] Extractor /Users/sheenie/Desktop/codeql/cpp/tools/osx64/extractor terminated with exit code 0.
[T 16:49:18 77557] Initializing tracer.
[T 16:49:18 77557] Initializing tags.
[T 16:49:18 77557] ID set to 0000000000012EF5_0000000000000001 (parent 0000000000012EEE_0000000000000001)
[T 16:49:18 77557] ==== Candidate to intercept: /library/developer/commandlinetools/usr/bin/clang (canonical: /Library/Developer/CommandLineTools/usr/bin/clang) ====
[T 16:49:18 77557] Lua: === Intercepted call to /library/developer/commandlinetools/usr/bin/clang ===
[T 16:49:18 77557] Executing the following tracer actions:
[T 16:49:18 77557] Tracer actions:
[T 16:49:18 77557] pre_invocations(0)
[T 16:49:18 77557] post_invocations(1)
[T 16:49:18 77557] invocation: /Users/sheenie/Desktop/codeql/cpp/tools/osx64/extractor, args: [--mimic, /library/developer/commandlinetools/usr/bin/clang, -nostdinc, -o, /Users/sheenie/Desktop/my_cases/taint+buffer_trimmed/cwe121-db/working/tmp//semmle_2_77550_670465.o, -c, /Users/sheenie/Desktop/my_cases/taint+buffer_trimmed/cwe121-db/working/tmp//semmle_1_77550_670424.c]
[T 16:49:18 77557] trace_languages(1): [cpp]
[T 16:49:18 77559] Initializing tracer.
[T 16:49:18 77559] Initializing tags.
[T 16:49:18 77559] ID set to 0000000000012EF7_0000000000000001 (parent 0000000000012EF5_0000000000000001)
[T 16:49:18 77559] ==== Candidate to intercept: /Library/Developer/CommandLineTools/usr/bin/clang (canonical: /Library/Developer/CommandLineTools/usr/bin/clang) ====
[T 16:49:18 77559] Lua: === Intercepted call to /library/developer/commandlinetools/usr/bin/clang ===
[T 16:49:18 77559] Executing the following tracer actions:
[T 16:49:18 77559] Tracer actions:
[T 16:49:18 77559] pre_invocations(0)
[T 16:49:18 77559] post_invocations(1)
[T 16:49:18 77559] invocation: /Users/sheenie/Desktop/codeql/cpp/tools/osx64/extractor, args: [--mimic, /library/developer/commandlinetools/usr/bin/clang, -cc1, -triple, x86_64-apple-macosx14.4.0, -Wundef-prefix=TARGET_OS_, -Wdeprecated-objc-isa-usage, -Werror=deprecated-objc-isa-usage, -Werror=implicit-function-declaration, -emit-obj, -mrelax-all, --mrelax-relocations, -disable-free, -clear-ast-before-backend, -disable-llvm-verifier, -discard-value-names, -main-file-name, semmle_1_77550_670424.c, -mrelocation-model, pic, -pic-level, 2, -mframe-pointer=all, -fno-strict-return, -ffp-contract=on, -fno-rounding-math, -funwind-tables=2, -target-sdk-version=14.4, -fvisibility-inlines-hidden-static-local-var, -target-cpu, penryn, -tune-cpu, generic, -debugger-tuning=lldb, -target-linker-version, 1053.12, -fcoverage-compilation-dir=/Users/sheenie/Desktop/my_cases/taint+buffer_trimmed, -nostdsysteminc, -nobuiltininc, -resource-dir, /Library/Developer/CommandLineTools/usr/lib/clang/15.0.0, -isysroot, /Library/Developer/CommandLineTools/SDKs/MacOSX.sdk, -I/usr/local/include, -Wno-reorder-init-list, -Wno-implicit-int-float-conversion, -Wno-c99-designator, -Wno-final-dtor-non-final-class, -Wno-extra-semi-stmt, -Wno-misleading-indentation, -Wno-quoted-include-in-framework-header, -Wno-implicit-fallthrough, -Wno-enum-enum-conversion, -Wno-enum-float-conversion, -Wno-elaborated-enum-base, -Wno-reserved-identifier, -Wno-gnu-folding-constant, -fdebug-compilation-dir=/Users/sheenie/Desktop/my_cases/taint+buffer_trimmed, -ferror-limit, 19, -stack-protector, 1, -fstack-check, -mdarwin-stkchk-strong-link, -fblocks, -fencode-extended-block-signature, -fregister-global-dtors-with-atexit, -fgnuc-version=4.2.1, -fmax-type-align=16, -fcommon, -clang-vendor-feature=+disableNonDependentMemberExprInCurrentInstantiation, -fno-odr-hash-protocols, -clang-vendor-feature=+enableAggressiveVLAFolding, -clang-vendor-feature=+revert09abecef7bbf, -clang-vendor-feature=+thisNoAlignAttr, -clang-vendor-feature=+thisNoNullAttr, -mllvm, -disable-aligned-alloc-awareness=1, -D__GCC_HAVE_DWARF2_CFI_ASM=1, -o, /Users/sheenie/Desktop/my_cases/taint+buffer_trimmed/cwe121-db/working/tmp//semmle_2_77550_670465.o, -x, c, /Users/sheenie/Desktop/my_cases/taint+buffer_trimmed/cwe121-db/working/tmp//semmle_1_77550_670424.c]
[T 16:49:18 77559] trace_languages(1): [cpp]
[T 16:49:18 77561] Attempting to switch stdout/stderr to 7...
[T 16:49:18 77561] Initializing tracer.
[T 16:49:18 77561] Initializing tags.
[T 16:49:18 77561] ID set to 0000000000012EF9_0000000000000001 (parent 0000000000012EF7_0000000000000001)
[E 16:49:18 77561] Mimicry classification suppression detected; exiting.
[E 16:49:18 77561] Extractor exited successfully
[T 16:49:18 77559] Extractor /Users/sheenie/Desktop/codeql/cpp/tools/osx64/extractor terminated with exit code 0.
[T 16:49:18 77562] Attempting to switch stdout/stderr to 7...
[T 16:49:18 77562] Initializing tracer.
[T 16:49:18 77562] Initializing tags.
[T 16:49:18 77562] ID set to 0000000000012EFA_0000000000000001 (parent 0000000000012EF5_0000000000000001)
[E 16:49:18 77562] Mimicry classification suppression detected; exiting.
[E 16:49:18 77562] Extractor exited successfully
[T 16:49:18 77557] Extractor /Users/sheenie/Desktop/codeql/cpp/tools/osx64/extractor terminated with exit code 0.
[T 16:49:18 77569] Initializing tracer.
[T 16:49:18 77569] Initializing tags.
[T 16:49:18 77569] ID set to 0000000000012F01_0000000000000001 (parent 0000000000012EEE_0000000000000001)
[T 16:49:18 77569] ==== Candidate to intercept: /library/developer/commandlinetools/usr/bin/clang (canonical: /Library/Developer/CommandLineTools/usr/bin/clang) ====
[T 16:49:18 77569] Lua: === Intercepted call to /library/developer/commandlinetools/usr/bin/clang ===
[T 16:49:18 77569] Executing the following tracer actions:
[T 16:49:18 77569] Tracer actions:
[T 16:49:18 77569] pre_invocations(0)
[T 16:49:18 77569] post_invocations(1)
[T 16:49:18 77569] invocation: /Users/sheenie/Desktop/codeql/cpp/tools/osx64/extractor, args: [--mimic, /library/developer/commandlinetools/usr/bin/clang, -nostdinc, -o, /Users/sheenie/Desktop/my_cases/taint+buffer_trimmed/cwe121-db/working/tmp//semmle_4_77550_907185.o, -c, /Users/sheenie/Desktop/my_cases/taint+buffer_trimmed/cwe121-db/working/tmp//semmle_3_77550_907138.c]
[T 16:49:18 77569] trace_languages(1): [cpp]
[T 16:49:19 77573] Initializing tracer.
[T 16:49:19 77573] Initializing tags.
[T 16:49:19 77573] ID set to 0000000000012F05_0000000000000001 (parent 0000000000012F01_0000000000000001)
[T 16:49:19 77573] ==== Candidate to intercept: /Library/Developer/CommandLineTools/usr/bin/clang (canonical: /Library/Developer/CommandLineTools/usr/bin/clang) ====
[T 16:49:19 77573] Lua: === Intercepted call to /library/developer/commandlinetools/usr/bin/clang ===
[T 16:49:19 77573] Executing the following tracer actions:
[T 16:49:19 77573] Tracer actions:
[T 16:49:19 77573] pre_invocations(0)
[T 16:49:19 77573] post_invocations(1)
[T 16:49:19 77573] invocation: /Users/sheenie/Desktop/codeql/cpp/tools/osx64/extractor, args: [--mimic, /library/developer/commandlinetools/usr/bin/clang, -cc1, -triple, x86_64-apple-macosx14.4.0, -Wundef-prefix=TARGET_OS_, -Wdeprecated-objc-isa-usage, -Werror=deprecated-objc-isa-usage, -Werror=implicit-function-declaration, -emit-obj, -mrelax-all, --mrelax-relocations, -disable-free, -clear-ast-before-backend, -disable-llvm-verifier, -discard-value-names, -main-file-name, semmle_3_77550_907138.c, -mrelocation-model, pic, -pic-level, 2, -mframe-pointer=all, -fno-strict-return, -ffp-contract=on, -fno-rounding-math, -funwind-tables=2, -target-sdk-version=14.4, -fvisibility-inlines-hidden-static-local-var, -target-cpu, penryn, -tune-cpu, generic, -debugger-tuning=lldb, -target-linker-version, 1053.12, -fcoverage-compilation-dir=/Users/sheenie/Desktop/my_cases/taint+buffer_trimmed, -nostdsysteminc, -nobuiltininc, -resource-dir, /Library/Developer/CommandLineTools/usr/lib/clang/15.0.0, -isysroot, /Library/Developer/CommandLineTools/SDKs/MacOSX.sdk, -I/usr/local/include, -Wno-reorder-init-list, -Wno-implicit-int-float-conversion, -Wno-c99-designator, -Wno-final-dtor-non-final-class, -Wno-extra-semi-stmt, -Wno-misleading-indentation, -Wno-quoted-include-in-framework-header, -Wno-implicit-fallthrough, -Wno-enum-enum-conversion, -Wno-enum-float-conversion, -Wno-elaborated-enum-base, -Wno-reserved-identifier, -Wno-gnu-folding-constant, -fdebug-compilation-dir=/Users/sheenie/Desktop/my_cases/taint+buffer_trimmed, -ferror-limit, 19, -stack-protector, 1, -fstack-check, -mdarwin-stkchk-strong-link, -fblocks, -fencode-extended-block-signature, -fregister-global-dtors-with-atexit, -fgnuc-version=4.2.1, -fmax-type-align=16, -fcommon, -clang-vendor-feature=+disableNonDependentMemberExprInCurrentInstantiation, -fno-odr-hash-protocols, -clang-vendor-feature=+enableAggressiveVLAFolding, -clang-vendor-feature=+revert09abecef7bbf, -clang-vendor-feature=+thisNoAlignAttr, -clang-vendor-feature=+thisNoNullAttr, -mllvm, -disable-aligned-alloc-awareness=1, -D__GCC_HAVE_DWARF2_CFI_ASM=1, -o, /Users/sheenie/Desktop/my_cases/taint+buffer_trimmed/cwe121-db/working/tmp//semmle_4_77550_907185.o, -x, c, /Users/sheenie/Desktop/my_cases/taint+buffer_trimmed/cwe121-db/working/tmp//semmle_3_77550_907138.c]
[T 16:49:19 77573] trace_languages(1): [cpp]
[T 16:49:19 77575] Attempting to switch stdout/stderr to 7...
[T 16:49:19 77575] Initializing tracer.
[T 16:49:19 77575] Initializing tags.
[T 16:49:19 77575] ID set to 0000000000012F07_0000000000000001 (parent 0000000000012F05_0000000000000001)
[E 16:49:19 77575] Mimicry classification suppression detected; exiting.
[E 16:49:19 77575] Extractor exited successfully
[T 16:49:19 77573] Extractor /Users/sheenie/Desktop/codeql/cpp/tools/osx64/extractor terminated with exit code 0.
[T 16:49:19 77576] Attempting to switch stdout/stderr to 7...
[T 16:49:19 77576] Initializing tracer.
[T 16:49:19 77576] Initializing tags.
[T 16:49:19 77576] ID set to 0000000000012F08_0000000000000001 (parent 0000000000012F01_0000000000000001)
[E 16:49:19 77576] Mimicry classification suppression detected; exiting.
[E 16:49:19 77576] Extractor exited successfully
[T 16:49:19 77569] Extractor /Users/sheenie/Desktop/codeql/cpp/tools/osx64/extractor terminated with exit code 0.
[E 16:49:19 77550] Checking whether C compilation already happened.
[E 16:49:19 77550] Checking for tag c-compilation-happened
[E 16:49:19 77550] Checking CODEQL_TRACER_DB_ID 0000000000012E9F_0000000000000002
[E 16:49:19 77550] Locking DB /Users/sheenie/Desktop/my_cases/taint+buffer_trimmed/cwe121-db/working/tags.db
[E 16:49:19 77550] Locked DB /Users/sheenie/Desktop/my_cases/taint+buffer_trimmed/cwe121-db/working/tags.db
[E 16:49:19 77550] Unlocking DB
[E 16:49:19 77550] Unlocked DB
[E 16:49:19 77550] Exiting as C compilation already happened.
[T 16:49:19 77471] Extractor /Users/sheenie/Desktop/codeql/cpp/tools/osx64/extractor terminated with exit code 0.
[T 16:49:19 77577] Attempting to switch stdout/stderr to 4...
[T 16:49:19 77577] Initializing tracer.
[T 16:49:19 77577] Initializing tags.
[T 16:49:19 77577] ID set to 0000000000012F09_0000000000000001 (parent 0000000000012E99_0000000000000001)
[E 16:49:19 77577] CodeQL C/C++ Extractor 2.25.4
[E 16:49:19 77577] Current directory: /Users/sheenie/Desktop/my_cases/taint+buffer_trimmed
[E 16:49:19 77577] Command: /Users/sheenie/Desktop/codeql/cpp/tools/osx64/extractor --mimic /library/developer/commandlinetools/usr/bin/gcc -c CWE121_Stack_Based_Buffer_Overflow__char_type_overrun_memcpy_01.c
[T 16:49:19 77578] Initializing tracer.
[T 16:49:19 77578] Initializing tags.
[T 16:49:19 77578] ID set to 0000000000012F0A_0000000000000001 (parent 0000000000012F09_0000000000000001)
[T 16:49:19 77578] ==== Candidate to intercept: /library/developer/commandlinetools/usr/bin/gcc (canonical: /Library/Developer/CommandLineTools/usr/bin/gcc) ====
[T 16:49:19 77578] Lua: === Intercepted call to /library/developer/commandlinetools/usr/bin/gcc ===
[T 16:49:19 77578] Executing the following tracer actions:
[T 16:49:19 77578] Tracer actions:
[T 16:49:19 77578] pre_invocations(0)
[T 16:49:19 77578] post_invocations(1)
[T 16:49:19 77578] invocation: /Users/sheenie/Desktop/codeql/cpp/tools/osx64/extractor, args: [--mimic, /library/developer/commandlinetools/usr/bin/gcc, --version]
[T 16:49:19 77578] trace_languages(1): [cpp]
[T 16:49:19 77579] Initializing tracer.
[T 16:49:19 77579] Initializing tags.
[T 16:49:19 77579] ID set to 0000000000012F0B_0000000000000001 (parent 0000000000012F0A_0000000000000001)
[T 16:49:19 77579] ==== Candidate to intercept: /usr/bin/xcrun (canonical: /usr/bin/xcrun) ====
[T 16:49:19 77579] Executing the following tracer actions:
[T 16:49:19 77579] Tracer actions:
[T 16:49:19 77579] pre_invocations(0)
[T 16:49:19 77579] post_invocations(0)
[T 16:49:19 77579] trace_languages(1): [cpp]
[T 16:49:19 77579] Initializing tracer.
[T 16:49:19 77579] Initializing tags.
[T 16:49:19 77579] ID set to 0000000000012F0B_0000000000000002 (parent 0000000000012F0B_0000000000000001)
[T 16:49:19 77579] ==== Candidate to intercept: /Library/Developer/CommandLineTools/usr/bin/clang (canonical: /Library/Developer/CommandLineTools/usr/bin/clang) ====
[T 16:49:19 77579] Lua: === Intercepted call to /library/developer/commandlinetools/usr/bin/clang ===
[T 16:49:19 77579] Executing the following tracer actions:
[T 16:49:19 77579] Tracer actions:
[T 16:49:19 77579] pre_invocations(0)
[T 16:49:19 77579] post_invocations(1)
[T 16:49:19 77579] invocation: /Users/sheenie/Desktop/codeql/cpp/tools/osx64/extractor, args: [--mimic, /library/developer/commandlinetools/usr/bin/clang, --version]
[T 16:49:19 77579] trace_languages(1): [cpp]
[T 16:49:19 77581] Attempting to switch stdout/stderr to 7...
[T 16:49:19 77581] Initializing tracer.
[T 16:49:19 77581] Initializing tags.
[T 16:49:19 77581] ID set to 0000000000012F0D_0000000000000001 (parent 0000000000012F0B_0000000000000002)
[E 16:49:19 77581] Mimicry classification suppression detected; exiting.
[E 16:49:19 77581] Extractor exited successfully
[T 16:49:19 77579] Extractor /Users/sheenie/Desktop/codeql/cpp/tools/osx64/extractor terminated with exit code 0.
[T 16:49:19 77582] Attempting to switch stdout/stderr to 7...
[T 16:49:19 77582] Initializing tracer.
[T 16:49:19 77582] Initializing tags.
[T 16:49:19 77582] ID set to 0000000000012F0E_0000000000000001 (parent 0000000000012F0A_0000000000000001)
[E 16:49:19 77582] Mimicry classification suppression detected; exiting.
[E 16:49:19 77582] Extractor exited successfully
[T 16:49:19 77578] Extractor /Users/sheenie/Desktop/codeql/cpp/tools/osx64/extractor terminated with exit code 0.
[T 16:49:19 77584] Initializing tracer.
[T 16:49:19 77584] Initializing tags.
[T 16:49:19 77584] ID set to 0000000000012F10_0000000000000001 (parent 0000000000012F09_0000000000000001)
[T 16:49:19 77584] ==== Candidate to intercept: /library/developer/commandlinetools/usr/bin/gcc (canonical: /Library/Developer/CommandLineTools/usr/bin/gcc) ====
[T 16:49:19 77584] Lua: === Intercepted call to /library/developer/commandlinetools/usr/bin/gcc ===
[T 16:49:19 77584] Executing the following tracer actions:
[T 16:49:19 77584] Tracer actions:
[T 16:49:19 77584] pre_invocations(0)
[T 16:49:19 77584] post_invocations(1)
[T 16:49:19 77584] invocation: /Users/sheenie/Desktop/codeql/cpp/tools/osx64/extractor, args: [--mimic, /library/developer/commandlinetools/usr/bin/gcc, --help]
[T 16:49:19 77584] trace_languages(1): [cpp]
[T 16:49:19 77585] Initializing tracer.
[T 16:49:19 77585] Initializing tags.
[T 16:49:19 77585] ID set to 0000000000012F11_0000000000000001 (parent 0000000000012F10_0000000000000001)
[T 16:49:19 77585] ==== Candidate to intercept: /usr/bin/xcrun (canonical: /usr/bin/xcrun) ====
[T 16:49:19 77585] Executing the following tracer actions:
[T 16:49:19 77585] Tracer actions:
[T 16:49:19 77585] pre_invocations(0)
[T 16:49:19 77585] post_invocations(0)
[T 16:49:19 77585] trace_languages(1): [cpp]
[T 16:49:19 77585] Initializing tracer.
[T 16:49:19 77585] Initializing tags.
[T 16:49:19 77585] ID set to 0000000000012F11_0000000000000002 (parent 0000000000012F11_0000000000000001)
[T 16:49:19 77585] ==== Candidate to intercept: /Library/Developer/CommandLineTools/usr/bin/clang (canonical: /Library/Developer/CommandLineTools/usr/bin/clang) ====
[T 16:49:19 77585] Lua: === Intercepted call to /library/developer/commandlinetools/usr/bin/clang ===
[T 16:49:19 77585] Executing the following tracer actions:
[T 16:49:19 77585] Tracer actions:
[T 16:49:19 77585] pre_invocations(0)
[T 16:49:19 77585] post_invocations(1)
[T 16:49:19 77585] invocation: /Users/sheenie/Desktop/codeql/cpp/tools/osx64/extractor, args: [--mimic, /library/developer/commandlinetools/usr/bin/clang, --help]
[T 16:49:19 77585] trace_languages(1): [cpp]
[T 16:49:19 77587] Attempting to switch stdout/stderr to 7...
[T 16:49:19 77587] Initializing tracer.
[T 16:49:19 77587] Initializing tags.
[T 16:49:19 77587] ID set to 0000000000012F13_0000000000000001 (parent 0000000000012F11_0000000000000002)
[E 16:49:19 77587] Mimicry classification suppression detected; exiting.
[E 16:49:19 77587] Extractor exited successfully
[T 16:49:19 77585] Extractor /Users/sheenie/Desktop/codeql/cpp/tools/osx64/extractor terminated with exit code 0.
[T 16:49:19 77588] Attempting to switch stdout/stderr to 7...
[T 16:49:19 77588] Initializing tracer.
[T 16:49:19 77588] Initializing tags.
[T 16:49:19 77588] ID set to 0000000000012F14_0000000000000001 (parent 0000000000012F10_0000000000000001)
[E 16:49:19 77588] Mimicry classification suppression detected; exiting.
[E 16:49:19 77588] Extractor exited successfully
[T 16:49:19 77584] Extractor /Users/sheenie/Desktop/codeql/cpp/tools/osx64/extractor terminated with exit code 0.
[T 16:49:19 77589] Initializing tracer.
[T 16:49:19 77589] Initializing tags.
[T 16:49:19 77589] ID set to 0000000000012F15_0000000000000001 (parent 0000000000012F09_0000000000000001)
[T 16:49:19 77589] ==== Candidate to intercept: /library/developer/commandlinetools/usr/bin/gcc (canonical: /Library/Developer/CommandLineTools/usr/bin/gcc) ====
[T 16:49:19 77589] Lua: === Intercepted call to /library/developer/commandlinetools/usr/bin/gcc ===
[T 16:49:19 77589] Executing the following tracer actions:
[T 16:49:19 77589] Tracer actions:
[T 16:49:19 77589] pre_invocations(0)
[T 16:49:19 77589] post_invocations(1)
[T 16:49:19 77589] invocation: /Users/sheenie/Desktop/codeql/cpp/tools/osx64/extractor, args: [--mimic, /library/developer/commandlinetools/usr/bin/gcc, -nostdinc, -o, /Users/sheenie/Desktop/my_cases/taint+buffer_trimmed/cwe121-db/working/tmp//semmle_2_77577_666612.o, -c, /Users/sheenie/Desktop/my_cases/taint+buffer_trimmed/cwe121-db/working/tmp//semmle_1_77577_666547.c]
[T 16:49:19 77589] trace_languages(1): [cpp]
[T 16:49:19 77590] Initializing tracer.
[T 16:49:19 77590] Initializing tags.
[T 16:49:19 77590] ID set to 0000000000012F16_0000000000000001 (parent 0000000000012F15_0000000000000001)
[T 16:49:19 77590] ==== Candidate to intercept: /usr/bin/xcrun (canonical: /usr/bin/xcrun) ====
[T 16:49:19 77590] Executing the following tracer actions:
[T 16:49:19 77590] Tracer actions:
[T 16:49:19 77590] pre_invocations(0)
[T 16:49:19 77590] post_invocations(0)
[T 16:49:19 77590] trace_languages(1): [cpp]
[T 16:49:19 77590] Initializing tracer.
[T 16:49:19 77590] Initializing tags.
[T 16:49:19 77590] ID set to 0000000000012F16_0000000000000002 (parent 0000000000012F16_0000000000000001)
[T 16:49:19 77590] ==== Candidate to intercept: /Library/Developer/CommandLineTools/usr/bin/clang (canonical: /Library/Developer/CommandLineTools/usr/bin/clang) ====
[T 16:49:19 77590] Lua: === Intercepted call to /library/developer/commandlinetools/usr/bin/clang ===
[T 16:49:19 77590] Executing the following tracer actions:
[T 16:49:19 77590] Tracer actions:
[T 16:49:19 77590] pre_invocations(0)
[T 16:49:19 77590] post_invocations(1)
[T 16:49:19 77590] invocation: /Users/sheenie/Desktop/codeql/cpp/tools/osx64/extractor, args: [--mimic, /library/developer/commandlinetools/usr/bin/clang, -nostdinc, -o, /Users/sheenie/Desktop/my_cases/taint+buffer_trimmed/cwe121-db/working/tmp//semmle_2_77577_666612.o, -c, /Users/sheenie/Desktop/my_cases/taint+buffer_trimmed/cwe121-db/working/tmp//semmle_1_77577_666547.c]
[T 16:49:19 77590] trace_languages(1): [cpp]
[T 16:49:19 77592] Initializing tracer.
[T 16:49:19 77592] Initializing tags.
[T 16:49:19 77592] ID set to 0000000000012F18_0000000000000001 (parent 0000000000012F16_0000000000000002)
[T 16:49:19 77592] ==== Candidate to intercept: /Library/Developer/CommandLineTools/usr/bin/clang (canonical: /Library/Developer/CommandLineTools/usr/bin/clang) ====
[T 16:49:19 77592] Lua: === Intercepted call to /library/developer/commandlinetools/usr/bin/clang ===
[T 16:49:19 77592] Executing the following tracer actions:
[T 16:49:19 77592] Tracer actions:
[T 16:49:19 77592] pre_invocations(0)
[T 16:49:19 77592] post_invocations(1)
[T 16:49:19 77592] invocation: /Users/sheenie/Desktop/codeql/cpp/tools/osx64/extractor, args: [--mimic, /library/developer/commandlinetools/usr/bin/clang, -cc1, -triple, x86_64-apple-macosx14.4.0, -Wundef-prefix=TARGET_OS_, -Wdeprecated-objc-isa-usage, -Werror=deprecated-objc-isa-usage, -Werror=implicit-function-declaration, -emit-obj, -mrelax-all, --mrelax-relocations, -disable-free, -clear-ast-before-backend, -disable-llvm-verifier, -discard-value-names, -main-file-name, semmle_1_77577_666547.c, -mrelocation-model, pic, -pic-level, 2, -mframe-pointer=all, -fno-strict-return, -ffp-contract=on, -fno-rounding-math, -funwind-tables=2, -target-sdk-version=14.4, -fvisibility-inlines-hidden-static-local-var, -target-cpu, penryn, -tune-cpu, generic, -debugger-tuning=lldb, -target-linker-version, 1053.12, -fcoverage-compilation-dir=/Users/sheenie/Desktop/my_cases/taint+buffer_trimmed, -nostdsysteminc, -nobuiltininc, -resource-dir, /Library/Developer/CommandLineTools/usr/lib/clang/15.0.0, -isysroot, /Library/Developer/CommandLineTools/SDKs/MacOSX.sdk, -I/usr/local/include, -Wno-reorder-init-list, -Wno-implicit-int-float-conversion, -Wno-c99-designator, -Wno-final-dtor-non-final-class, -Wno-extra-semi-stmt, -Wno-misleading-indentation, -Wno-quoted-include-in-framework-header, -Wno-implicit-fallthrough, -Wno-enum-enum-conversion, -Wno-enum-float-conversion, -Wno-elaborated-enum-base, -Wno-reserved-identifier, -Wno-gnu-folding-constant, -fdebug-compilation-dir=/Users/sheenie/Desktop/my_cases/taint+buffer_trimmed, -ferror-limit, 19, -stack-protector, 1, -fstack-check, -mdarwin-stkchk-strong-link, -fblocks, -fencode-extended-block-signature, -fregister-global-dtors-with-atexit, -fgnuc-version=4.2.1, -fmax-type-align=16, -fcommon, -clang-vendor-feature=+disableNonDependentMemberExprInCurrentInstantiation, -fno-odr-hash-protocols, -clang-vendor-feature=+enableAggressiveVLAFolding, -clang-vendor-feature=+revert09abecef7bbf, -clang-vendor-feature=+thisNoAlignAttr, -clang-vendor-feature=+thisNoNullAttr, -mllvm, -disable-aligned-alloc-awareness=1, -D__GCC_HAVE_DWARF2_CFI_ASM=1, -o, /Users/sheenie/Desktop/my_cases/taint+buffer_trimmed/cwe121-db/working/tmp//semmle_2_77577_666612.o, -x, c, /Users/sheenie/Desktop/my_cases/taint+buffer_trimmed/cwe121-db/working/tmp//semmle_1_77577_666547.c]
[T 16:49:19 77592] trace_languages(1): [cpp]
[T 16:49:19 77594] Attempting to switch stdout/stderr to 7...
[T 16:49:19 77594] Initializing tracer.
[T 16:49:19 77594] Initializing tags.
[T 16:49:19 77594] ID set to 0000000000012F1A_0000000000000001 (parent 0000000000012F18_0000000000000001)
[E 16:49:19 77594] Mimicry classification suppression detected; exiting.
[E 16:49:19 77594] Extractor exited successfully
[T 16:49:19 77592] Extractor /Users/sheenie/Desktop/codeql/cpp/tools/osx64/extractor terminated with exit code 0.
[T 16:49:19 77595] Attempting to switch stdout/stderr to 7...
[T 16:49:19 77595] Initializing tracer.
[T 16:49:19 77595] Initializing tags.
[T 16:49:19 77595] ID set to 0000000000012F1B_0000000000000001 (parent 0000000000012F16_0000000000000002)
[E 16:49:19 77595] Mimicry classification suppression detected; exiting.
[E 16:49:19 77595] Extractor exited successfully
[T 16:49:19 77590] Extractor /Users/sheenie/Desktop/codeql/cpp/tools/osx64/extractor terminated with exit code 0.
[T 16:49:19 77596] Attempting to switch stdout/stderr to 7...
[T 16:49:20 77596] Initializing tracer.
[T 16:49:20 77596] Initializing tags.
[T 16:49:20 77596] ID set to 0000000000012F1C_0000000000000001 (parent 0000000000012F15_0000000000000001)
[E 16:49:20 77596] Mimicry classification suppression detected; exiting.
[E 16:49:20 77596] Extractor exited successfully
[T 16:49:20 77589] Extractor /Users/sheenie/Desktop/codeql/cpp/tools/osx64/extractor terminated with exit code 0.
[T 16:49:20 77597] Initializing tracer.
[T 16:49:20 77597] Initializing tags.
[T 16:49:20 77597] ID set to 0000000000012F1D_0000000000000001 (parent 0000000000012F09_0000000000000001)
[T 16:49:20 77597] ==== Candidate to intercept: /library/developer/commandlinetools/usr/bin/gcc (canonical: /Library/Developer/CommandLineTools/usr/bin/gcc) ====
[T 16:49:20 77597] Lua: === Intercepted call to /library/developer/commandlinetools/usr/bin/gcc ===
[T 16:49:20 77597] Executing the following tracer actions:
[T 16:49:20 77597] Tracer actions:
[T 16:49:20 77597] pre_invocations(0)
[T 16:49:20 77597] post_invocations(1)
[T 16:49:20 77597] invocation: /Users/sheenie/Desktop/codeql/cpp/tools/osx64/extractor, args: [--mimic, /library/developer/commandlinetools/usr/bin/gcc, -nostdinc, -o, /Users/sheenie/Desktop/my_cases/taint+buffer_trimmed/cwe121-db/working/tmp//semmle_4_77577_31878.o, -c, /Users/sheenie/Desktop/my_cases/taint+buffer_trimmed/cwe121-db/working/tmp//semmle_3_77577_31842.c]
[T 16:49:20 77597] trace_languages(1): [cpp]
[T 16:49:20 77598] Initializing tracer.
[T 16:49:20 77598] Initializing tags.
[T 16:49:20 77598] ID set to 0000000000012F1E_0000000000000001 (parent 0000000000012F1D_0000000000000001)
[T 16:49:20 77598] ==== Candidate to intercept: /usr/bin/xcrun (canonical: /usr/bin/xcrun) ====
[T 16:49:20 77598] Executing the following tracer actions:
[T 16:49:20 77598] Tracer actions:
[T 16:49:20 77598] pre_invocations(0)
[T 16:49:20 77598] post_invocations(0)
[T 16:49:20 77598] trace_languages(1): [cpp]
[T 16:49:20 77598] Initializing tracer.
[T 16:49:20 77598] Initializing tags.
[T 16:49:20 77598] ID set to 0000000000012F1E_0000000000000002 (parent 0000000000012F1E_0000000000000001)
[T 16:49:20 77598] ==== Candidate to intercept: /Library/Developer/CommandLineTools/usr/bin/clang (canonical: /Library/Developer/CommandLineTools/usr/bin/clang) ====
[T 16:49:20 77598] Lua: === Intercepted call to /library/developer/commandlinetools/usr/bin/clang ===
[T 16:49:20 77598] Executing the following tracer actions:
[T 16:49:20 77598] Tracer actions:
[T 16:49:20 77598] pre_invocations(0)
[T 16:49:20 77598] post_invocations(1)
[T 16:49:20 77598] invocation: /Users/sheenie/Desktop/codeql/cpp/tools/osx64/extractor, args: [--mimic, /library/developer/commandlinetools/usr/bin/clang, -nostdinc, -o, /Users/sheenie/Desktop/my_cases/taint+buffer_trimmed/cwe121-db/working/tmp//semmle_4_77577_31878.o, -c, /Users/sheenie/Desktop/my_cases/taint+buffer_trimmed/cwe121-db/working/tmp//semmle_3_77577_31842.c]
[T 16:49:20 77598] trace_languages(1): [cpp]
[T 16:49:20 77600] Initializing tracer.
[T 16:49:20 77600] Initializing tags.
[T 16:49:20 77600] ID set to 0000000000012F20_0000000000000001 (parent 0000000000012F1E_0000000000000002)
[T 16:49:20 77600] ==== Candidate to intercept: /Library/Developer/CommandLineTools/usr/bin/clang (canonical: /Library/Developer/CommandLineTools/usr/bin/clang) ====
[T 16:49:20 77600] Lua: === Intercepted call to /library/developer/commandlinetools/usr/bin/clang ===
[T 16:49:20 77600] Executing the following tracer actions:
[T 16:49:20 77600] Tracer actions:
[T 16:49:20 77600] pre_invocations(0)
[T 16:49:20 77600] post_invocations(1)
[T 16:49:20 77600] invocation: /Users/sheenie/Desktop/codeql/cpp/tools/osx64/extractor, args: [--mimic, /library/developer/commandlinetools/usr/bin/clang, -cc1, -triple, x86_64-apple-macosx14.4.0, -Wundef-prefix=TARGET_OS_, -Wdeprecated-objc-isa-usage, -Werror=deprecated-objc-isa-usage, -Werror=implicit-function-declaration, -emit-obj, -mrelax-all, --mrelax-relocations, -disable-free, -clear-ast-before-backend, -disable-llvm-verifier, -discard-value-names, -main-file-name, semmle_3_77577_31842.c, -mrelocation-model, pic, -pic-level, 2, -mframe-pointer=all, -fno-strict-return, -ffp-contract=on, -fno-rounding-math, -funwind-tables=2, -target-sdk-version=14.4, -fvisibility-inlines-hidden-static-local-var, -target-cpu, penryn, -tune-cpu, generic, -debugger-tuning=lldb, -target-linker-version, 1053.12, -fcoverage-compilation-dir=/Users/sheenie/Desktop/my_cases/taint+buffer_trimmed, -nostdsysteminc, -nobuiltininc, -resource-dir, /Library/Developer/CommandLineTools/usr/lib/clang/15.0.0, -isysroot, /Library/Developer/CommandLineTools/SDKs/MacOSX.sdk, -I/usr/local/include, -Wno-reorder-init-list, -Wno-implicit-int-float-conversion, -Wno-c99-designator, -Wno-final-dtor-non-final-class, -Wno-extra-semi-stmt, -Wno-misleading-indentation, -Wno-quoted-include-in-framework-header, -Wno-implicit-fallthrough, -Wno-enum-enum-conversion, -Wno-enum-float-conversion, -Wno-elaborated-enum-base, -Wno-reserved-identifier, -Wno-gnu-folding-constant, -fdebug-compilation-dir=/Users/sheenie/Desktop/my_cases/taint+buffer_trimmed, -ferror-limit, 19, -stack-protector, 1, -fstack-check, -mdarwin-stkchk-strong-link, -fblocks, -fencode-extended-block-signature, -fregister-global-dtors-with-atexit, -fgnuc-version=4.2.1, -fmax-type-align=16, -fcommon, -clang-vendor-feature=+disableNonDependentMemberExprInCurrentInstantiation, -fno-odr-hash-protocols, -clang-vendor-feature=+enableAggressiveVLAFolding, -clang-vendor-feature=+revert09abecef7bbf, -clang-vendor-feature=+thisNoAlignAttr, -clang-vendor-feature=+thisNoNullAttr, -mllvm, -disable-aligned-alloc-awareness=1, -D__GCC_HAVE_DWARF2_CFI_ASM=1, -o, /Users/sheenie/Desktop/my_cases/taint+buffer_trimmed/cwe121-db/working/tmp//semmle_4_77577_31878.o, -x, c, /Users/sheenie/Desktop/my_cases/taint+buffer_trimmed/cwe121-db/working/tmp//semmle_3_77577_31842.c]
[T 16:49:20 77600] trace_languages(1): [cpp]
[T 16:49:20 77602] Attempting to switch stdout/stderr to 7...
[T 16:49:20 77602] Initializing tracer.
[T 16:49:20 77602] Initializing tags.
[T 16:49:20 77602] ID set to 0000000000012F22_0000000000000001 (parent 0000000000012F20_0000000000000001)
[E 16:49:20 77602] Mimicry classification suppression detected; exiting.
[E 16:49:20 77602] Extractor exited successfully
[T 16:49:20 77600] Extractor /Users/sheenie/Desktop/codeql/cpp/tools/osx64/extractor terminated with exit code 0.
[T 16:49:20 77603] Attempting to switch stdout/stderr to 7...
[T 16:49:20 77603] Initializing tracer.
[T 16:49:20 77603] Initializing tags.
[T 16:49:20 77603] ID set to 0000000000012F23_0000000000000001 (parent 0000000000012F1E_0000000000000002)
[E 16:49:20 77603] Mimicry classification suppression detected; exiting.
[E 16:49:20 77603] Extractor exited successfully
[T 16:49:20 77598] Extractor /Users/sheenie/Desktop/codeql/cpp/tools/osx64/extractor terminated with exit code 0.
[T 16:49:20 77604] Attempting to switch stdout/stderr to 7...
[T 16:49:20 77604] Initializing tracer.
[T 16:49:20 77604] Initializing tags.
[T 16:49:20 77604] ID set to 0000000000012F24_0000000000000001 (parent 0000000000012F1D_0000000000000001)
[E 16:49:20 77604] Mimicry classification suppression detected; exiting.
[E 16:49:20 77604] Extractor exited successfully
[T 16:49:20 77597] Extractor /Users/sheenie/Desktop/codeql/cpp/tools/osx64/extractor terminated with exit code 0.
[E 16:49:20 77577] Checking whether C compilation already happened.
[E 16:49:20 77577] Checking for tag c-compilation-happened
[E 16:49:20 77577] Checking CODEQL_TRACER_DB_ID 0000000000012E99_0000000000000001
[E 16:49:20 77577] Locking DB /Users/sheenie/Desktop/my_cases/taint+buffer_trimmed/cwe121-db/working/tags.db
[E 16:49:20 77577] Locked DB /Users/sheenie/Desktop/my_cases/taint+buffer_trimmed/cwe121-db/working/tags.db
[E 16:49:20 77577] Unlocking DB
[E 16:49:20 77577] Unlocked DB
[E 16:49:20 77577] Exiting as C compilation already happened.
[T 16:49:20 77465] Extractor /Users/sheenie/Desktop/codeql/cpp/tools/osx64/extractor terminated with exit code 0.
[T 16:49:20 77605] Attempting to switch stdout/stderr to 4...
[T 16:49:20 77605] Initializing tracer.
[T 16:49:20 77605] Initializing tags.
[T 16:49:20 77605] ID set to 0000000000012F25_0000000000000001 (parent 0000000000012E94_0000000000000001)
[E 16:49:20 77605] CodeQL C/C++ Extractor 2.25.4
[E 16:49:20 77605] Current directory: /Users/sheenie/Desktop/my_cases/taint+buffer_trimmed
[E 16:49:20 77605] Command: /Users/sheenie/Desktop/codeql/cpp/tools/osx64/extractor --mimic /usr/bin/gcc -c CWE121_Stack_Based_Buffer_Overflow__char_type_overrun_memcpy_01.c
[T 16:49:20 77606] Initializing tracer.
[T 16:49:20 77606] Initializing tags.
[T 16:49:20 77606] ID set to 0000000000012F26_0000000000000001 (parent 0000000000012F25_0000000000000001)
[T 16:49:20 77606] ==== Candidate to intercept: /usr/bin/gcc (canonical: /usr/bin/gcc) ====
[T 16:49:20 77606] Lua: === Intercepted call to /usr/bin/gcc ===
[T 16:49:20 77606] Executing the following tracer actions:
[T 16:49:20 77606] Tracer actions:
[T 16:49:20 77606] pre_invocations(0)
[T 16:49:20 77606] post_invocations(1)
[T 16:49:20 77606] invocation: /Users/sheenie/Desktop/codeql/cpp/tools/osx64/extractor, args: [--mimic, /usr/bin/gcc, --version]
[T 16:49:20 77606] trace_languages(1): [cpp]
[T 16:49:20 77607] Initializing tracer.
[T 16:49:20 77607] Initializing tags.
[T 16:49:20 77607] ID set to 0000000000012F27_0000000000000001 (parent 0000000000012F26_0000000000000001)
[T 16:49:20 77607] ==== Candidate to intercept: /Library/Developer/CommandLineTools/usr/bin/gcc (canonical: /Library/Developer/CommandLineTools/usr/bin/gcc) ====
[T 16:49:20 77607] Lua: === Intercepted call to /library/developer/commandlinetools/usr/bin/gcc ===
[T 16:49:20 77607] Executing the following tracer actions:
[T 16:49:20 77607] Tracer actions:
[T 16:49:20 77607] pre_invocations(0)
[T 16:49:20 77607] post_invocations(1)
[T 16:49:20 77607] invocation: /Users/sheenie/Desktop/codeql/cpp/tools/osx64/extractor, args: [--mimic, /library/developer/commandlinetools/usr/bin/gcc, --version]
[T 16:49:20 77607] trace_languages(1): [cpp]
[T 16:49:20 77608] Initializing tracer.
[T 16:49:20 77608] Initializing tags.
[T 16:49:20 77608] ID set to 0000000000012F28_0000000000000001 (parent 0000000000012F27_0000000000000001)
[T 16:49:20 77608] ==== Candidate to intercept: /usr/bin/xcrun (canonical: /usr/bin/xcrun) ====
[T 16:49:20 77608] Executing the following tracer actions:
[T 16:49:20 77608] Tracer actions:
[T 16:49:20 77608] pre_invocations(0)
[T 16:49:20 77608] post_invocations(0)
[T 16:49:20 77608] trace_languages(1): [cpp]
[T 16:49:20 77608] Initializing tracer.
[T 16:49:20 77608] Initializing tags.
[T 16:49:20 77608] ID set to 0000000000012F28_0000000000000002 (parent 0000000000012F28_0000000000000001)
[T 16:49:20 77608] ==== Candidate to intercept: /Library/Developer/CommandLineTools/usr/bin/clang (canonical: /Library/Developer/CommandLineTools/usr/bin/clang) ====
[T 16:49:20 77608] Lua: === Intercepted call to /library/developer/commandlinetools/usr/bin/clang ===
[T 16:49:20 77608] Executing the following tracer actions:
[T 16:49:20 77608] Tracer actions:
[T 16:49:20 77608] pre_invocations(0)
[T 16:49:20 77608] post_invocations(1)
[T 16:49:20 77608] invocation: /Users/sheenie/Desktop/codeql/cpp/tools/osx64/extractor, args: [--mimic, /library/developer/commandlinetools/usr/bin/clang, --version]
[T 16:49:20 77608] trace_languages(1): [cpp]
[T 16:49:20 77610] Attempting to switch stdout/stderr to 7...
[T 16:49:20 77610] Initializing tracer.
[T 16:49:20 77610] Initializing tags.
[T 16:49:20 77610] ID set to 0000000000012F2A_0000000000000001 (parent 0000000000012F28_0000000000000002)
[E 16:49:20 77610] Mimicry classification suppression detected; exiting.
[E 16:49:20 77610] Extractor exited successfully
[T 16:49:20 77608] Extractor /Users/sheenie/Desktop/codeql/cpp/tools/osx64/extractor terminated with exit code 0.
[T 16:49:20 77611] Attempting to switch stdout/stderr to 7...
[T 16:49:20 77611] Initializing tracer.
[T 16:49:20 77611] Initializing tags.
[T 16:49:20 77611] ID set to 0000000000012F2B_0000000000000001 (parent 0000000000012F27_0000000000000001)
[E 16:49:20 77611] Mimicry classification suppression detected; exiting.
[E 16:49:20 77611] Extractor exited successfully
[T 16:49:20 77607] Extractor /Users/sheenie/Desktop/codeql/cpp/tools/osx64/extractor terminated with exit code 0.
[T 16:49:20 77612] Attempting to switch stdout/stderr to 7...
[T 16:49:20 77612] Initializing tracer.
[T 16:49:20 77612] Initializing tags.
[T 16:49:20 77612] ID set to 0000000000012F2C_0000000000000001 (parent 0000000000012F26_0000000000000001)
[E 16:49:20 77612] Mimicry classification suppression detected; exiting.
[E 16:49:20 77612] Extractor exited successfully
[T 16:49:20 77606] Extractor /Users/sheenie/Desktop/codeql/cpp/tools/osx64/extractor terminated with exit code 0.
[T 16:49:20 77613] Initializing tracer.
[T 16:49:20 77613] Initializing tags.
[T 16:49:20 77613] ID set to 0000000000012F2D_0000000000000001 (parent 0000000000012F25_0000000000000001)
[T 16:49:20 77613] ==== Candidate to intercept: /usr/bin/gcc (canonical: /usr/bin/gcc) ====
[T 16:49:20 77613] Lua: === Intercepted call to /usr/bin/gcc ===
[T 16:49:20 77613] Executing the following tracer actions:
[T 16:49:20 77613] Tracer actions:
[T 16:49:20 77613] pre_invocations(0)
[T 16:49:20 77613] post_invocations(1)
[T 16:49:20 77613] invocation: /Users/sheenie/Desktop/codeql/cpp/tools/osx64/extractor, args: [--mimic, /usr/bin/gcc, --help]
[T 16:49:20 77613] trace_languages(1): [cpp]
[T 16:49:20 77614] Initializing tracer.
[T 16:49:20 77614] Initializing tags.
[T 16:49:20 77614] ID set to 0000000000012F2E_0000000000000001 (parent 0000000000012F2D_0000000000000001)
[T 16:49:20 77614] ==== Candidate to intercept: /Library/Developer/CommandLineTools/usr/bin/gcc (canonical: /Library/Developer/CommandLineTools/usr/bin/gcc) ====
[T 16:49:20 77614] Lua: === Intercepted call to /library/developer/commandlinetools/usr/bin/gcc ===
[T 16:49:20 77614] Executing the following tracer actions:
[T 16:49:20 77614] Tracer actions:
[T 16:49:20 77614] pre_invocations(0)
[T 16:49:20 77614] post_invocations(1)
[T 16:49:20 77614] invocation: /Users/sheenie/Desktop/codeql/cpp/tools/osx64/extractor, args: [--mimic, /library/developer/commandlinetools/usr/bin/gcc, --help]
[T 16:49:20 77614] trace_languages(1): [cpp]
[T 16:49:20 77615] Initializing tracer.
[T 16:49:20 77615] Initializing tags.
[T 16:49:20 77615] ID set to 0000000000012F2F_0000000000000001 (parent 0000000000012F2E_0000000000000001)
[T 16:49:20 77615] ==== Candidate to intercept: /usr/bin/xcrun (canonical: /usr/bin/xcrun) ====
[T 16:49:20 77615] Executing the following tracer actions:
[T 16:49:20 77615] Tracer actions:
[T 16:49:20 77615] pre_invocations(0)
[T 16:49:20 77615] post_invocations(0)
[T 16:49:20 77615] trace_languages(1): [cpp]
[T 16:49:20 77615] Initializing tracer.
[T 16:49:20 77615] Initializing tags.
[T 16:49:20 77615] ID set to 0000000000012F2F_0000000000000002 (parent 0000000000012F2F_0000000000000001)
[T 16:49:20 77615] ==== Candidate to intercept: /Library/Developer/CommandLineTools/usr/bin/clang (canonical: /Library/Developer/CommandLineTools/usr/bin/clang) ====
[T 16:49:20 77615] Lua: === Intercepted call to /library/developer/commandlinetools/usr/bin/clang ===
[T 16:49:20 77615] Executing the following tracer actions:
[T 16:49:20 77615] Tracer actions:
[T 16:49:20 77615] pre_invocations(0)
[T 16:49:20 77615] post_invocations(1)
[T 16:49:20 77615] invocation: /Users/sheenie/Desktop/codeql/cpp/tools/osx64/extractor, args: [--mimic, /library/developer/commandlinetools/usr/bin/clang, --help]
[T 16:49:20 77615] trace_languages(1): [cpp]
[T 16:49:20 77617] Attempting to switch stdout/stderr to 7...
[T 16:49:21 77617] Initializing tracer.
[T 16:49:21 77617] Initializing tags.
[T 16:49:21 77617] ID set to 0000000000012F31_0000000000000001 (parent 0000000000012F2F_0000000000000002)
[E 16:49:21 77617] Mimicry classification suppression detected; exiting.
[E 16:49:21 77617] Extractor exited successfully
[T 16:49:21 77615] Extractor /Users/sheenie/Desktop/codeql/cpp/tools/osx64/extractor terminated with exit code 0.
[T 16:49:21 77618] Attempting to switch stdout/stderr to 7...
[T 16:49:21 77618] Initializing tracer.
[T 16:49:21 77618] Initializing tags.
[T 16:49:21 77618] ID set to 0000000000012F32_0000000000000001 (parent 0000000000012F2E_0000000000000001)
[E 16:49:21 77618] Mimicry classification suppression detected; exiting.
[E 16:49:21 77618] Extractor exited successfully
[T 16:49:21 77614] Extractor /Users/sheenie/Desktop/codeql/cpp/tools/osx64/extractor terminated with exit code 0.
[T 16:49:21 77619] Attempting to switch stdout/stderr to 7...
[T 16:49:21 77619] Initializing tracer.
[T 16:49:21 77619] Initializing tags.
[T 16:49:21 77619] ID set to 0000000000012F33_0000000000000001 (parent 0000000000012F2D_0000000000000001)
[E 16:49:21 77619] Mimicry classification suppression detected; exiting.
[E 16:49:21 77619] Extractor exited successfully
[T 16:49:21 77613] Extractor /Users/sheenie/Desktop/codeql/cpp/tools/osx64/extractor terminated with exit code 0.
[T 16:49:21 77620] Initializing tracer.
[T 16:49:21 77620] Initializing tags.
[T 16:49:21 77620] ID set to 0000000000012F34_0000000000000001 (parent 0000000000012F25_0000000000000001)
[T 16:49:21 77620] ==== Candidate to intercept: /usr/bin/gcc (canonical: /usr/bin/gcc) ====
[T 16:49:21 77620] Lua: === Intercepted call to /usr/bin/gcc ===
[T 16:49:21 77620] Executing the following tracer actions:
[T 16:49:21 77620] Tracer actions:
[T 16:49:21 77620] pre_invocations(0)
[T 16:49:21 77620] post_invocations(1)
[T 16:49:21 77620] invocation: /Users/sheenie/Desktop/codeql/cpp/tools/osx64/extractor, args: [--mimic, /usr/bin/gcc, -nostdinc, -o, /Users/sheenie/Desktop/my_cases/taint+buffer_trimmed/cwe121-db/working/tmp//semmle_2_77605_109169.o, -c, /Users/sheenie/Desktop/my_cases/taint+buffer_trimmed/cwe121-db/working/tmp//semmle_1_77605_109129.c]
[T 16:49:21 77620] trace_languages(1): [cpp]
[T 16:49:21 77621] Initializing tracer.
[T 16:49:21 77621] Initializing tags.
[T 16:49:21 77621] ID set to 0000000000012F35_0000000000000001 (parent 0000000000012F34_0000000000000001)
[T 16:49:21 77621] ==== Candidate to intercept: /Library/Developer/CommandLineTools/usr/bin/gcc (canonical: /Library/Developer/CommandLineTools/usr/bin/gcc) ====
[T 16:49:21 77621] Lua: === Intercepted call to /library/developer/commandlinetools/usr/bin/gcc ===
[T 16:49:21 77621] Executing the following tracer actions:
[T 16:49:21 77621] Tracer actions:
[T 16:49:21 77621] pre_invocations(0)
[T 16:49:21 77621] post_invocations(1)
[T 16:49:21 77621] invocation: /Users/sheenie/Desktop/codeql/cpp/tools/osx64/extractor, args: [--mimic, /library/developer/commandlinetools/usr/bin/gcc, -nostdinc, -o, /Users/sheenie/Desktop/my_cases/taint+buffer_trimmed/cwe121-db/working/tmp//semmle_2_77605_109169.o, -c, /Users/sheenie/Desktop/my_cases/taint+buffer_trimmed/cwe121-db/working/tmp//semmle_1_77605_109129.c]
[T 16:49:21 77621] trace_languages(1): [cpp]
[T 16:49:21 77622] Initializing tracer.
[T 16:49:21 77622] Initializing tags.
[T 16:49:21 77622] ID set to 0000000000012F36_0000000000000001 (parent 0000000000012F35_0000000000000001)
[T 16:49:21 77622] ==== Candidate to intercept: /usr/bin/xcrun (canonical: /usr/bin/xcrun) ====
[T 16:49:21 77622] Executing the following tracer actions:
[T 16:49:21 77622] Tracer actions:
[T 16:49:21 77622] pre_invocations(0)
[T 16:49:21 77622] post_invocations(0)
[T 16:49:21 77622] trace_languages(1): [cpp]
[T 16:49:21 77622] Initializing tracer.
[T 16:49:21 77622] Initializing tags.
[T 16:49:21 77622] ID set to 0000000000012F36_0000000000000002 (parent 0000000000012F36_0000000000000001)
[T 16:49:21 77622] ==== Candidate to intercept: /Library/Developer/CommandLineTools/usr/bin/clang (canonical: /Library/Developer/CommandLineTools/usr/bin/clang) ====
[T 16:49:21 77622] Lua: === Intercepted call to /library/developer/commandlinetools/usr/bin/clang ===
[T 16:49:21 77622] Executing the following tracer actions:
[T 16:49:21 77622] Tracer actions:
[T 16:49:21 77622] pre_invocations(0)
[T 16:49:21 77622] post_invocations(1)
[T 16:49:21 77622] invocation: /Users/sheenie/Desktop/codeql/cpp/tools/osx64/extractor, args: [--mimic, /library/developer/commandlinetools/usr/bin/clang, -nostdinc, -o, /Users/sheenie/Desktop/my_cases/taint+buffer_trimmed/cwe121-db/working/tmp//semmle_2_77605_109169.o, -c, /Users/sheenie/Desktop/my_cases/taint+buffer_trimmed/cwe121-db/working/tmp//semmle_1_77605_109129.c]
[T 16:49:21 77622] trace_languages(1): [cpp]
[T 16:49:21 77624] Initializing tracer.
[T 16:49:21 77624] Initializing tags.
[T 16:49:21 77624] ID set to 0000000000012F38_0000000000000001 (parent 0000000000012F36_0000000000000002)
[T 16:49:21 77624] ==== Candidate to intercept: /Library/Developer/CommandLineTools/usr/bin/clang (canonical: /Library/Developer/CommandLineTools/usr/bin/clang) ====
[T 16:49:21 77624] Lua: === Intercepted call to /library/developer/commandlinetools/usr/bin/clang ===
[T 16:49:21 77624] Executing the following tracer actions:
[T 16:49:21 77624] Tracer actions:
[T 16:49:21 77624] pre_invocations(0)
[T 16:49:21 77624] post_invocations(1)
[T 16:49:21 77624] invocation: /Users/sheenie/Desktop/codeql/cpp/tools/osx64/extractor, args: [--mimic, /library/developer/commandlinetools/usr/bin/clang, -cc1, -triple, x86_64-apple-macosx14.4.0, -Wundef-prefix=TARGET_OS_, -Wdeprecated-objc-isa-usage, -Werror=deprecated-objc-isa-usage, -Werror=implicit-function-declaration, -emit-obj, -mrelax-all, --mrelax-relocations, -disable-free, -clear-ast-before-backend, -disable-llvm-verifier, -discard-value-names, -main-file-name, semmle_1_77605_109129.c, -mrelocation-model, pic, -pic-level, 2, -mframe-pointer=all, -fno-strict-return, -ffp-contract=on, -fno-rounding-math, -funwind-tables=2, -target-sdk-version=14.4, -fvisibility-inlines-hidden-static-local-var, -target-cpu, penryn, -tune-cpu, generic, -debugger-tuning=lldb, -target-linker-version, 1053.12, -fcoverage-compilation-dir=/Users/sheenie/Desktop/my_cases/taint+buffer_trimmed, -nostdsysteminc, -nobuiltininc, -resource-dir, /Library/Developer/CommandLineTools/usr/lib/clang/15.0.0, -isysroot, /Library/Developer/CommandLineTools/SDKs/MacOSX.sdk, -Wno-reorder-init-list, -Wno-implicit-int-float-conversion, -Wno-c99-designator, -Wno-final-dtor-non-final-class, -Wno-extra-semi-stmt, -Wno-misleading-indentation, -Wno-quoted-include-in-framework-header, -Wno-implicit-fallthrough, -Wno-enum-enum-conversion, -Wno-enum-float-conversion, -Wno-elaborated-enum-base, -Wno-reserved-identifier, -Wno-gnu-folding-constant, -fdebug-compilation-dir=/Users/sheenie/Desktop/my_cases/taint+buffer_trimmed, -ferror-limit, 19, -stack-protector, 1, -fstack-check, -mdarwin-stkchk-strong-link, -fblocks, -fencode-extended-block-signature, -fregister-global-dtors-with-atexit, -fgnuc-version=4.2.1, -fmax-type-align=16, -fcommon, -clang-vendor-feature=+disableNonDependentMemberExprInCurrentInstantiation, -fno-odr-hash-protocols, -clang-vendor-feature=+enableAggressiveVLAFolding, -clang-vendor-feature=+revert09abecef7bbf, -clang-vendor-feature=+thisNoAlignAttr, -clang-vendor-feature=+thisNoNullAttr, -mllvm, -disable-aligned-alloc-awareness=1, -D__GCC_HAVE_DWARF2_CFI_ASM=1, -o, /Users/sheenie/Desktop/my_cases/taint+buffer_trimmed/cwe121-db/working/tmp//semmle_2_77605_109169.o, -x, c, /Users/sheenie/Desktop/my_cases/taint+buffer_trimmed/cwe121-db/working/tmp//semmle_1_77605_109129.c]
[T 16:49:21 77624] trace_languages(1): [cpp]
[T 16:49:21 77626] Attempting to switch stdout/stderr to 7...
[T 16:49:21 77626] Initializing tracer.
[T 16:49:21 77626] Initializing tags.
[T 16:49:21 77626] ID set to 0000000000012F3A_0000000000000001 (parent 0000000000012F38_0000000000000001)
[E 16:49:21 77626] Mimicry classification suppression detected; exiting.
[E 16:49:21 77626] Extractor exited successfully
[T 16:49:21 77624] Extractor /Users/sheenie/Desktop/codeql/cpp/tools/osx64/extractor terminated with exit code 0.
[T 16:49:21 77627] Attempting to switch stdout/stderr to 7...
[T 16:49:21 77627] Initializing tracer.
[T 16:49:21 77627] Initializing tags.
[T 16:49:21 77627] ID set to 0000000000012F3B_0000000000000001 (parent 0000000000012F36_0000000000000002)
[E 16:49:21 77627] Mimicry classification suppression detected; exiting.
[E 16:49:21 77627] Extractor exited successfully
[T 16:49:21 77622] Extractor /Users/sheenie/Desktop/codeql/cpp/tools/osx64/extractor terminated with exit code 0.
[T 16:49:21 77628] Attempting to switch stdout/stderr to 7...
[T 16:49:21 77628] Initializing tracer.
[T 16:49:21 77628] Initializing tags.
[T 16:49:21 77628] ID set to 0000000000012F3C_0000000000000001 (parent 0000000000012F35_0000000000000001)
[E 16:49:21 77628] Mimicry classification suppression detected; exiting.
[E 16:49:21 77628] Extractor exited successfully
[T 16:49:21 77621] Extractor /Users/sheenie/Desktop/codeql/cpp/tools/osx64/extractor terminated with exit code 0.
[T 16:49:21 77629] Attempting to switch stdout/stderr to 7...
[T 16:49:21 77629] Initializing tracer.
[T 16:49:21 77629] Initializing tags.
[T 16:49:21 77629] ID set to 0000000000012F3D_0000000000000001 (parent 0000000000012F34_0000000000000001)
[E 16:49:21 77629] Mimicry classification suppression detected; exiting.
[E 16:49:21 77629] Extractor exited successfully
[T 16:49:21 77620] Extractor /Users/sheenie/Desktop/codeql/cpp/tools/osx64/extractor terminated with exit code 0.
[T 16:49:21 77630] Initializing tracer.
[T 16:49:21 77630] Initializing tags.
[T 16:49:21 77630] ID set to 0000000000012F3E_0000000000000001 (parent 0000000000012F25_0000000000000001)
[T 16:49:21 77630] ==== Candidate to intercept: /usr/bin/gcc (canonical: /usr/bin/gcc) ====
[T 16:49:21 77630] Lua: === Intercepted call to /usr/bin/gcc ===
[T 16:49:21 77630] Executing the following tracer actions:
[T 16:49:21 77630] Tracer actions:
[T 16:49:21 77630] pre_invocations(0)
[T 16:49:21 77630] post_invocations(1)
[T 16:49:21 77630] invocation: /Users/sheenie/Desktop/codeql/cpp/tools/osx64/extractor, args: [--mimic, /usr/bin/gcc, -nostdinc, -o, /Users/sheenie/Desktop/my_cases/taint+buffer_trimmed/cwe121-db/working/tmp//semmle_4_77605_569170.o, -c, /Users/sheenie/Desktop/my_cases/taint+buffer_trimmed/cwe121-db/working/tmp//semmle_3_77605_569129.c]
[T 16:49:21 77630] trace_languages(1): [cpp]
[T 16:49:21 77631] Initializing tracer.
[T 16:49:21 77631] Initializing tags.
[T 16:49:21 77631] ID set to 0000000000012F3F_0000000000000001 (parent 0000000000012F3E_0000000000000001)
[T 16:49:21 77631] ==== Candidate to intercept: /Library/Developer/CommandLineTools/usr/bin/gcc (canonical: /Library/Developer/CommandLineTools/usr/bin/gcc) ====
[T 16:49:21 77631] Lua: === Intercepted call to /library/developer/commandlinetools/usr/bin/gcc ===
[T 16:49:21 77631] Executing the following tracer actions:
[T 16:49:21 77631] Tracer actions:
[T 16:49:21 77631] pre_invocations(0)
[T 16:49:21 77631] post_invocations(1)
[T 16:49:21 77631] invocation: /Users/sheenie/Desktop/codeql/cpp/tools/osx64/extractor, args: [--mimic, /library/developer/commandlinetools/usr/bin/gcc, -nostdinc, -o, /Users/sheenie/Desktop/my_cases/taint+buffer_trimmed/cwe121-db/working/tmp//semmle_4_77605_569170.o, -c, /Users/sheenie/Desktop/my_cases/taint+buffer_trimmed/cwe121-db/working/tmp//semmle_3_77605_569129.c]
[T 16:49:21 77631] trace_languages(1): [cpp]
[T 16:49:21 77632] Initializing tracer.
[T 16:49:21 77632] Initializing tags.
[T 16:49:21 77632] ID set to 0000000000012F40_0000000000000001 (parent 0000000000012F3F_0000000000000001)
[T 16:49:21 77632] ==== Candidate to intercept: /usr/bin/xcrun (canonical: /usr/bin/xcrun) ====
[T 16:49:21 77632] Executing the following tracer actions:
[T 16:49:21 77632] Tracer actions:
[T 16:49:21 77632] pre_invocations(0)
[T 16:49:21 77632] post_invocations(0)
[T 16:49:21 77632] trace_languages(1): [cpp]
[T 16:49:21 77632] Initializing tracer.
[T 16:49:21 77632] Initializing tags.
[T 16:49:21 77632] ID set to 0000000000012F40_0000000000000002 (parent 0000000000012F40_0000000000000001)
[T 16:49:21 77632] ==== Candidate to intercept: /Library/Developer/CommandLineTools/usr/bin/clang (canonical: /Library/Developer/CommandLineTools/usr/bin/clang) ====
[T 16:49:21 77632] Lua: === Intercepted call to /library/developer/commandlinetools/usr/bin/clang ===
[T 16:49:21 77632] Executing the following tracer actions:
[T 16:49:21 77632] Tracer actions:
[T 16:49:21 77632] pre_invocations(0)
[T 16:49:21 77632] post_invocations(1)
[T 16:49:21 77632] invocation: /Users/sheenie/Desktop/codeql/cpp/tools/osx64/extractor, args: [--mimic, /library/developer/commandlinetools/usr/bin/clang, -nostdinc, -o, /Users/sheenie/Desktop/my_cases/taint+buffer_trimmed/cwe121-db/working/tmp//semmle_4_77605_569170.o, -c, /Users/sheenie/Desktop/my_cases/taint+buffer_trimmed/cwe121-db/working/tmp//semmle_3_77605_569129.c]
[T 16:49:21 77632] trace_languages(1): [cpp]
[T 16:49:21 77634] Initializing tracer.
[T 16:49:21 77634] Initializing tags.
[T 16:49:21 77634] ID set to 0000000000012F42_0000000000000001 (parent 0000000000012F40_0000000000000002)
[T 16:49:21 77634] ==== Candidate to intercept: /Library/Developer/CommandLineTools/usr/bin/clang (canonical: /Library/Developer/CommandLineTools/usr/bin/clang) ====
[T 16:49:21 77634] Lua: === Intercepted call to /library/developer/commandlinetools/usr/bin/clang ===
[T 16:49:21 77634] Executing the following tracer actions:
[T 16:49:21 77634] Tracer actions:
[T 16:49:21 77634] pre_invocations(0)
[T 16:49:21 77634] post_invocations(1)
[T 16:49:21 77634] invocation: /Users/sheenie/Desktop/codeql/cpp/tools/osx64/extractor, args: [--mimic, /library/developer/commandlinetools/usr/bin/clang, -cc1, -triple, x86_64-apple-macosx14.4.0, -Wundef-prefix=TARGET_OS_, -Wdeprecated-objc-isa-usage, -Werror=deprecated-objc-isa-usage, -Werror=implicit-function-declaration, -emit-obj, -mrelax-all, --mrelax-relocations, -disable-free, -clear-ast-before-backend, -disable-llvm-verifier, -discard-value-names, -main-file-name, semmle_3_77605_569129.c, -mrelocation-model, pic, -pic-level, 2, -mframe-pointer=all, -fno-strict-return, -ffp-contract=on, -fno-rounding-math, -funwind-tables=2, -target-sdk-version=14.4, -fvisibility-inlines-hidden-static-local-var, -target-cpu, penryn, -tune-cpu, generic, -debugger-tuning=lldb, -target-linker-version, 1053.12, -fcoverage-compilation-dir=/Users/sheenie/Desktop/my_cases/taint+buffer_trimmed, -nostdsysteminc, -nobuiltininc, -resource-dir, /Library/Developer/CommandLineTools/usr/lib/clang/15.0.0, -isysroot, /Library/Developer/CommandLineTools/SDKs/MacOSX.sdk, -Wno-reorder-init-list, -Wno-implicit-int-float-conversion, -Wno-c99-designator, -Wno-final-dtor-non-final-class, -Wno-extra-semi-stmt, -Wno-misleading-indentation, -Wno-quoted-include-in-framework-header, -Wno-implicit-fallthrough, -Wno-enum-enum-conversion, -Wno-enum-float-conversion, -Wno-elaborated-enum-base, -Wno-reserved-identifier, -Wno-gnu-folding-constant, -fdebug-compilation-dir=/Users/sheenie/Desktop/my_cases/taint+buffer_trimmed, -ferror-limit, 19, -stack-protector, 1, -fstack-check, -mdarwin-stkchk-strong-link, -fblocks, -fencode-extended-block-signature, -fregister-global-dtors-with-atexit, -fgnuc-version=4.2.1, -fmax-type-align=16, -fcommon, -clang-vendor-feature=+disableNonDependentMemberExprInCurrentInstantiation, -fno-odr-hash-protocols, -clang-vendor-feature=+enableAggressiveVLAFolding, -clang-vendor-feature=+revert09abecef7bbf, -clang-vendor-feature=+thisNoAlignAttr, -clang-vendor-feature=+thisNoNullAttr, -mllvm, -disable-aligned-alloc-awareness=1, -D__GCC_HAVE_DWARF2_CFI_ASM=1, -o, /Users/sheenie/Desktop/my_cases/taint+buffer_trimmed/cwe121-db/working/tmp//semmle_4_77605_569170.o, -x, c, /Users/sheenie/Desktop/my_cases/taint+buffer_trimmed/cwe121-db/working/tmp//semmle_3_77605_569129.c]
[T 16:49:21 77634] trace_languages(1): [cpp]
[T 16:49:21 77636] Attempting to switch stdout/stderr to 7...
[T 16:49:21 77636] Initializing tracer.
[T 16:49:21 77636] Initializing tags.
[T 16:49:21 77636] ID set to 0000000000012F44_0000000000000001 (parent 0000000000012F42_0000000000000001)
[E 16:49:21 77636] Mimicry classification suppression detected; exiting.
[E 16:49:21 77636] Extractor exited successfully
[T 16:49:21 77634] Extractor /Users/sheenie/Desktop/codeql/cpp/tools/osx64/extractor terminated with exit code 0.
[T 16:49:21 77637] Attempting to switch stdout/stderr to 7...
[T 16:49:21 77637] Initializing tracer.
[T 16:49:21 77637] Initializing tags.
[T 16:49:21 77637] ID set to 0000000000012F45_0000000000000001 (parent 0000000000012F40_0000000000000002)
[E 16:49:21 77637] Mimicry classification suppression detected; exiting.
[E 16:49:21 77637] Extractor exited successfully
[T 16:49:21 77632] Extractor /Users/sheenie/Desktop/codeql/cpp/tools/osx64/extractor terminated with exit code 0.
[T 16:49:21 77638] Attempting to switch stdout/stderr to 7...
[T 16:49:21 77638] Initializing tracer.
[T 16:49:21 77638] Initializing tags.
[T 16:49:21 77638] ID set to 0000000000012F46_0000000000000001 (parent 0000000000012F3F_0000000000000001)
[E 16:49:21 77638] Mimicry classification suppression detected; exiting.
[E 16:49:21 77638] Extractor exited successfully
[T 16:49:21 77631] Extractor /Users/sheenie/Desktop/codeql/cpp/tools/osx64/extractor terminated with exit code 0.
[T 16:49:21 77639] Attempting to switch stdout/stderr to 7...
[T 16:49:22 77639] Initializing tracer.
[T 16:49:22 77639] Initializing tags.
[T 16:49:22 77639] ID set to 0000000000012F47_0000000000000001 (parent 0000000000012F3E_0000000000000001)
[E 16:49:22 77639] Mimicry classification suppression detected; exiting.
[E 16:49:22 77639] Extractor exited successfully
[T 16:49:22 77630] Extractor /Users/sheenie/Desktop/codeql/cpp/tools/osx64/extractor terminated with exit code 0.
[E 16:49:22 77605] Checking whether C compilation already happened.
[E 16:49:22 77605] Checking for tag c-compilation-happened
[E 16:49:22 77605] Checking CODEQL_TRACER_DB_ID 0000000000012E94_0000000000000001
[E 16:49:22 77605] Locking DB /Users/sheenie/Desktop/my_cases/taint+buffer_trimmed/cwe121-db/working/tags.db
[E 16:49:22 77605] Locked DB /Users/sheenie/Desktop/my_cases/taint+buffer_trimmed/cwe121-db/working/tags.db
[E 16:49:22 77605] Unlocking DB
[E 16:49:22 77605] Unlocked DB
[E 16:49:22 77605] Exiting as C compilation already happened.
[T 16:49:22 77460] Extractor /Users/sheenie/Desktop/codeql/cpp/tools/osx64/extractor terminated with exit code 0.
[T 16:49:22 77640] Initializing tracer.
[T 16:49:22 77640] Initializing tags.
[T 16:49:22 77640] ID set to 0000000000012F48_0000000000000001 (parent 0000000000012E85_0000000000000004)
[T 16:49:22 77640] ==== Candidate to intercept: /usr/bin/gcc (canonical: /usr/bin/gcc) ====
[T 16:49:22 77640] Lua: === Intercepted call to /usr/bin/gcc ===
[T 16:49:22 77640] Executing the following tracer actions:
[T 16:49:22 77640] Tracer actions:
[T 16:49:22 77640] pre_invocations(0)
[T 16:49:22 77640] post_invocations(1)
[T 16:49:22 77640] invocation: /Users/sheenie/Desktop/codeql/cpp/tools/osx64/extractor, args: [--mimic, /usr/bin/gcc, -c, CWE121_Stack_Based_Buffer_Overflow__char_type_overrun_memcpy_02.c]
[T 16:49:22 77640] trace_languages(1): [cpp]
[T 16:49:22 77641] Initializing tracer.
[T 16:49:22 77641] Initializing tags.
[T 16:49:22 77641] ID set to 0000000000012F49_0000000000000001 (parent 0000000000012F48_0000000000000001)
[T 16:49:22 77641] ==== Candidate to intercept: /Library/Developer/CommandLineTools/usr/bin/gcc (canonical: /Library/Developer/CommandLineTools/usr/bin/gcc) ====
[T 16:49:22 77641] Lua: === Intercepted call to /library/developer/commandlinetools/usr/bin/gcc ===
[T 16:49:22 77641] Executing the following tracer actions:
[T 16:49:22 77641] Tracer actions:
[T 16:49:22 77641] pre_invocations(0)
[T 16:49:22 77641] post_invocations(1)
[T 16:49:22 77641] invocation: /Users/sheenie/Desktop/codeql/cpp/tools/osx64/extractor, args: [--mimic, /library/developer/commandlinetools/usr/bin/gcc, -c, CWE121_Stack_Based_Buffer_Overflow__char_type_overrun_memcpy_02.c]
[T 16:49:22 77641] trace_languages(1): [cpp]
[T 16:49:22 77642] Initializing tracer.
[T 16:49:22 77642] Initializing tags.
[T 16:49:22 77642] ID set to 0000000000012F4A_0000000000000001 (parent 0000000000012F49_0000000000000001)
[T 16:49:22 77642] ==== Candidate to intercept: /usr/bin/xcrun (canonical: /usr/bin/xcrun) ====
[T 16:49:22 77642] Executing the following tracer actions:
[T 16:49:22 77642] Tracer actions:
[T 16:49:22 77642] pre_invocations(0)
[T 16:49:22 77642] post_invocations(0)
[T 16:49:22 77642] trace_languages(1): [cpp]
[T 16:49:22 77642] Initializing tracer.
[T 16:49:22 77642] Initializing tags.
[T 16:49:22 77642] ID set to 0000000000012F4A_0000000000000002 (parent 0000000000012F4A_0000000000000001)
[T 16:49:22 77642] ==== Candidate to intercept: /Library/Developer/CommandLineTools/usr/bin/clang (canonical: /Library/Developer/CommandLineTools/usr/bin/clang) ====
[T 16:49:22 77642] Lua: === Intercepted call to /library/developer/commandlinetools/usr/bin/clang ===
[T 16:49:22 77642] Executing the following tracer actions:
[T 16:49:22 77642] Tracer actions:
[T 16:49:22 77642] pre_invocations(0)
[T 16:49:22 77642] post_invocations(1)
[T 16:49:22 77642] invocation: /Users/sheenie/Desktop/codeql/cpp/tools/osx64/extractor, args: [--mimic, /library/developer/commandlinetools/usr/bin/clang, -c, CWE121_Stack_Based_Buffer_Overflow__char_type_overrun_memcpy_02.c]
[T 16:49:22 77642] trace_languages(1): [cpp]
[T 16:49:22 77644] Initializing tracer.
[T 16:49:22 77644] Initializing tags.
[T 16:49:22 77644] ID set to 0000000000012F4C_0000000000000001 (parent 0000000000012F4A_0000000000000002)
[T 16:49:22 77644] ==== Candidate to intercept: /Library/Developer/CommandLineTools/usr/bin/clang (canonical: /Library/Developer/CommandLineTools/usr/bin/clang) ====
[T 16:49:22 77644] Lua: === Intercepted call to /library/developer/commandlinetools/usr/bin/clang ===
[T 16:49:22 77644] Executing the following tracer actions:
[T 16:49:22 77644] Tracer actions:
[T 16:49:22 77644] pre_invocations(0)
[T 16:49:22 77644] post_invocations(1)
[T 16:49:22 77644] invocation: /Users/sheenie/Desktop/codeql/cpp/tools/osx64/extractor, args: [--mimic, /library/developer/commandlinetools/usr/bin/clang, -cc1, -triple, x86_64-apple-macosx14.4.0, -Wundef-prefix=TARGET_OS_, -Wdeprecated-objc-isa-usage, -Werror=deprecated-objc-isa-usage, -Werror=implicit-function-declaration, -emit-obj, -mrelax-all, --mrelax-relocations, -disable-free, -clear-ast-before-backend, -disable-llvm-verifier, -discard-value-names, -main-file-name, CWE121_Stack_Based_Buffer_Overflow__char_type_overrun_memcpy_02.c, -mrelocation-model, pic, -pic-level, 2, -mframe-pointer=all, -fno-strict-return, -ffp-contract=on, -fno-rounding-math, -funwind-tables=2, -target-sdk-version=14.4, -fvisibility-inlines-hidden-static-local-var, -target-cpu, penryn, -tune-cpu, generic, -debugger-tuning=lldb, -target-linker-version, 1053.12, -fcoverage-compilation-dir=/Users/sheenie/Desktop/my_cases/taint+buffer_trimmed, -resource-dir, /Library/Developer/CommandLineTools/usr/lib/clang/15.0.0, -isysroot, /Library/Developer/CommandLineTools/SDKs/MacOSX.sdk, -I/usr/local/include, -internal-isystem, /Library/Developer/CommandLineTools/SDKs/MacOSX.sdk/usr/local/include, -internal-isystem, /Library/Developer/CommandLineTools/usr/lib/clang/15.0.0/include, -internal-externc-isystem, /Library/Developer/CommandLineTools/SDKs/MacOSX.sdk/usr/include, -internal-externc-isystem, /Library/Developer/CommandLineTools/usr/include, -Wno-reorder-init-list, -Wno-implicit-int-float-conversion, -Wno-c99-designator, -Wno-final-dtor-non-final-class, -Wno-extra-semi-stmt, -Wno-misleading-indentation, -Wno-quoted-include-in-framework-header, -Wno-implicit-fallthrough, -Wno-enum-enum-conversion, -Wno-enum-float-conversion, -Wno-elaborated-enum-base, -Wno-reserved-identifier, -Wno-gnu-folding-constant, -fdebug-compilation-dir=/Users/sheenie/Desktop/my_cases/taint+buffer_trimmed, -ferror-limit, 19, -stack-protector, 1, -fstack-check, -mdarwin-stkchk-strong-link, -fblocks, -fencode-extended-block-signature, -fregister-global-dtors-with-atexit, -fgnuc-version=4.2.1, -fmax-type-align=16, -fcommon, -clang-vendor-feature=+disableNonDependentMemberExprInCurrentInstantiation, -fno-odr-hash-protocols, -clang-vendor-feature=+enableAggressiveVLAFolding, -clang-vendor-feature=+revert09abecef7bbf, -clang-vendor-feature=+thisNoAlignAttr, -clang-vendor-feature=+thisNoNullAttr, -mllvm, -disable-aligned-alloc-awareness=1, -D__GCC_HAVE_DWARF2_CFI_ASM=1, -o, CWE121_Stack_Based_Buffer_Overflow__char_type_overrun_memcpy_02.o, -x, c, CWE121_Stack_Based_Buffer_Overflow__char_type_overrun_memcpy_02.c]
[T 16:49:22 77644] trace_languages(1): [cpp]
[T 16:49:22 77646] Attempting to switch stdout/stderr to 4...
[T 16:49:22 77646] Initializing tracer.
[T 16:49:22 77646] Initializing tags.
[T 16:49:22 77646] ID set to 0000000000012F4E_0000000000000001 (parent 0000000000012F4C_0000000000000001)
[E 16:49:22 77646] CodeQL C/C++ Extractor 2.25.4
[E 16:49:22 77646] Current directory: /Users/sheenie/Desktop/my_cases/taint+buffer_trimmed
[E 16:49:22 77646] Command: /Users/sheenie/Desktop/codeql/cpp/tools/osx64/extractor --mimic /library/developer/commandlinetools/usr/bin/clang -cc1 -triple x86_64-apple-macosx14.4.0 -Wundef-prefix=TARGET_OS_ -Wdeprecated-objc-isa-usage -Werror=deprecated-objc-isa-usage -Werror=implicit-function-declaration -emit-obj -mrelax-all --mrelax-relocations -disable-free -clear-ast-before-backend -disable-llvm-verifier -discard-value-names -main-file-name CWE121_Stack_Based_Buffer_Overflow__char_type_overrun_memcpy_02.c -mrelocation-model pic -pic-level 2 -mframe-pointer=all -fno-strict-return -ffp-contract=on -fno-rounding-math -funwind-tables=2 -target-sdk-version=14.4 -fvisibility-inlines-hidden-static-local-var -target-cpu penryn -tune-cpu generic -debugger-tuning=lldb -target-linker-version 1053.12 -fcoverage-compilation-dir=/Users/sheenie/Desktop/my_cases/taint+buffer_trimmed -resource-dir /Library/Developer/CommandLineTools/usr/lib/clang/15.0.0 -isysroot /Library/Developer/CommandLineTools/SDKs/MacOSX.sdk -I/usr/local/include -internal-isystem /Library/Developer/CommandLineTools/SDKs/MacOSX.sdk/usr/local/include -internal-isystem /Library/Developer/CommandLineTools/usr/lib/clang/15.0.0/include -internal-externc-isystem /Library/Developer/CommandLineTools/SDKs/MacOSX.sdk/usr/include -internal-externc-isystem /Library/Developer/CommandLineTools/usr/include -Wno-reorder-init-list -Wno-implicit-int-float-conversion -Wno-c99-designator -Wno-final-dtor-non-final-class -Wno-extra-semi-stmt -Wno-misleading-indentation -Wno-quoted-include-in-framework-header -Wno-implicit-fallthrough -Wno-enum-enum-conversion -Wno-enum-float-conversion -Wno-elaborated-enum-base -Wno-reserved-identifier -Wno-gnu-folding-constant -fdebug-compilation-dir=/Users/sheenie/Desktop/my_cases/taint+buffer_trimmed -ferror-limit 19 -stack-protector 1 -fstack-check -mdarwin-stkchk-strong-link -fblocks -fencode-extended-block-signature -fregister-global-dtors-with-atexit -fgnuc-version=4.2.1 -fmax-type-align=16 -fcommon -clang-vendor-feature=+disableNonDependentMemberExprInCurrentInstantiation -fno-odr-hash-protocols -clang-vendor-feature=+enableAggressiveVLAFolding -clang-vendor-feature=+revert09abecef7bbf -clang-vendor-feature=+thisNoAlignAttr -clang-vendor-feature=+thisNoNullAttr -mllvm -disable-aligned-alloc-awareness=1 -D__GCC_HAVE_DWARF2_CFI_ASM=1 -o CWE121_Stack_Based_Buffer_Overflow__char_type_overrun_memcpy_02.o -x c CWE121_Stack_Based_Buffer_Overflow__char_type_overrun_memcpy_02.c
[E 16:49:22 77646] Warning: Unrecognized command line argument -mllvm
[E 16:49:22 77646] Warning: Unrecognized command line argument -disable-aligned-alloc-awareness=1
[E 16:49:22 77646] Checking whether C compilation already happened.
[E 16:49:22 77646] Checking for tag c-compilation-happened
[E 16:49:22 77646] Checking CODEQL_TRACER_DB_ID 0000000000012F4C_0000000000000001
[E 16:49:22 77646] Locking DB /Users/sheenie/Desktop/my_cases/taint+buffer_trimmed/cwe121-db/working/tags.db
[E 16:49:22 77646] Locked DB /Users/sheenie/Desktop/my_cases/taint+buffer_trimmed/cwe121-db/working/tags.db
[E 16:49:22 77646] Unlocking DB
[E 16:49:22 77646] Unlocked DB
[E 16:49:22 77646] Looks like C compilation didn't already happen.
[E 16:49:22 77646] Checking whether C compilation has been attempted.
[E 16:49:22 77646] Checking for tag c-compilation-attempted
[E 16:49:22 77646] Checking CODEQL_TRACER_DB_ID 0000000000012F4C_0000000000000001
[E 16:49:22 77646] Locking DB /Users/sheenie/Desktop/my_cases/taint+buffer_trimmed/cwe121-db/working/tags.db
[E 16:49:22 77646] Locked DB /Users/sheenie/Desktop/my_cases/taint+buffer_trimmed/cwe121-db/working/tags.db
[E 16:49:22 77646] Unlocking DB
[E 16:49:22 77646] Unlocked DB
[E 16:49:22 77646] Marking C compilation as attempted.
[E 16:49:22 77646] Setting tag c-compilation-attempted
[E 16:49:22 77646] Starting from CODEQL_TRACER_DB_ID 0000000000012F4C_0000000000000001
[E 16:49:22 77646] Locking DB /Users/sheenie/Desktop/my_cases/taint+buffer_trimmed/cwe121-db/working/tags.db
[E 16:49:22 77646] Locked DB /Users/sheenie/Desktop/my_cases/taint+buffer_trimmed/cwe121-db/working/tags.db
[E 16:49:22 77646] Set tag for 0000000000012F4C_0000000000000001
[E 16:49:22 77646] Set tag for 0000000000012F4A_0000000000000002
[E 16:49:22 77646] Set tag for 0000000000012F4A_0000000000000001
[E 16:49:22 77646] Set tag for 0000000000012F49_0000000000000001
[E 16:49:22 77646] Set tag for 0000000000012F48_0000000000000001
[E 16:49:22 77646] Set tag for 0000000000012E85_0000000000000004
[E 16:49:22 77646] Set tag for 0000000000012E85_0000000000000003
[E 16:49:22 77646] Set tag for 0000000000012E85_0000000000000002
[E 16:49:22 77646] Set tag for root
[E 16:49:22 77646] Unlocking DB
[E 16:49:22 77646] Unlocked DB
[E 16:49:22 77646] Processed command line: /Users/sheenie/Desktop/codeql/cpp/tools/osx64/extractor --trapfolder /Users/sheenie/Desktop/my_cases/taint+buffer_trimmed/cwe121-db/trap/cpp --src_archive /Users/sheenie/Desktop/my_cases/taint+buffer_trimmed/cwe121-db/src --object_filename CWE121_Stack_Based_Buffer_Overflow__char_type_overrun_memcpy_02.o --no_warnings_and_discretionary_errors --error_limit 1000 --disable_system_macros --variadic_macros --incognito --gcc --clang_version 160000 --gnu_version 40801 --has_feature_vector 11111111111111111000000000000000000000000000000000000000000000000000011 --clang --target linux_x86_64 -D_LP64=1 -D__APPLE_CC__=6000 -D__APPLE__=1 -D__ATOMIC_ACQUIRE=2 -D__ATOMIC_ACQ_REL=4 -D__ATOMIC_CONSUME=1 -D__ATOMIC_RELAXED=0 -D__ATOMIC_RELEASE=3 -D__ATOMIC_SEQ_CST=5 -D__BIGGEST_ALIGNMENT__=16 -D__BITINT_MAXWIDTH__=128 -D__BLOCKS__=1 -D__BOOL_WIDTH__=8 -D__BYTE_ORDER__=__ORDER_LITTLE_ENDIAN__ -D__CHAR_BIT__=8 -D__CLANG_ATOMIC_BOOL_LOCK_FREE=2 -D__CLANG_ATOMIC_CHAR16_T_LOCK_FREE=2 -D__CLANG_ATOMIC_CHAR32_T_LOCK_FREE=2 -D__CLANG_ATOMIC_CHAR_LOCK_FREE=2 -D__CLANG_ATOMIC_INT_LOCK_FREE=2 -D__CLANG_ATOMIC_LLONG_LOCK_FREE=2 -D__CLANG_ATOMIC_LONG_LOCK_FREE=2 -D__CLANG_ATOMIC_POINTER_LOCK_FREE=2 -D__CLANG_ATOMIC_SHORT_LOCK_FREE=2 -D__CLANG_ATOMIC_WCHAR_T_LOCK_FREE=2 -D__CONSTANT_CFSTRINGS__=1 -D__DBL_DECIMAL_DIG__=17 -D__DBL_DENORM_MIN__=4.9406564584124654e-324 -D__DBL_DIG__=15 -D__DBL_EPSILON__=2.2204460492503131e-16 -D__DBL_HAS_DENORM__=1 -D__DBL_HAS_INFINITY__=1 -D__DBL_HAS_QUIET_NAN__=1 -D__DBL_MANT_DIG__=53 -D__DBL_MAX_10_EXP__=308 -D__DBL_MAX_EXP__=1024 -D__DBL_MAX__=1.7976931348623157e+308 '-D__DBL_MIN_10_EXP__=(-307)' '-D__DBL_MIN_EXP__=(-1021)' -D__DBL_MIN__=2.2250738585072014e-308 -D__DECIMAL_DIG__=__LDBL_DECIMAL_DIG__ -D__DYNAMIC__=1 -D__ENVIRONMENT_MAC_OS_X_VERSION_MIN_REQUIRED__=140400 -D__ENVIRONMENT_OS_VERSION_MIN_REQUIRED__=140400 -D__FINITE_MATH_ONLY__=0 -D__FLT16_DECIMAL_DIG__=5 -D__FLT16_DENORM_MIN__=5.9604644775390625e-8F16 -D__FLT16_DIG__=3 -D__FLT16_EPSILON__=9.765625e-4F16 -D__FLT16_HAS_DENORM__=1 -D__FLT16_HAS_INFINITY__=1 -D__FLT16_HAS_QUIET_NAN__=1 -D__FLT16_MANT_DIG__=11 -D__FLT16_MAX_10_EXP__=4 -D__FLT16_MAX_EXP__=16 -D__FLT16_MAX__=6.5504e+4F16 '-D__FLT16_MIN_10_EXP__=(-4)' '-D__FLT16_MIN_EXP__=(-13)' -D__FLT16_MIN__=6.103515625e-5F16 -D__FLT_DECIMAL_DIG__=9 -D__FLT_DENORM_MIN__=1.40129846e-45F -D__FLT_DIG__=6 -D__FLT_EPSILON__=1.19209290e-7F -D__FLT_HAS_DENORM__=1 -D__FLT_HAS_INFINITY__=1 -D__FLT_HAS_QUIET_NAN__=1 -D__FLT_MANT_DIG__=24 -D__FLT_MAX_10_EXP__=38 -D__FLT_MAX_EXP__=128 -D__FLT_MAX__=3.40282347e+38F '-D__FLT_MIN_10_EXP__=(-37)' '-D__FLT_MIN_EXP__=(-125)' -D__FLT_MIN__=1.17549435e-38F -D__FLT_RADIX__=2 -D__FXSR__=1 -D__GCC_ASM_FLAG_OUTPUTS__=1 -D__GCC_ATOMIC_BOOL_LOCK_FREE=2 -D__GCC_ATOMIC_CHAR16_T_LOCK_FREE=2 -D__GCC_ATOMIC_CHAR32_T_LOCK_FREE=2 -D__GCC_ATOMIC_CHAR_LOCK_FREE=2 -D__GCC_ATOMIC_INT_LOCK_FREE=2 -D__GCC_ATOMIC_LLONG_LOCK_FREE=2 -D__GCC_ATOMIC_LONG_LOCK_FREE=2 -D__GCC_ATOMIC_POINTER_LOCK_FREE=2 -D__GCC_ATOMIC_SHORT_LOCK_FREE=2 -D__GCC_ATOMIC_TEST_AND_SET_TRUEVAL=1 -D__GCC_ATOMIC_WCHAR_T_LOCK_FREE=2 -D__GCC_HAVE_SYNC_COMPARE_AND_SWAP_1=1 -D__GCC_HAVE_SYNC_COMPARE_AND_SWAP_16=1 -D__GCC_HAVE_SYNC_COMPARE_AND_SWAP_2=1 -D__GCC_HAVE_SYNC_COMPARE_AND_SWAP_4=1 -D__GCC_HAVE_SYNC_COMPARE_AND_SWAP_8=1 -D__GNUC_MINOR__=2 -D__GNUC_PATCHLEVEL__=1 -D__GNUC__=4 -D__GXX_ABI_VERSION=1002 -D__INT16_C_SUFFIX__= '-D__INT16_FMTd__="hd"' '-D__INT16_FMTi__="hi"' -D__INT16_MAX__=32767 -D__INT16_TYPE__=short -D__INT32_C_SUFFIX__= '-D__INT32_FMTd__="d"' '-D__INT32_FMTi__="i"' -D__INT32_MAX__=2147483647 -D__INT32_TYPE__=int -D__INT64_C_SUFFIX__=LL '-D__INT64_FMTd__="lld"' '-D__INT64_FMTi__="lli"' -D__INT64_MAX__=9223372036854775807LL '-D__INT64_TYPE__=long long int' -D__INT8_C_SUFFIX__= '-D__INT8_FMTd__="hhd"' '-D__INT8_FMTi__="hhi"' -D__INT8_MAX__=127 '-D__INT8_TYPE__=signed char' -D__INTMAX_C_SUFFIX__=L '-D__INTMAX_FMTd__="ld"' '-D__INTMAX_FMTi__="li"' -D__INTMAX_MAX__=9223372036854775807L '-D__INTMAX_TYPE__=long int' -D__INTMAX_WIDTH__=64 '-D__INTPTR_FMTd__="ld"' '-D__INTPTR_FMTi__="li"' -D__INTPTR_MAX__=9223372036854775807L '-D__INTPTR_TYPE__=long int' -D__INTPTR_WIDTH__=64 '-D__INT_FAST16_FMTd__="hd"' '-D__INT_FAST16_FMTi__="hi"' -D__INT_FAST16_MAX__=32767 -D__INT_FAST16_TYPE__=short -D__INT_FAST16_WIDTH__=16 '-D__INT_FAST32_FMTd__="d"' '-D__INT_FAST32_FMTi__="i"' -D__INT_FAST32_MAX__=2147483647 -D__INT_FAST32_TYPE__=int -D__INT_FAST32_WIDTH__=32 '-D__INT_FAST64_FMTd__="lld"' '-D__INT_FAST64_FMTi__="lli"' -D__INT_FAST64_MAX__=9223372036854775807LL '-D__INT_FAST64_TYPE__=long long int' -D__INT_FAST64_WIDTH__=64 '-D__INT_FAST8_FMTd__="hhd"' '-D__INT_FAST8_FMTi__="hhi"' -D__INT_FAST8_MAX__=127 '-D__INT_FAST8_TYPE__=signed char' -D__INT_FAST8_WIDTH__=8 '-D__INT_LEAST16_FMTd__="hd"' '-D__INT_LEAST16_FMTi__="hi"' -D__INT_LEAST16_MAX__=32767 -D__INT_LEAST16_TYPE__=short -D__INT_LEAST16_WIDTH__=16 '-D__INT_LEAST32_FMTd__="d"' '-D__INT_LEAST32_FMTi__="i"' -D__INT_LEAST32_MAX__=2147483647 -D__INT_LEAST32_TYPE__=int -D__INT_LEAST32_WIDTH__=32 '-D__INT_LEAST64_FMTd__="lld"' '-D__INT_LEAST64_FMTi__="lli"' -D__INT_LEAST64_MAX__=9223372036854775807LL '-D__INT_LEAST64_TYPE__=long long int' -D__INT_LEAST64_WIDTH__=64 '-D__INT_LEAST8_FMTd__="hhd"' '-D__INT_LEAST8_FMTi__="hhi"' -D__INT_LEAST8_MAX__=127 '-D__INT_LEAST8_TYPE__=signed char' -D__INT_LEAST8_WIDTH__=8 -D__INT_MAX__=2147483647 -D__INT_WIDTH__=32 -D__LAHF_SAHF__=1 -D__LDBL_DECIMAL_DIG__=21 -D__LDBL_DENORM_MIN__=3.64519953188247460253e-4951L -D__LDBL_DIG__=18 -D__LDBL_EPSILON__=1.08420217248550443401e-19L -D__LDBL_HAS_DENORM__=1 -D__LDBL_HAS_INFINITY__=1 -D__LDBL_HAS_QUIET_NAN__=1 -D__LDBL_MANT_DIG__=64 -D__LDBL_MAX_10_EXP__=4932 -D__LDBL_MAX_EXP__=16384 -D__LDBL_MAX__=1.18973149535723176502e+4932L '-D__LDBL_MIN_10_EXP__=(-4931)' '-D__LDBL_MIN_EXP__=(-16381)' -D__LDBL_MIN__=3.36210314311209350626e-4932L -D__LITTLE_ENDIAN__=1 -D__LLONG_WIDTH__=64 -D__LONG_LONG_MAX__=9223372036854775807LL -D__LONG_MAX__=9223372036854775807L -D__LONG_WIDTH__=64 -D__LP64__=1 -D__MACH__=1 -D__MMX__=1 -D__NO_INLINE__=1 -D__NO_MATH_ERRNO__=1 -D__NO_MATH_INLINES=1 -D__OBJC_BOOL_IS_BOOL=0 -D__OPENCL_MEMORY_SCOPE_ALL_SVM_DEVICES=3 -D__OPENCL_MEMORY_SCOPE_DEVICE=2 -D__OPENCL_MEMORY_SCOPE_SUB_GROUP=4 -D__OPENCL_MEMORY_SCOPE_WORK_GROUP=1 -D__OPENCL_MEMORY_SCOPE_WORK_ITEM=0 -D__ORDER_BIG_ENDIAN__=4321 -D__ORDER_LITTLE_ENDIAN__=1234 -D__ORDER_PDP_ENDIAN__=3412 -D__PIC__=2 -D__POINTER_WIDTH__=64 -D__PRAGMA_REDEFINE_EXTNAME=1 '-D__PTRDIFF_FMTd__="ld"' '-D__PTRDIFF_FMTi__="li"' -D__PTRDIFF_MAX__=9223372036854775807L '-D__PTRDIFF_TYPE__=long int' -D__PTRDIFF_WIDTH__=64 -D__REGISTER_PREFIX__= -D__SCHAR_MAX__=127 -D__SEG_FS=1 -D__SEG_GS=1 -D__SHRT_MAX__=32767 -D__SHRT_WIDTH__=16 -D__SIG_ATOMIC_MAX__=2147483647 -D__SIG_ATOMIC_WIDTH__=32 -D__SIZEOF_DOUBLE__=8 -D__SIZEOF_FLOAT__=4 -D__SIZEOF_INT128__=16 -D__SIZEOF_INT__=4 -D__SIZEOF_LONG_DOUBLE__=16 -D__SIZEOF_LONG_LONG__=8 -D__SIZEOF_LONG__=8 -D__SIZEOF_POINTER__=8 -D__SIZEOF_PTRDIFF_T__=8 -D__SIZEOF_SHORT__=2 -D__SIZEOF_SIZE_T__=8 -D__SIZEOF_WCHAR_T__=4 -D__SIZEOF_WINT_T__=4 '-D__SIZE_FMTX__="lX"' '-D__SIZE_FMTo__="lo"' '-D__SIZE_FMTu__="lu"' '-D__SIZE_FMTx__="lx"' -D__SIZE_MAX__=18446744073709551615UL '-D__SIZE_TYPE__=long unsigned int' -D__SIZE_WIDTH__=64 -D__SSE2_MATH__=1 -D__SSE2__=1 -D__SSE3__=1 -D__SSE4_1__=1 -D__SSE_MATH__=1 -D__SSE__=1 -D__SSSE3__=1 -D__STDC_NO_THREADS__=1 -D__STDC_UTF_16__=1 -D__STDC_UTF_32__=1 -D__UINT16_C_SUFFIX__= '-D__UINT16_FMTX__="hX"' '-D__UINT16_FMTo__="ho"' '-D__UINT16_FMTu__="hu"' '-D__UINT16_FMTx__="hx"' -D__UINT16_MAX__=65535 '-D__UINT16_TYPE__=unsigned short' -D__UINT32_C_SUFFIX__=U '-D__UINT32_FMTX__="X"' '-D__UINT32_FMTo__="o"' '-D__UINT32_FMTu__="u"' '-D__UINT32_FMTx__="x"' -D__UINT32_MAX__=4294967295U '-D__UINT32_TYPE__=unsigned int' -D__UINT64_C_SUFFIX__=ULL '-D__UINT64_FMTX__="llX"' '-D__UINT64_FMTo__="llo"' '-D__UINT64_FMTu__="llu"' '-D__UINT64_FMTx__="llx"' -D__UINT64_MAX__=18446744073709551615ULL '-D__UINT64_TYPE__=long long unsigned int' -D__UINT8_C_SUFFIX__= '-D__UINT8_FMTX__="hhX"' '-D__UINT8_FMTo__="hho"' '-D__UINT8_FMTu__="hhu"' '-D__UINT8_FMTx__="hhx"' -D__UINT8_MAX__=255 '-D__UINT8_TYPE__=unsigned char' -D__UINTMAX_C_SUFFIX__=UL '-D__UINTMAX_FMTX__="lX"' '-D__UINTMAX_FMTo__="lo"' '-D__UINTMAX_FMTu__="lu"' '-D__UINTMAX_FMTx__="lx"' -D__UINTMAX_MAX__=18446744073709551615UL '-D__UINTMAX_TYPE__=long unsigned int' -D__UINTMAX_WIDTH__=64 '-D__UINTPTR_FMTX__="lX"' '-D__UINTPTR_FMTo__="lo"' '-D__UINTPTR_FMTu__="lu"' '-D__UINTPTR_FMTx__="lx"' -D__UINTPTR_MAX__=18446744073709551615UL '-D__UINTPTR_TYPE__=long unsigned int' -D__UINTPTR_WIDTH__=64 '-D__UINT_FAST16_FMTX__="hX"' '-D__UINT_FAST16_FMTo__="ho"' '-D__UINT_FAST16_FMTu__="hu"' '-D__UINT_FAST16_FMTx__="hx"' -D__UINT_FAST16_MAX__=65535 '-D__UINT_FAST16_TYPE__=unsigned short' '-D__UINT_FAST32_FMTX__="X"' '-D__UINT_FAST32_FMTo__="o"' '-D__UINT_FAST32_FMTu__="u"' '-D__UINT_FAST32_FMTx__="x"' -D__UINT_FAST32_MAX__=4294967295U '-D__UINT_FAST32_TYPE__=unsigned int' '-D__UINT_FAST64_FMTX__="llX"' '-D__UINT_FAST64_FMTo__="llo"' '-D__UINT_FAST64_FMTu__="llu"' '-D__UINT_FAST64_FMTx__="llx"' -D__UINT_FAST64_MAX__=18446744073709551615ULL '-D__UINT_FAST64_TYPE__=long long unsigned int' '-D__UINT_FAST8_FMTX__="hhX"' '-D__UINT_FAST8_FMTo__="hho"' '-D__UINT_FAST8_FMTu__="hhu"' '-D__UINT_FAST8_FMTx__="hhx"' -D__UINT_FAST8_MAX__=255 '-D__UINT_FAST8_TYPE__=unsigned char' '-D__UINT_LEAST16_FMTX__="hX"' '-D__UINT_LEAST16_FMTo__="ho"' '-D__UINT_LEAST16_FMTu__="hu"' '-D__UINT_LEAST16_FMTx__="hx"' -D__UINT_LEAST16_MAX__=65535 '-D__UINT_LEAST16_TYPE__=unsigned short' '-D__UINT_LEAST32_FMTX__="X"' '-D__UINT_LEAST32_FMTo__="o"' '-D__UINT_LEAST32_FMTu__="u"' '-D__UINT_LEAST32_FMTx__="x"' -D__UINT_LEAST32_MAX__=4294967295U '-D__UINT_LEAST32_TYPE__=unsigned int' '-D__UINT_LEAST64_FMTX__="llX"' '-D__UINT_LEAST64_FMTo__="llo"' '-D__UINT_LEAST64_FMTu__="llu"' '-D__UINT_LEAST64_FMTx__="llx"' -D__UINT_LEAST64_MAX__=18446744073709551615ULL '-D__UINT_LEAST64_TYPE__=long long unsigned int' '-D__UINT_LEAST8_FMTX__="hhX"' '-D__UINT_LEAST8_FMTo__="hho"' '-D__UINT_LEAST8_FMTu__="hhu"' '-D__UINT_LEAST8_FMTx__="hhx"' -D__UINT_LEAST8_MAX__=255 '-D__UINT_LEAST8_TYPE__=unsigned char' -D__USER_LABEL_PREFIX__=_ '-D__VERSION__="Apple LLVM 15.0.0 (clang-1500.3.9.4)"' -D__WCHAR_MAX__=2147483647 -D__WCHAR_TYPE__=int -D__WCHAR_WIDTH__=32 -D__WINT_MAX__=2147483647 -D__WINT_TYPE__=int -D__WINT_WIDTH__=32 -D__amd64=1 -D__amd64__=1 -D__apple_build_version__=15000309 '-D__block=__attribute__((__blocks__(byref)))' -D__clang__=1 '-D__clang_literal_encoding__="UTF-8"' -D__clang_major__=15 -D__clang_minor__=0 -D__clang_patchlevel__=0 '-D__clang_version__="15.0.0 (clang-1500.3.9.4)"' '-D__clang_wide_literal_encoding__="UTF-32"' -D__code_model_small__=1 -D__core2=1 -D__core2__=1 -D__llvm__=1 -D__nonnull=_Nonnull -D__null_unspecified=_Null_unspecified -D__nullable=_Nullable -D__pic__=2 '-D__seg_fs=__attribute__((address_space(257)))' '-D__seg_gs=__attribute__((address_space(256)))' -D__strong= -D__tune_core2__=1 -D__unsafe_unretained= '-D__weak=__attribute__((objc_gc(weak)))' -D__x86_64=1 -D__x86_64__=1 '-D__private_extern__=extern __attribute__((visibility("hidden")))' --blocks -D__GCC_HAVE_DWARF2_CFI_ASM=1 -I/usr/local/include -I/Library/Developer/CommandLineTools/usr/lib/clang/15.0.0/include -I/Library/Developer/CommandLineTools/SDKs/MacOSX.sdk/usr/include -I/Library/Developer/CommandLineTools/usr/include -F/Library/Developer/CommandLineTools/SDKs/MacOSX.sdk/System/Library/Frameworks -- CWE121_Stack_Based_Buffer_Overflow__char_type_overrun_memcpy_02.c
[E 16:49:22 77646] CODEQL_EXTRACTOR_CPP_TRAP_CACHING is not set
[E 16:49:22 77646] CODEQL_EXTRACTOR_CPP_OPTION_TRAP_CACHE_WRITE is not set
[E 16:49:22 77646] CODEQL_EXTRACTOR_CPP_OPTION_TRAP_CACHE_DIR is not set
[E 16:49:22 77646] Initialising TRAP cache at path: 26/61de/de9f25602d0e00e8bc5b164688cd
[E 16:49:22 77646] Not using TRAP cache
[E 16:49:22 77646] TRAP cache miss
[E 16:49:22 77646] Starting compilation TRAP /Users/sheenie/Desktop/my_cases/taint+buffer_trimmed/cwe121-db/trap/cpp/compilations/58/14412154_0.trap.zst
[E 16:49:22 77646] Archiving /Users/sheenie/Desktop/my_cases/taint+buffer_trimmed/cwe121-db/src/Users/sheenie/Desktop/my_cases/taint+buffer_trimmed/CWE121_Stack_Based_Buffer_Overflow__char_type_overrun_memcpy_02.c
[E 16:49:22 77646] Already archived /Users/sheenie/Desktop/my_cases/taint+buffer_trimmed/cwe121-db/src/Users/sheenie/Desktop/my_cases/taint+buffer_trimmed/std_testcase.h
[E 16:49:22 77646] Already archived /Users/sheenie/Desktop/my_cases/taint+buffer_trimmed/cwe121-db/src/Library/Developer/CommandLineTools/SDKs/MacOSX14.4.sdk/usr/include/stdio.h
[E 16:49:22 77646] Already archived /Users/sheenie/Desktop/my_cases/taint+buffer_trimmed/cwe121-db/src/Library/Developer/CommandLineTools/SDKs/MacOSX14.4.sdk/usr/include/_stdio.h
[E 16:49:22 77646] Already archived /Users/sheenie/Desktop/my_cases/taint+buffer_trimmed/cwe121-db/src/Library/Developer/CommandLineTools/SDKs/MacOSX14.4.sdk/usr/include/sys/cdefs.h
[E 16:49:22 77646] Already archived /Users/sheenie/Desktop/my_cases/taint+buffer_trimmed/cwe121-db/src/Library/Developer/CommandLineTools/SDKs/MacOSX14.4.sdk/usr/include/sys/_symbol_aliasing.h
[E 16:49:22 77646] Already archived /Users/sheenie/Desktop/my_cases/taint+buffer_trimmed/cwe121-db/src/Library/Developer/CommandLineTools/SDKs/MacOSX14.4.sdk/usr/include/sys/_posix_availability.h
[E 16:49:22 77646] Already archived /Users/sheenie/Desktop/my_cases/taint+buffer_trimmed/cwe121-db/src/Library/Developer/CommandLineTools/SDKs/MacOSX14.4.sdk/usr/include/Availability.h
[E 16:49:22 77646] Already archived /Users/sheenie/Desktop/my_cases/taint+buffer_trimmed/cwe121-db/src/Library/Developer/CommandLineTools/SDKs/MacOSX14.4.sdk/usr/include/AvailabilityVersions.h
[E 16:49:22 77646] Already archived /Users/sheenie/Desktop/my_cases/taint+buffer_trimmed/cwe121-db/src/Library/Developer/CommandLineTools/SDKs/MacOSX14.4.sdk/usr/include/AvailabilityInternal.h
[E 16:49:22 77646] Already archived /Users/sheenie/Desktop/my_cases/taint+buffer_trimmed/cwe121-db/src/Library/Developer/CommandLineTools/SDKs/MacOSX14.4.sdk/usr/include/AvailabilityInternalLegacy.h
[E 16:49:22 77646] Already archived /Users/sheenie/Desktop/my_cases/taint+buffer_trimmed/cwe121-db/src/Library/Developer/CommandLineTools/SDKs/MacOSX14.4.sdk/usr/include/_types.h
[E 16:49:22 77646] Already archived /Users/sheenie/Desktop/my_cases/taint+buffer_trimmed/cwe121-db/src/Library/Developer/CommandLineTools/SDKs/MacOSX14.4.sdk/usr/include/sys/_types.h
[E 16:49:22 77646] Already archived /Users/sheenie/Desktop/my_cases/taint+buffer_trimmed/cwe121-db/src/Library/Developer/CommandLineTools/SDKs/MacOSX14.4.sdk/usr/include/machine/_types.h
[E 16:49:22 77646] Already archived /Users/sheenie/Desktop/my_cases/taint+buffer_trimmed/cwe121-db/src/Library/Developer/CommandLineTools/SDKs/MacOSX14.4.sdk/usr/include/i386/_types.h
[E 16:49:22 77646] Already archived /Users/sheenie/Desktop/my_cases/taint+buffer_trimmed/cwe121-db/src/Library/Developer/CommandLineTools/SDKs/MacOSX14.4.sdk/usr/include/sys/_pthread/_pthread_types.h
[E 16:49:22 77646] Already archived /Users/sheenie/Desktop/my_cases/taint+buffer_trimmed/cwe121-db/src/Library/Developer/CommandLineTools/SDKs/MacOSX14.4.sdk/usr/include/sys/_types/_va_list.h
[E 16:49:22 77646] Already archived /Users/sheenie/Desktop/my_cases/taint+buffer_trimmed/cwe121-db/src/Library/Developer/CommandLineTools/SDKs/MacOSX14.4.sdk/usr/include/machine/types.h
[E 16:49:22 77646] Already archived /Users/sheenie/Desktop/my_cases/taint+buffer_trimmed/cwe121-db/src/Library/Developer/CommandLineTools/SDKs/MacOSX14.4.sdk/usr/include/i386/types.h
[E 16:49:22 77646] Already archived /Users/sheenie/Desktop/my_cases/taint+buffer_trimmed/cwe121-db/src/Library/Developer/CommandLineTools/SDKs/MacOSX14.4.sdk/usr/include/sys/_types/_int8_t.h
[E 16:49:22 77646] Already archived /Users/sheenie/Desktop/my_cases/taint+buffer_trimmed/cwe121-db/src/Library/Developer/CommandLineTools/SDKs/MacOSX14.4.sdk/usr/include/sys/_types/_int16_t.h
[E 16:49:22 77646] Already archived /Users/sheenie/Desktop/my_cases/taint+buffer_trimmed/cwe121-db/src/Library/Developer/CommandLineTools/SDKs/MacOSX14.4.sdk/usr/include/sys/_types/_int32_t.h
[E 16:49:22 77646] Already archived /Users/sheenie/Desktop/my_cases/taint+buffer_trimmed/cwe121-db/src/Library/Developer/CommandLineTools/SDKs/MacOSX14.4.sdk/usr/include/sys/_types/_int64_t.h
[E 16:49:22 77646] Already archived /Users/sheenie/Desktop/my_cases/taint+buffer_trimmed/cwe121-db/src/Library/Developer/CommandLineTools/SDKs/MacOSX14.4.sdk/usr/include/sys/_types/_u_int8_t.h
[E 16:49:22 77646] Already archived /Users/sheenie/Desktop/my_cases/taint+buffer_trimmed/cwe121-db/src/Library/Developer/CommandLineTools/SDKs/MacOSX14.4.sdk/usr/include/sys/_types/_u_int16_t.h
[E 16:49:22 77646] Already archived /Users/sheenie/Desktop/my_cases/taint+buffer_trimmed/cwe121-db/src/Library/Developer/CommandLineTools/SDKs/MacOSX14.4.sdk/usr/include/sys/_types/_u_int32_t.h
[E 16:49:22 77646] Already archived /Users/sheenie/Desktop/my_cases/taint+buffer_trimmed/cwe121-db/src/Library/Developer/CommandLineTools/SDKs/MacOSX14.4.sdk/usr/include/sys/_types/_u_int64_t.h
[E 16:49:22 77646] Already archived /Users/sheenie/Desktop/my_cases/taint+buffer_trimmed/cwe121-db/src/Library/Developer/CommandLineTools/SDKs/MacOSX14.4.sdk/usr/include/sys/_types/_intptr_t.h
[E 16:49:22 77646] Already archived /Users/sheenie/Desktop/my_cases/taint+buffer_trimmed/cwe121-db/src/Library/Developer/CommandLineTools/SDKs/MacOSX14.4.sdk/usr/include/machine/types.h
[E 16:49:22 77646] Already archived /Users/sheenie/Desktop/my_cases/taint+buffer_trimmed/cwe121-db/src/Library/Developer/CommandLineTools/SDKs/MacOSX14.4.sdk/usr/include/sys/_types/_uintptr_t.h
[E 16:49:22 77646] Already archived /Users/sheenie/Desktop/my_cases/taint+buffer_trimmed/cwe121-db/src/Library/Developer/CommandLineTools/SDKs/MacOSX14.4.sdk/usr/include/sys/_types/_size_t.h
[E 16:49:22 77646] Already archived /Users/sheenie/Desktop/my_cases/taint+buffer_trimmed/cwe121-db/src/Library/Developer/CommandLineTools/SDKs/MacOSX14.4.sdk/usr/include/sys/_types/_null.h
[E 16:49:22 77646] Already archived /Users/sheenie/Desktop/my_cases/taint+buffer_trimmed/cwe121-db/src/Library/Developer/CommandLineTools/SDKs/MacOSX14.4.sdk/usr/include/sys/stdio.h
[E 16:49:22 77646] Already archived /Users/sheenie/Desktop/my_cases/taint+buffer_trimmed/cwe121-db/src/Library/Developer/CommandLineTools/SDKs/MacOSX14.4.sdk/usr/include/sys/_types/_seek_set.h
[E 16:49:22 77646] Already archived /Users/sheenie/Desktop/my_cases/taint+buffer_trimmed/cwe121-db/src/Library/Developer/CommandLineTools/SDKs/MacOSX14.4.sdk/usr/include/_ctermid.h
[E 16:49:22 77646] Already archived /Users/sheenie/Desktop/my_cases/taint+buffer_trimmed/cwe121-db/src/Library/Developer/CommandLineTools/SDKs/MacOSX14.4.sdk/usr/include/sys/_types/_off_t.h
[E 16:49:22 77646] Already archived /Users/sheenie/Desktop/my_cases/taint+buffer_trimmed/cwe121-db/src/Library/Developer/CommandLineTools/SDKs/MacOSX14.4.sdk/usr/include/sys/_types/_ssize_t.h
[E 16:49:22 77646] Already archived /Users/sheenie/Desktop/my_cases/taint+buffer_trimmed/cwe121-db/src/Library/Developer/CommandLineTools/SDKs/MacOSX14.4.sdk/usr/include/secure/_stdio.h
[E 16:49:22 77646] Already archived /Users/sheenie/Desktop/my_cases/taint+buffer_trimmed/cwe121-db/src/Library/Developer/CommandLineTools/SDKs/MacOSX14.4.sdk/usr/include/secure/_common.h
[E 16:49:22 77646] Already archived /Users/sheenie/Desktop/my_cases/taint+buffer_trimmed/cwe121-db/src/Library/Developer/CommandLineTools/SDKs/MacOSX14.4.sdk/usr/include/stdlib.h
[E 16:49:22 77646] Already archived /Users/sheenie/Desktop/my_cases/taint+buffer_trimmed/cwe121-db/src/Library/Developer/CommandLineTools/SDKs/MacOSX14.4.sdk/usr/include/sys/wait.h
[E 16:49:22 77646] Already archived /Users/sheenie/Desktop/my_cases/taint+buffer_trimmed/cwe121-db/src/Library/Developer/CommandLineTools/SDKs/MacOSX14.4.sdk/usr/include/sys/_types/_pid_t.h
[E 16:49:22 77646] Already archived /Users/sheenie/Desktop/my_cases/taint+buffer_trimmed/cwe121-db/src/Library/Developer/CommandLineTools/SDKs/MacOSX14.4.sdk/usr/include/sys/_types/_id_t.h
[E 16:49:22 77646] Already archived /Users/sheenie/Desktop/my_cases/taint+buffer_trimmed/cwe121-db/src/Library/Developer/CommandLineTools/SDKs/MacOSX14.4.sdk/usr/include/sys/signal.h
[E 16:49:22 77646] Already archived /Users/sheenie/Desktop/my_cases/taint+buffer_trimmed/cwe121-db/src/Library/Developer/CommandLineTools/SDKs/MacOSX14.4.sdk/usr/include/sys/appleapiopts.h
[E 16:49:22 77646] Already archived /Users/sheenie/Desktop/my_cases/taint+buffer_trimmed/cwe121-db/src/Library/Developer/CommandLineTools/SDKs/MacOSX14.4.sdk/usr/include/machine/signal.h
[E 16:49:22 77646] Already archived /Users/sheenie/Desktop/my_cases/taint+buffer_trimmed/cwe121-db/src/Library/Developer/CommandLineTools/SDKs/MacOSX14.4.sdk/usr/include/i386/signal.h
[E 16:49:22 77646] Already archived /Users/sheenie/Desktop/my_cases/taint+buffer_trimmed/cwe121-db/src/Library/Developer/CommandLineTools/SDKs/MacOSX14.4.sdk/usr/include/machine/_mcontext.h
[E 16:49:22 77646] Already archived /Users/sheenie/Desktop/my_cases/taint+buffer_trimmed/cwe121-db/src/Library/Developer/CommandLineTools/SDKs/MacOSX14.4.sdk/usr/include/i386/_mcontext.h
[E 16:49:22 77646] Already archived /Users/sheenie/Desktop/my_cases/taint+buffer_trimmed/cwe121-db/src/Library/Developer/CommandLineTools/SDKs/MacOSX14.4.sdk/usr/include/mach/machine/_structs.h
[E 16:49:22 77646] Already archived /Users/sheenie/Desktop/my_cases/taint+buffer_trimmed/cwe121-db/src/Library/Developer/CommandLineTools/SDKs/MacOSX14.4.sdk/usr/include/mach/i386/_structs.h
[E 16:49:22 77646] Already archived /Users/sheenie/Desktop/my_cases/taint+buffer_trimmed/cwe121-db/src/Library/Developer/CommandLineTools/SDKs/MacOSX14.4.sdk/usr/include/sys/_pthread/_pthread_attr_t.h
[E 16:49:22 77646] Already archived /Users/sheenie/Desktop/my_cases/taint+buffer_trimmed/cwe121-db/src/Library/Developer/CommandLineTools/SDKs/MacOSX14.4.sdk/usr/include/sys/_types/_sigaltstack.h
[E 16:49:22 77646] Already archived /Users/sheenie/Desktop/my_cases/taint+buffer_trimmed/cwe121-db/src/Library/Developer/CommandLineTools/SDKs/MacOSX14.4.sdk/usr/include/sys/_types/_ucontext.h
[E 16:49:22 77646] Already archived /Users/sheenie/Desktop/my_cases/taint+buffer_trimmed/cwe121-db/src/Library/Developer/CommandLineTools/SDKs/MacOSX14.4.sdk/usr/include/sys/_types/_sigset_t.h
[E 16:49:22 77646] Already archived /Users/sheenie/Desktop/my_cases/taint+buffer_trimmed/cwe121-db/src/Library/Developer/CommandLineTools/SDKs/MacOSX14.4.sdk/usr/include/sys/_types/_uid_t.h
[E 16:49:22 77646] Already archived /Users/sheenie/Desktop/my_cases/taint+buffer_trimmed/cwe121-db/src/Library/Developer/CommandLineTools/SDKs/MacOSX14.4.sdk/usr/include/sys/resource.h
[E 16:49:22 77646] Already archived /Users/sheenie/Desktop/my_cases/taint+buffer_trimmed/cwe121-db/src/Library/Developer/CommandLineTools/usr/lib/clang/15.0.0/include/stdint.h
[E 16:49:22 77646] Already archived /Users/sheenie/Desktop/my_cases/taint+buffer_trimmed/cwe121-db/src/Library/Developer/CommandLineTools/SDKs/MacOSX14.4.sdk/usr/include/stdint.h
[E 16:49:22 77646] Already archived /Users/sheenie/Desktop/my_cases/taint+buffer_trimmed/cwe121-db/src/Library/Developer/CommandLineTools/SDKs/MacOSX14.4.sdk/usr/include/_types/_uint8_t.h
[E 16:49:22 77646] Already archived /Users/sheenie/Desktop/my_cases/taint+buffer_trimmed/cwe121-db/src/Library/Developer/CommandLineTools/SDKs/MacOSX14.4.sdk/usr/include/_types/_uint16_t.h
[E 16:49:22 77646] Already archived /Users/sheenie/Desktop/my_cases/taint+buffer_trimmed/cwe121-db/src/Library/Developer/CommandLineTools/SDKs/MacOSX14.4.sdk/usr/include/_types/_uint32_t.h
[E 16:49:22 77646] Already archived /Users/sheenie/Desktop/my_cases/taint+buffer_trimmed/cwe121-db/src/Library/Developer/CommandLineTools/SDKs/MacOSX14.4.sdk/usr/include/_types/_uint64_t.h
[E 16:49:22 77646] Already archived /Users/sheenie/Desktop/my_cases/taint+buffer_trimmed/cwe121-db/src/Library/Developer/CommandLineTools/SDKs/MacOSX14.4.sdk/usr/include/_types/_intmax_t.h
[E 16:49:22 77646] Already archived /Users/sheenie/Desktop/my_cases/taint+buffer_trimmed/cwe121-db/src/Library/Developer/CommandLineTools/SDKs/MacOSX14.4.sdk/usr/include/_types/_uintmax_t.h
[E 16:49:22 77646] Already archived /Users/sheenie/Desktop/my_cases/taint+buffer_trimmed/cwe121-db/src/Library/Developer/CommandLineTools/SDKs/MacOSX14.4.sdk/usr/include/sys/_types/_timeval.h
[E 16:49:22 77646] Already archived /Users/sheenie/Desktop/my_cases/taint+buffer_trimmed/cwe121-db/src/Library/Developer/CommandLineTools/SDKs/MacOSX14.4.sdk/usr/include/machine/endian.h
[E 16:49:22 77646] Already archived /Users/sheenie/Desktop/my_cases/taint+buffer_trimmed/cwe121-db/src/Library/Developer/CommandLineTools/SDKs/MacOSX14.4.sdk/usr/include/i386/endian.h
[E 16:49:22 77646] Already archived /Users/sheenie/Desktop/my_cases/taint+buffer_trimmed/cwe121-db/src/Library/Developer/CommandLineTools/SDKs/MacOSX14.4.sdk/usr/include/sys/_endian.h
[E 16:49:22 77646] Already archived /Users/sheenie/Desktop/my_cases/taint+buffer_trimmed/cwe121-db/src/Library/Developer/CommandLineTools/SDKs/MacOSX14.4.sdk/usr/include/machine/endian.h
[E 16:49:22 77646] Already archived /Users/sheenie/Desktop/my_cases/taint+buffer_trimmed/cwe121-db/src/Library/Developer/CommandLineTools/SDKs/MacOSX14.4.sdk/usr/include/libkern/_OSByteOrder.h
[E 16:49:22 77646] Already archived /Users/sheenie/Desktop/my_cases/taint+buffer_trimmed/cwe121-db/src/Library/Developer/CommandLineTools/SDKs/MacOSX14.4.sdk/usr/include/libkern/i386/_OSByteOrder.h
[E 16:49:22 77646] Already archived /Users/sheenie/Desktop/my_cases/taint+buffer_trimmed/cwe121-db/src/Library/Developer/CommandLineTools/SDKs/MacOSX14.4.sdk/usr/include/alloca.h
[E 16:49:22 77646] Already archived /Users/sheenie/Desktop/my_cases/taint+buffer_trimmed/cwe121-db/src/Library/Developer/CommandLineTools/SDKs/MacOSX14.4.sdk/usr/include/sys/_types/_ct_rune_t.h
[E 16:49:22 77646] Already archived /Users/sheenie/Desktop/my_cases/taint+buffer_trimmed/cwe121-db/src/Library/Developer/CommandLineTools/SDKs/MacOSX14.4.sdk/usr/include/sys/_types/_rune_t.h
[E 16:49:22 77646] Already archived /Users/sheenie/Desktop/my_cases/taint+buffer_trimmed/cwe121-db/src/Library/Developer/CommandLineTools/SDKs/MacOSX14.4.sdk/usr/include/sys/_types/_wchar_t.h
[E 16:49:22 77646] Already archived /Users/sheenie/Desktop/my_cases/taint+buffer_trimmed/cwe121-db/src/Library/Developer/CommandLineTools/SDKs/MacOSX14.4.sdk/usr/include/malloc/_malloc.h
[E 16:49:22 77646] Already archived /Users/sheenie/Desktop/my_cases/taint+buffer_trimmed/cwe121-db/src/Library/Developer/CommandLineTools/SDKs/MacOSX14.4.sdk/usr/include/malloc/_malloc_type.h
[E 16:49:22 77646] Already archived /Users/sheenie/Desktop/my_cases/taint+buffer_trimmed/cwe121-db/src/Library/Developer/CommandLineTools/SDKs/MacOSX14.4.sdk/usr/include/malloc/_ptrcheck.h
[E 16:49:22 77646] Already archived /Users/sheenie/Desktop/my_cases/taint+buffer_trimmed/cwe121-db/src/Library/Developer/CommandLineTools/SDKs/MacOSX14.4.sdk/usr/include/sys/_types/_dev_t.h
[E 16:49:22 77646] Already archived /Users/sheenie/Desktop/my_cases/taint+buffer_trimmed/cwe121-db/src/Library/Developer/CommandLineTools/SDKs/MacOSX14.4.sdk/usr/include/sys/_types/_mode_t.h
[E 16:49:22 77646] Already archived /Users/sheenie/Desktop/my_cases/taint+buffer_trimmed/cwe121-db/src/Library/Developer/CommandLineTools/usr/lib/clang/15.0.0/include/stddef.h
[E 16:49:22 77646] Already archived /Users/sheenie/Desktop/my_cases/taint+buffer_trimmed/cwe121-db/src/Library/Developer/CommandLineTools/usr/lib/clang/15.0.0/include/__stddef_max_align_t.h
[E 16:49:22 77646] Already archived /Users/sheenie/Desktop/my_cases/taint+buffer_trimmed/cwe121-db/src/Library/Developer/CommandLineTools/SDKs/MacOSX14.4.sdk/usr/include/time.h
[E 16:49:22 77646] Already archived /Users/sheenie/Desktop/my_cases/taint+buffer_trimmed/cwe121-db/src/Library/Developer/CommandLineTools/SDKs/MacOSX14.4.sdk/usr/include/sys/_types/_clock_t.h
[E 16:49:22 77646] Already archived /Users/sheenie/Desktop/my_cases/taint+buffer_trimmed/cwe121-db/src/Library/Developer/CommandLineTools/SDKs/MacOSX14.4.sdk/usr/include/sys/_types/_time_t.h
[E 16:49:22 77646] Already archived /Users/sheenie/Desktop/my_cases/taint+buffer_trimmed/cwe121-db/src/Library/Developer/CommandLineTools/SDKs/MacOSX14.4.sdk/usr/include/sys/_types/_timespec.h
[E 16:49:22 77646] Already archived /Users/sheenie/Desktop/my_cases/taint+buffer_trimmed/cwe121-db/src/Library/Developer/CommandLineTools/usr/lib/clang/15.0.0/include/limits.h
[E 16:49:22 77646] Already archived /Users/sheenie/Desktop/my_cases/taint+buffer_trimmed/cwe121-db/src/Library/Developer/CommandLineTools/SDKs/MacOSX14.4.sdk/usr/include/limits.h
[E 16:49:22 77646] Already archived /Users/sheenie/Desktop/my_cases/taint+buffer_trimmed/cwe121-db/src/Library/Developer/CommandLineTools/SDKs/MacOSX14.4.sdk/usr/include/machine/limits.h
[E 16:49:22 77646] Already archived /Users/sheenie/Desktop/my_cases/taint+buffer_trimmed/cwe121-db/src/Library/Developer/CommandLineTools/SDKs/MacOSX14.4.sdk/usr/include/i386/limits.h
[E 16:49:22 77646] Already archived /Users/sheenie/Desktop/my_cases/taint+buffer_trimmed/cwe121-db/src/Library/Developer/CommandLineTools/SDKs/MacOSX14.4.sdk/usr/include/i386/_limits.h
[E 16:49:22 77646] Already archived /Users/sheenie/Desktop/my_cases/taint+buffer_trimmed/cwe121-db/src/Library/Developer/CommandLineTools/SDKs/MacOSX14.4.sdk/usr/include/sys/syslimits.h
[E 16:49:22 77646] Already archived /Users/sheenie/Desktop/my_cases/taint+buffer_trimmed/cwe121-db/src/Library/Developer/CommandLineTools/SDKs/MacOSX14.4.sdk/usr/include/string.h
[E 16:49:22 77646] Already archived /Users/sheenie/Desktop/my_cases/taint+buffer_trimmed/cwe121-db/src/Library/Developer/CommandLineTools/SDKs/MacOSX14.4.sdk/usr/include/sys/_types/_rsize_t.h
[E 16:49:22 77646] Already archived /Users/sheenie/Desktop/my_cases/taint+buffer_trimmed/cwe121-db/src/Library/Developer/CommandLineTools/SDKs/MacOSX14.4.sdk/usr/include/sys/_types/_errno_t.h
[E 16:49:22 77646] Already archived /Users/sheenie/Desktop/my_cases/taint+buffer_trimmed/cwe121-db/src/Library/Developer/CommandLineTools/SDKs/MacOSX14.4.sdk/usr/include/strings.h
[E 16:49:22 77646] Already archived /Users/sheenie/Desktop/my_cases/taint+buffer_trimmed/cwe121-db/src/Library/Developer/CommandLineTools/SDKs/MacOSX14.4.sdk/usr/include/string.h
[E 16:49:22 77646] Already archived /Users/sheenie/Desktop/my_cases/taint+buffer_trimmed/cwe121-db/src/Library/Developer/CommandLineTools/SDKs/MacOSX14.4.sdk/usr/include/secure/_strings.h
[E 16:49:22 77646] Already archived /Users/sheenie/Desktop/my_cases/taint+buffer_trimmed/cwe121-db/src/Library/Developer/CommandLineTools/SDKs/MacOSX14.4.sdk/usr/include/secure/_string.h
[E 16:49:22 77646] Already archived /Users/sheenie/Desktop/my_cases/taint+buffer_trimmed/cwe121-db/src/Library/Developer/CommandLineTools/SDKs/MacOSX14.4.sdk/usr/include/ctype.h
[E 16:49:22 77646] Already archived /Users/sheenie/Desktop/my_cases/taint+buffer_trimmed/cwe121-db/src/Library/Developer/CommandLineTools/SDKs/MacOSX14.4.sdk/usr/include/_ctype.h
[E 16:49:22 77646] Already archived /Users/sheenie/Desktop/my_cases/taint+buffer_trimmed/cwe121-db/src/Library/Developer/CommandLineTools/SDKs/MacOSX14.4.sdk/usr/include/runetype.h
[E 16:49:22 77646] Already archived /Users/sheenie/Desktop/my_cases/taint+buffer_trimmed/cwe121-db/src/Library/Developer/CommandLineTools/SDKs/MacOSX14.4.sdk/usr/include/sys/_types/_wchar_t.h
[E 16:49:22 77646] Already archived /Users/sheenie/Desktop/my_cases/taint+buffer_trimmed/cwe121-db/src/Library/Developer/CommandLineTools/SDKs/MacOSX14.4.sdk/usr/include/sys/_types/_wint_t.h
[E 16:49:22 77646] Already archived /Users/sheenie/Desktop/my_cases/taint+buffer_trimmed/cwe121-db/src/Library/Developer/CommandLineTools/SDKs/MacOSX14.4.sdk/usr/include/fcntl.h
[E 16:49:22 77646] Already archived /Users/sheenie/Desktop/my_cases/taint+buffer_trimmed/cwe121-db/src/Library/Developer/CommandLineTools/SDKs/MacOSX14.4.sdk/usr/include/sys/fcntl.h
[E 16:49:22 77646] Already archived /Users/sheenie/Desktop/my_cases/taint+buffer_trimmed/cwe121-db/src/Library/Developer/CommandLineTools/SDKs/MacOSX14.4.sdk/usr/include/sys/_types/_o_sync.h
[E 16:49:22 77646] Already archived /Users/sheenie/Desktop/my_cases/taint+buffer_trimmed/cwe121-db/src/Library/Developer/CommandLineTools/SDKs/MacOSX14.4.sdk/usr/include/sys/_types/_o_dsync.h
[E 16:49:22 77646] Already archived /Users/sheenie/Desktop/my_cases/taint+buffer_trimmed/cwe121-db/src/Library/Developer/CommandLineTools/SDKs/MacOSX14.4.sdk/usr/include/sys/_types/_s_ifmt.h
[E 16:49:22 77646] Already archived /Users/sheenie/Desktop/my_cases/taint+buffer_trimmed/cwe121-db/src/Library/Developer/CommandLineTools/SDKs/MacOSX14.4.sdk/usr/include/sys/_types/_filesec_t.h
[E 16:49:22 77646] Already archived /Users/sheenie/Desktop/my_cases/taint+buffer_trimmed/cwe121-db/src/Library/Developer/CommandLineTools/SDKs/MacOSX14.4.sdk/usr/include/sys/types.h
[E 16:49:22 77646] Already archived /Users/sheenie/Desktop/my_cases/taint+buffer_trimmed/cwe121-db/src/Library/Developer/CommandLineTools/SDKs/MacOSX14.4.sdk/usr/include/sys/_types/_u_char.h
[E 16:49:22 77646] Already archived /Users/sheenie/Desktop/my_cases/taint+buffer_trimmed/cwe121-db/src/Library/Developer/CommandLineTools/SDKs/MacOSX14.4.sdk/usr/include/sys/_types/_u_short.h
[E 16:49:22 77646] Already archived /Users/sheenie/Desktop/my_cases/taint+buffer_trimmed/cwe121-db/src/Library/Developer/CommandLineTools/SDKs/MacOSX14.4.sdk/usr/include/sys/_types/_u_int.h
[E 16:49:22 77646] Already archived /Users/sheenie/Desktop/my_cases/taint+buffer_trimmed/cwe121-db/src/Library/Developer/CommandLineTools/SDKs/MacOSX14.4.sdk/usr/include/sys/_types/_caddr_t.h
[E 16:49:22 77646] Already archived /Users/sheenie/Desktop/my_cases/taint+buffer_trimmed/cwe121-db/src/Library/Developer/CommandLineTools/SDKs/MacOSX14.4.sdk/usr/include/sys/_types/_blkcnt_t.h
[E 16:49:22 77646] Already archived /Users/sheenie/Desktop/my_cases/taint+buffer_trimmed/cwe121-db/src/Library/Developer/CommandLineTools/SDKs/MacOSX14.4.sdk/usr/include/sys/_types/_blksize_t.h
[E 16:49:22 77646] Already archived /Users/sheenie/Desktop/my_cases/taint+buffer_trimmed/cwe121-db/src/Library/Developer/CommandLineTools/SDKs/MacOSX14.4.sdk/usr/include/sys/_types/_gid_t.h
[E 16:49:22 77646] Already archived /Users/sheenie/Desktop/my_cases/taint+buffer_trimmed/cwe121-db/src/Library/Developer/CommandLineTools/SDKs/MacOSX14.4.sdk/usr/include/sys/_types/_in_addr_t.h
[E 16:49:22 77646] Already archived /Users/sheenie/Desktop/my_cases/taint+buffer_trimmed/cwe121-db/src/Library/Developer/CommandLineTools/SDKs/MacOSX14.4.sdk/usr/include/sys/_types/_in_port_t.h
[E 16:49:22 77646] Already archived /Users/sheenie/Desktop/my_cases/taint+buffer_trimmed/cwe121-db/src/Library/Developer/CommandLineTools/SDKs/MacOSX14.4.sdk/usr/include/sys/_types/_ino_t.h
[E 16:49:22 77646] Already archived /Users/sheenie/Desktop/my_cases/taint+buffer_trimmed/cwe121-db/src/Library/Developer/CommandLineTools/SDKs/MacOSX14.4.sdk/usr/include/sys/_types/_ino64_t.h
[E 16:49:22 77646] Already archived /Users/sheenie/Desktop/my_cases/taint+buffer_trimmed/cwe121-db/src/Library/Developer/CommandLineTools/SDKs/MacOSX14.4.sdk/usr/include/sys/_types/_key_t.h
[E 16:49:22 77646] Already archived /Users/sheenie/Desktop/my_cases/taint+buffer_trimmed/cwe121-db/src/Library/Developer/CommandLineTools/SDKs/MacOSX14.4.sdk/usr/include/sys/_types/_nlink_t.h
[E 16:49:22 77646] Already archived /Users/sheenie/Desktop/my_cases/taint+buffer_trimmed/cwe121-db/src/Library/Developer/CommandLineTools/SDKs/MacOSX14.4.sdk/usr/include/sys/_types/_useconds_t.h
[E 16:49:22 77646] Already archived /Users/sheenie/Desktop/my_cases/taint+buffer_trimmed/cwe121-db/src/Library/Developer/CommandLineTools/SDKs/MacOSX14.4.sdk/usr/include/sys/_types/_suseconds_t.h
[E 16:49:22 77646] Already archived /Users/sheenie/Desktop/my_cases/taint+buffer_trimmed/cwe121-db/src/Library/Developer/CommandLineTools/SDKs/MacOSX14.4.sdk/usr/include/sys/_types/_fd_def.h
[E 16:49:22 77646] Already archived /Users/sheenie/Desktop/my_cases/taint+buffer_trimmed/cwe121-db/src/Library/Developer/CommandLineTools/SDKs/MacOSX14.4.sdk/usr/include/sys/_types/_fd_setsize.h
[E 16:49:22 77646] Already archived /Users/sheenie/Desktop/my_cases/taint+buffer_trimmed/cwe121-db/src/Library/Developer/CommandLineTools/SDKs/MacOSX14.4.sdk/usr/include/sys/_types/_fd_set.h
[E 16:49:22 77646] Already archived /Users/sheenie/Desktop/my_cases/taint+buffer_trimmed/cwe121-db/src/Library/Developer/CommandLineTools/SDKs/MacOSX14.4.sdk/usr/include/sys/_types/_fd_clr.h
[E 16:49:22 77646] Already archived /Users/sheenie/Desktop/my_cases/taint+buffer_trimmed/cwe121-db/src/Library/Developer/CommandLineTools/SDKs/MacOSX14.4.sdk/usr/include/sys/_types/_fd_zero.h
[E 16:49:22 77646] Already archived /Users/sheenie/Desktop/my_cases/taint+buffer_trimmed/cwe121-db/src/Library/Developer/CommandLineTools/SDKs/MacOSX14.4.sdk/usr/include/sys/_types/_fd_isset.h
[E 16:49:22 77646] Already archived /Users/sheenie/Desktop/my_cases/taint+buffer_trimmed/cwe121-db/src/Library/Developer/CommandLineTools/SDKs/MacOSX14.4.sdk/usr/include/sys/_types/_fd_copy.h
[E 16:49:22 77646] Already archived /Users/sheenie/Desktop/my_cases/taint+buffer_trimmed/cwe121-db/src/Library/Developer/CommandLineTools/SDKs/MacOSX14.4.sdk/usr/include/sys/_pthread/_pthread_cond_t.h
[E 16:49:22 77646] Already archived /Users/sheenie/Desktop/my_cases/taint+buffer_trimmed/cwe121-db/src/Library/Developer/CommandLineTools/SDKs/MacOSX14.4.sdk/usr/include/sys/_pthread/_pthread_condattr_t.h
[E 16:49:22 77646] Already archived /Users/sheenie/Desktop/my_cases/taint+buffer_trimmed/cwe121-db/src/Library/Developer/CommandLineTools/SDKs/MacOSX14.4.sdk/usr/include/sys/_pthread/_pthread_mutex_t.h
[E 16:49:22 77646] Already archived /Users/sheenie/Desktop/my_cases/taint+buffer_trimmed/cwe121-db/src/Library/Developer/CommandLineTools/SDKs/MacOSX14.4.sdk/usr/include/sys/_pthread/_pthread_mutexattr_t.h
[E 16:49:22 77646] Already archived /Users/sheenie/Desktop/my_cases/taint+buffer_trimmed/cwe121-db/src/Library/Developer/CommandLineTools/SDKs/MacOSX14.4.sdk/usr/include/sys/_pthread/_pthread_once_t.h
[E 16:49:22 77646] Already archived /Users/sheenie/Desktop/my_cases/taint+buffer_trimmed/cwe121-db/src/Library/Developer/CommandLineTools/SDKs/MacOSX14.4.sdk/usr/include/sys/_pthread/_pthread_rwlock_t.h
[E 16:49:22 77646] Already archived /Users/sheenie/Desktop/my_cases/taint+buffer_trimmed/cwe121-db/src/Library/Developer/CommandLineTools/SDKs/MacOSX14.4.sdk/usr/include/sys/_pthread/_pthread_rwlockattr_t.h
[E 16:49:22 77646] Already archived /Users/sheenie/Desktop/my_cases/taint+buffer_trimmed/cwe121-db/src/Library/Developer/CommandLineTools/SDKs/MacOSX14.4.sdk/usr/include/sys/_pthread/_pthread_t.h
[E 16:49:22 77646] Already archived /Users/sheenie/Desktop/my_cases/taint+buffer_trimmed/cwe121-db/src/Library/Developer/CommandLineTools/SDKs/MacOSX14.4.sdk/usr/include/sys/_pthread/_pthread_key_t.h
[E 16:49:22 77646] Already archived /Users/sheenie/Desktop/my_cases/taint+buffer_trimmed/cwe121-db/src/Library/Developer/CommandLineTools/SDKs/MacOSX14.4.sdk/usr/include/sys/_types/_fsblkcnt_t.h
[E 16:49:22 77646] Already archived /Users/sheenie/Desktop/my_cases/taint+buffer_trimmed/cwe121-db/src/Library/Developer/CommandLineTools/SDKs/MacOSX14.4.sdk/usr/include/sys/_types/_fsfilcnt_t.h
[E 16:49:22 77646] Already archived /Users/sheenie/Desktop/my_cases/taint+buffer_trimmed/cwe121-db/src/Library/Developer/CommandLineTools/SDKs/MacOSX14.4.sdk/usr/include/sys/stat.h
[E 16:49:22 77646] Already archived /Users/sheenie/Desktop/my_cases/taint+buffer_trimmed/cwe121-db/src/Users/sheenie/Desktop/my_cases/taint+buffer_trimmed/std_testcase_io.h
[E 16:49:22 77646] Already archived /Users/sheenie/Desktop/my_cases/taint+buffer_trimmed/cwe121-db/src/Users/sheenie/Desktop/my_cases/taint+buffer_trimmed/std_testcase.h
[E 16:49:22 77646] Already archived /Users/sheenie/Desktop/my_cases/taint+buffer_trimmed/cwe121-db/src/Library/Developer/CommandLineTools/SDKs/MacOSX14.4.sdk/usr/include/wchar.h
[E 16:49:22 77646] Already archived /Users/sheenie/Desktop/my_cases/taint+buffer_trimmed/cwe121-db/src/Library/Developer/CommandLineTools/SDKs/MacOSX14.4.sdk/usr/include/sys/_types/_mbstate_t.h
[E 16:49:22 77646] Already archived /Users/sheenie/Desktop/my_cases/taint+buffer_trimmed/cwe121-db/src/Library/Developer/CommandLineTools/SDKs/MacOSX14.4.sdk/usr/include/sys/_types/_wchar_t.h
[E 16:49:22 77646] Already archived /Users/sheenie/Desktop/my_cases/taint+buffer_trimmed/cwe121-db/src/Library/Developer/CommandLineTools/usr/lib/clang/15.0.0/include/stdarg.h
[E 16:49:22 77646] Already archived /Users/sheenie/Desktop/my_cases/taint+buffer_trimmed/cwe121-db/src/Library/Developer/CommandLineTools/SDKs/MacOSX14.4.sdk/usr/include/_wctype.h
[E 16:49:22 77646] Already archived /Users/sheenie/Desktop/my_cases/taint+buffer_trimmed/cwe121-db/src/Library/Developer/CommandLineTools/SDKs/MacOSX14.4.sdk/usr/include/__wctype.h
[E 16:49:22 77646] Already archived /Users/sheenie/Desktop/my_cases/taint+buffer_trimmed/cwe121-db/src/Library/Developer/CommandLineTools/SDKs/MacOSX14.4.sdk/usr/include/_types/_wctype_t.h
[E 16:49:22 77646] Creating trap tarball /Users/sheenie/Desktop/my_cases/taint+buffer_trimmed/cwe121-db/trap/cpp/tarballs/Users/sheenie/Desktop/my_cases/taint+buffer_trimmed/CWE121_Stack_Based_Buffer_Overflow__char_type_overrun_memcpy_02.c.0f3a9034_0.trap.tar.zst
[E 16:49:22 77646] Emitting trap files for CWE121_Stack_Based_Buffer_Overflow__char_type_overrun_memcpy_02.c
[E 16:49:22 77646] Opening existencedb in /Users/sheenie/Desktop/my_cases/taint+buffer_trimmed/cwe121-db/working/existencedb/db
[E 16:49:22 77646] Wrote 1 files to /Users/sheenie/Desktop/my_cases/taint+buffer_trimmed/cwe121-db/trap/cpp/tarballs/Users/sheenie/Desktop/my_cases/taint+buffer_trimmed/CWE121_Stack_Based_Buffer_Overflow__char_type_overrun_memcpy_02.c.0f3a9034_0.trap.tar.zst
[E 16:49:22 77646] Finished compilation TRAP /Users/sheenie/Desktop/my_cases/taint+buffer_trimmed/cwe121-db/trap/cpp/compilations/58/14412154_0.trap.zst
[E 16:49:22 77646] Marking C compilation as happened.
[E 16:49:22 77646] Setting tag c-compilation-happened
[E 16:49:22 77646] Starting from CODEQL_TRACER_DB_ID 0000000000012F4C_0000000000000001
[E 16:49:22 77646] Locking DB /Users/sheenie/Desktop/my_cases/taint+buffer_trimmed/cwe121-db/working/tags.db
[E 16:49:22 77646] Locked DB /Users/sheenie/Desktop/my_cases/taint+buffer_trimmed/cwe121-db/working/tags.db
[E 16:49:22 77646] Set tag for 0000000000012F4C_0000000000000001
[E 16:49:22 77646] Set tag for 0000000000012F4A_0000000000000002
[E 16:49:22 77646] Set tag for 0000000000012F4A_0000000000000001
[E 16:49:22 77646] Set tag for 0000000000012F49_0000000000000001
[E 16:49:22 77646] Set tag for 0000000000012F48_0000000000000001
[E 16:49:22 77646] Set tag for 0000000000012E85_0000000000000004
[E 16:49:22 77646] Set tag for 0000000000012E85_0000000000000003
[E 16:49:22 77646] Set tag for 0000000000012E85_0000000000000002
[E 16:49:22 77646] Set tag for root
[E 16:49:22 77646] Unlocking DB
[E 16:49:22 77646] Unlocked DB
[E 16:49:22 77646] Extractor exited successfully
[T 16:49:22 77644] Extractor /Users/sheenie/Desktop/codeql/cpp/tools/osx64/extractor terminated with exit code 0.
[T 16:49:22 77647] Attempting to switch stdout/stderr to 4...
[T 16:49:22 77647] Initializing tracer.
[T 16:49:22 77647] Initializing tags.
[T 16:49:22 77647] ID set to 0000000000012F4F_0000000000000001 (parent 0000000000012F4A_0000000000000002)
[E 16:49:22 77647] CodeQL C/C++ Extractor 2.25.4
[E 16:49:22 77647] Current directory: /Users/sheenie/Desktop/my_cases/taint+buffer_trimmed
[E 16:49:22 77647] Command: /Users/sheenie/Desktop/codeql/cpp/tools/osx64/extractor --mimic /library/developer/commandlinetools/usr/bin/clang -c CWE121_Stack_Based_Buffer_Overflow__char_type_overrun_memcpy_02.c
[E 16:49:22 77647] Checking whether C compilation already happened.
[E 16:49:22 77647] Checking for tag c-compilation-happened
[E 16:49:22 77647] Checking CODEQL_TRACER_DB_ID 0000000000012F4A_0000000000000002
[E 16:49:22 77647] Locking DB /Users/sheenie/Desktop/my_cases/taint+buffer_trimmed/cwe121-db/working/tags.db
[E 16:49:22 77647] Locked DB /Users/sheenie/Desktop/my_cases/taint+buffer_trimmed/cwe121-db/working/tags.db
[E 16:49:22 77647] Unlocking DB
[E 16:49:22 77647] Unlocked DB
[E 16:49:22 77647] Exiting as C compilation already happened.
[T 16:49:22 77642] Extractor /Users/sheenie/Desktop/codeql/cpp/tools/osx64/extractor terminated with exit code 0.
[T 16:49:22 77648] Attempting to switch stdout/stderr to 4...
[T 16:49:22 77648] Initializing tracer.
[T 16:49:22 77648] Initializing tags.
[T 16:49:22 77648] ID set to 0000000000012F50_0000000000000001 (parent 0000000000012F49_0000000000000001)
[E 16:49:22 77648] CodeQL C/C++ Extractor 2.25.4
[E 16:49:22 77648] Current directory: /Users/sheenie/Desktop/my_cases/taint+buffer_trimmed
[E 16:49:22 77648] Command: /Users/sheenie/Desktop/codeql/cpp/tools/osx64/extractor --mimic /library/developer/commandlinetools/usr/bin/gcc -c CWE121_Stack_Based_Buffer_Overflow__char_type_overrun_memcpy_02.c
[E 16:49:22 77648] Checking whether C compilation already happened.
[E 16:49:22 77648] Checking for tag c-compilation-happened
[E 16:49:22 77648] Checking CODEQL_TRACER_DB_ID 0000000000012F49_0000000000000001
[E 16:49:22 77648] Locking DB /Users/sheenie/Desktop/my_cases/taint+buffer_trimmed/cwe121-db/working/tags.db
[E 16:49:22 77648] Locked DB /Users/sheenie/Desktop/my_cases/taint+buffer_trimmed/cwe121-db/working/tags.db
[E 16:49:22 77648] Unlocking DB
[E 16:49:22 77648] Unlocked DB
[E 16:49:22 77648] Exiting as C compilation already happened.
[T 16:49:22 77641] Extractor /Users/sheenie/Desktop/codeql/cpp/tools/osx64/extractor terminated with exit code 0.
[T 16:49:22 77649] Attempting to switch stdout/stderr to 4...
[T 16:49:22 77649] Initializing tracer.
[T 16:49:22 77649] Initializing tags.
[T 16:49:22 77649] ID set to 0000000000012F51_0000000000000001 (parent 0000000000012F48_0000000000000001)
[E 16:49:22 77649] CodeQL C/C++ Extractor 2.25.4
[E 16:49:22 77649] Current directory: /Users/sheenie/Desktop/my_cases/taint+buffer_trimmed
[E 16:49:22 77649] Command: /Users/sheenie/Desktop/codeql/cpp/tools/osx64/extractor --mimic /usr/bin/gcc -c CWE121_Stack_Based_Buffer_Overflow__char_type_overrun_memcpy_02.c
[E 16:49:22 77649] Checking whether C compilation already happened.
[E 16:49:22 77649] Checking for tag c-compilation-happened
[E 16:49:22 77649] Checking CODEQL_TRACER_DB_ID 0000000000012F48_0000000000000001
[E 16:49:22 77649] Locking DB /Users/sheenie/Desktop/my_cases/taint+buffer_trimmed/cwe121-db/working/tags.db
[E 16:49:22 77649] Locked DB /Users/sheenie/Desktop/my_cases/taint+buffer_trimmed/cwe121-db/working/tags.db
[E 16:49:22 77649] Unlocking DB
[E 16:49:22 77649] Unlocked DB
[E 16:49:22 77649] Exiting as C compilation already happened.
[T 16:49:22 77640] Extractor /Users/sheenie/Desktop/codeql/cpp/tools/osx64/extractor terminated with exit code 0.
[T 16:49:22 77650] Initializing tracer.
[T 16:49:22 77650] Initializing tags.
[T 16:49:22 77650] ID set to 0000000000012F52_0000000000000001 (parent 0000000000012E85_0000000000000004)
[T 16:49:22 77650] ==== Candidate to intercept: /usr/bin/gcc (canonical: /usr/bin/gcc) ====
[T 16:49:22 77650] Lua: === Intercepted call to /usr/bin/gcc ===
[T 16:49:22 77650] Executing the following tracer actions:
[T 16:49:22 77650] Tracer actions:
[T 16:49:22 77650] pre_invocations(0)
[T 16:49:22 77650] post_invocations(1)
[T 16:49:22 77650] invocation: /Users/sheenie/Desktop/codeql/cpp/tools/osx64/extractor, args: [--mimic, /usr/bin/gcc, -c, CWE121_Stack_Based_Buffer_Overflow__char_type_overrun_memcpy_03.c]
[T 16:49:22 77650] trace_languages(1): [cpp]
[T 16:49:22 77651] Initializing tracer.
[T 16:49:22 77651] Initializing tags.
[T 16:49:22 77651] ID set to 0000000000012F53_0000000000000001 (parent 0000000000012F52_0000000000000001)
[T 16:49:22 77651] ==== Candidate to intercept: /Library/Developer/CommandLineTools/usr/bin/gcc (canonical: /Library/Developer/CommandLineTools/usr/bin/gcc) ====
[T 16:49:22 77651] Lua: === Intercepted call to /library/developer/commandlinetools/usr/bin/gcc ===
[T 16:49:22 77651] Executing the following tracer actions:
[T 16:49:22 77651] Tracer actions:
[T 16:49:22 77651] pre_invocations(0)
[T 16:49:22 77651] post_invocations(1)
[T 16:49:22 77651] invocation: /Users/sheenie/Desktop/codeql/cpp/tools/osx64/extractor, args: [--mimic, /library/developer/commandlinetools/usr/bin/gcc, -c, CWE121_Stack_Based_Buffer_Overflow__char_type_overrun_memcpy_03.c]
[T 16:49:22 77651] trace_languages(1): [cpp]
[T 16:49:22 77652] Initializing tracer.
[T 16:49:22 77652] Initializing tags.
[T 16:49:22 77652] ID set to 0000000000012F54_0000000000000001 (parent 0000000000012F53_0000000000000001)
[T 16:49:22 77652] ==== Candidate to intercept: /usr/bin/xcrun (canonical: /usr/bin/xcrun) ====
[T 16:49:22 77652] Executing the following tracer actions:
[T 16:49:22 77652] Tracer actions:
[T 16:49:22 77652] pre_invocations(0)
[T 16:49:22 77652] post_invocations(0)
[T 16:49:22 77652] trace_languages(1): [cpp]
[T 16:49:22 77652] Initializing tracer.
[T 16:49:22 77652] Initializing tags.
[T 16:49:22 77652] ID set to 0000000000012F54_0000000000000002 (parent 0000000000012F54_0000000000000001)
[T 16:49:22 77652] ==== Candidate to intercept: /Library/Developer/CommandLineTools/usr/bin/clang (canonical: /Library/Developer/CommandLineTools/usr/bin/clang) ====
[T 16:49:22 77652] Lua: === Intercepted call to /library/developer/commandlinetools/usr/bin/clang ===
[T 16:49:22 77652] Executing the following tracer actions:
[T 16:49:22 77652] Tracer actions:
[T 16:49:22 77652] pre_invocations(0)
[T 16:49:22 77652] post_invocations(1)
[T 16:49:22 77652] invocation: /Users/sheenie/Desktop/codeql/cpp/tools/osx64/extractor, args: [--mimic, /library/developer/commandlinetools/usr/bin/clang, -c, CWE121_Stack_Based_Buffer_Overflow__char_type_overrun_memcpy_03.c]
[T 16:49:22 77652] trace_languages(1): [cpp]
[T 16:49:22 77654] Initializing tracer.
[T 16:49:22 77654] Initializing tags.
[T 16:49:22 77654] ID set to 0000000000012F56_0000000000000001 (parent 0000000000012F54_0000000000000002)
[T 16:49:22 77654] ==== Candidate to intercept: /Library/Developer/CommandLineTools/usr/bin/clang (canonical: /Library/Developer/CommandLineTools/usr/bin/clang) ====
[T 16:49:22 77654] Lua: === Intercepted call to /library/developer/commandlinetools/usr/bin/clang ===
[T 16:49:22 77654] Executing the following tracer actions:
[T 16:49:22 77654] Tracer actions:
[T 16:49:22 77654] pre_invocations(0)
[T 16:49:22 77654] post_invocations(1)
[T 16:49:22 77654] invocation: /Users/sheenie/Desktop/codeql/cpp/tools/osx64/extractor, args: [--mimic, /library/developer/commandlinetools/usr/bin/clang, -cc1, -triple, x86_64-apple-macosx14.4.0, -Wundef-prefix=TARGET_OS_, -Wdeprecated-objc-isa-usage, -Werror=deprecated-objc-isa-usage, -Werror=implicit-function-declaration, -emit-obj, -mrelax-all, --mrelax-relocations, -disable-free, -clear-ast-before-backend, -disable-llvm-verifier, -discard-value-names, -main-file-name, CWE121_Stack_Based_Buffer_Overflow__char_type_overrun_memcpy_03.c, -mrelocation-model, pic, -pic-level, 2, -mframe-pointer=all, -fno-strict-return, -ffp-contract=on, -fno-rounding-math, -funwind-tables=2, -target-sdk-version=14.4, -fvisibility-inlines-hidden-static-local-var, -target-cpu, penryn, -tune-cpu, generic, -debugger-tuning=lldb, -target-linker-version, 1053.12, -fcoverage-compilation-dir=/Users/sheenie/Desktop/my_cases/taint+buffer_trimmed, -resource-dir, /Library/Developer/CommandLineTools/usr/lib/clang/15.0.0, -isysroot, /Library/Developer/CommandLineTools/SDKs/MacOSX.sdk, -I/usr/local/include, -internal-isystem, /Library/Developer/CommandLineTools/SDKs/MacOSX.sdk/usr/local/include, -internal-isystem, /Library/Developer/CommandLineTools/usr/lib/clang/15.0.0/include, -internal-externc-isystem, /Library/Developer/CommandLineTools/SDKs/MacOSX.sdk/usr/include, -internal-externc-isystem, /Library/Developer/CommandLineTools/usr/include, -Wno-reorder-init-list, -Wno-implicit-int-float-conversion, -Wno-c99-designator, -Wno-final-dtor-non-final-class, -Wno-extra-semi-stmt, -Wno-misleading-indentation, -Wno-quoted-include-in-framework-header, -Wno-implicit-fallthrough, -Wno-enum-enum-conversion, -Wno-enum-float-conversion, -Wno-elaborated-enum-base, -Wno-reserved-identifier, -Wno-gnu-folding-constant, -fdebug-compilation-dir=/Users/sheenie/Desktop/my_cases/taint+buffer_trimmed, -ferror-limit, 19, -stack-protector, 1, -fstack-check, -mdarwin-stkchk-strong-link, -fblocks, -fencode-extended-block-signature, -fregister-global-dtors-with-atexit, -fgnuc-version=4.2.1, -fmax-type-align=16, -fcommon, -clang-vendor-feature=+disableNonDependentMemberExprInCurrentInstantiation, -fno-odr-hash-protocols, -clang-vendor-feature=+enableAggressiveVLAFolding, -clang-vendor-feature=+revert09abecef7bbf, -clang-vendor-feature=+thisNoAlignAttr, -clang-vendor-feature=+thisNoNullAttr, -mllvm, -disable-aligned-alloc-awareness=1, -D__GCC_HAVE_DWARF2_CFI_ASM=1, -o, CWE121_Stack_Based_Buffer_Overflow__char_type_overrun_memcpy_03.o, -x, c, CWE121_Stack_Based_Buffer_Overflow__char_type_overrun_memcpy_03.c]
[T 16:49:22 77654] trace_languages(1): [cpp]
[T 16:49:22 77656] Attempting to switch stdout/stderr to 4...
[T 16:49:22 77656] Initializing tracer.
[T 16:49:22 77656] Initializing tags.
[T 16:49:22 77656] ID set to 0000000000012F58_0000000000000001 (parent 0000000000012F56_0000000000000001)
[E 16:49:22 77656] CodeQL C/C++ Extractor 2.25.4
[E 16:49:22 77656] Current directory: /Users/sheenie/Desktop/my_cases/taint+buffer_trimmed
[E 16:49:22 77656] Command: /Users/sheenie/Desktop/codeql/cpp/tools/osx64/extractor --mimic /library/developer/commandlinetools/usr/bin/clang -cc1 -triple x86_64-apple-macosx14.4.0 -Wundef-prefix=TARGET_OS_ -Wdeprecated-objc-isa-usage -Werror=deprecated-objc-isa-usage -Werror=implicit-function-declaration -emit-obj -mrelax-all --mrelax-relocations -disable-free -clear-ast-before-backend -disable-llvm-verifier -discard-value-names -main-file-name CWE121_Stack_Based_Buffer_Overflow__char_type_overrun_memcpy_03.c -mrelocation-model pic -pic-level 2 -mframe-pointer=all -fno-strict-return -ffp-contract=on -fno-rounding-math -funwind-tables=2 -target-sdk-version=14.4 -fvisibility-inlines-hidden-static-local-var -target-cpu penryn -tune-cpu generic -debugger-tuning=lldb -target-linker-version 1053.12 -fcoverage-compilation-dir=/Users/sheenie/Desktop/my_cases/taint+buffer_trimmed -resource-dir /Library/Developer/CommandLineTools/usr/lib/clang/15.0.0 -isysroot /Library/Developer/CommandLineTools/SDKs/MacOSX.sdk -I/usr/local/include -internal-isystem /Library/Developer/CommandLineTools/SDKs/MacOSX.sdk/usr/local/include -internal-isystem /Library/Developer/CommandLineTools/usr/lib/clang/15.0.0/include -internal-externc-isystem /Library/Developer/CommandLineTools/SDKs/MacOSX.sdk/usr/include -internal-externc-isystem /Library/Developer/CommandLineTools/usr/include -Wno-reorder-init-list -Wno-implicit-int-float-conversion -Wno-c99-designator -Wno-final-dtor-non-final-class -Wno-extra-semi-stmt -Wno-misleading-indentation -Wno-quoted-include-in-framework-header -Wno-implicit-fallthrough -Wno-enum-enum-conversion -Wno-enum-float-conversion -Wno-elaborated-enum-base -Wno-reserved-identifier -Wno-gnu-folding-constant -fdebug-compilation-dir=/Users/sheenie/Desktop/my_cases/taint+buffer_trimmed -ferror-limit 19 -stack-protector 1 -fstack-check -mdarwin-stkchk-strong-link -fblocks -fencode-extended-block-signature -fregister-global-dtors-with-atexit -fgnuc-version=4.2.1 -fmax-type-align=16 -fcommon -clang-vendor-feature=+disableNonDependentMemberExprInCurrentInstantiation -fno-odr-hash-protocols -clang-vendor-feature=+enableAggressiveVLAFolding -clang-vendor-feature=+revert09abecef7bbf -clang-vendor-feature=+thisNoAlignAttr -clang-vendor-feature=+thisNoNullAttr -mllvm -disable-aligned-alloc-awareness=1 -D__GCC_HAVE_DWARF2_CFI_ASM=1 -o CWE121_Stack_Based_Buffer_Overflow__char_type_overrun_memcpy_03.o -x c CWE121_Stack_Based_Buffer_Overflow__char_type_overrun_memcpy_03.c
[E 16:49:22 77656] Warning: Unrecognized command line argument -mllvm
[E 16:49:22 77656] Warning: Unrecognized command line argument -disable-aligned-alloc-awareness=1
[E 16:49:22 77656] Checking whether C compilation already happened.
[E 16:49:22 77656] Checking for tag c-compilation-happened
[E 16:49:22 77656] Checking CODEQL_TRACER_DB_ID 0000000000012F56_0000000000000001
[E 16:49:22 77656] Locking DB /Users/sheenie/Desktop/my_cases/taint+buffer_trimmed/cwe121-db/working/tags.db
[E 16:49:22 77656] Locked DB /Users/sheenie/Desktop/my_cases/taint+buffer_trimmed/cwe121-db/working/tags.db
[E 16:49:22 77656] Unlocking DB
[E 16:49:22 77656] Unlocked DB
[E 16:49:22 77656] Looks like C compilation didn't already happen.
[E 16:49:22 77656] Checking whether C compilation has been attempted.
[E 16:49:22 77656] Checking for tag c-compilation-attempted
[E 16:49:22 77656] Checking CODEQL_TRACER_DB_ID 0000000000012F56_0000000000000001
[E 16:49:22 77656] Locking DB /Users/sheenie/Desktop/my_cases/taint+buffer_trimmed/cwe121-db/working/tags.db
[E 16:49:22 77656] Locked DB /Users/sheenie/Desktop/my_cases/taint+buffer_trimmed/cwe121-db/working/tags.db
[E 16:49:22 77656] Unlocking DB
[E 16:49:22 77656] Unlocked DB
[E 16:49:22 77656] Marking C compilation as attempted.
[E 16:49:22 77656] Setting tag c-compilation-attempted
[E 16:49:22 77656] Starting from CODEQL_TRACER_DB_ID 0000000000012F56_0000000000000001
[E 16:49:22 77656] Locking DB /Users/sheenie/Desktop/my_cases/taint+buffer_trimmed/cwe121-db/working/tags.db
[E 16:49:22 77656] Locked DB /Users/sheenie/Desktop/my_cases/taint+buffer_trimmed/cwe121-db/working/tags.db
[E 16:49:22 77656] Set tag for 0000000000012F56_0000000000000001
[E 16:49:22 77656] Set tag for 0000000000012F54_0000000000000002
[E 16:49:22 77656] Set tag for 0000000000012F54_0000000000000001
[E 16:49:22 77656] Set tag for 0000000000012F53_0000000000000001
[E 16:49:22 77656] Set tag for 0000000000012F52_0000000000000001
[E 16:49:22 77656] Set tag for 0000000000012E85_0000000000000004
[E 16:49:22 77656] Set tag for 0000000000012E85_0000000000000003
[E 16:49:22 77656] Set tag for 0000000000012E85_0000000000000002
[E 16:49:22 77656] Set tag for root
[E 16:49:22 77656] Unlocking DB
[E 16:49:22 77656] Unlocked DB
[E 16:49:22 77656] Processed command line: /Users/sheenie/Desktop/codeql/cpp/tools/osx64/extractor --trapfolder /Users/sheenie/Desktop/my_cases/taint+buffer_trimmed/cwe121-db/trap/cpp --src_archive /Users/sheenie/Desktop/my_cases/taint+buffer_trimmed/cwe121-db/src --object_filename CWE121_Stack_Based_Buffer_Overflow__char_type_overrun_memcpy_03.o --no_warnings_and_discretionary_errors --error_limit 1000 --disable_system_macros --variadic_macros --incognito --gcc --clang_version 160000 --gnu_version 40801 --has_feature_vector 11111111111111111000000000000000000000000000000000000000000000000000011 --clang --target linux_x86_64 -D_LP64=1 -D__APPLE_CC__=6000 -D__APPLE__=1 -D__ATOMIC_ACQUIRE=2 -D__ATOMIC_ACQ_REL=4 -D__ATOMIC_CONSUME=1 -D__ATOMIC_RELAXED=0 -D__ATOMIC_RELEASE=3 -D__ATOMIC_SEQ_CST=5 -D__BIGGEST_ALIGNMENT__=16 -D__BITINT_MAXWIDTH__=128 -D__BLOCKS__=1 -D__BOOL_WIDTH__=8 -D__BYTE_ORDER__=__ORDER_LITTLE_ENDIAN__ -D__CHAR_BIT__=8 -D__CLANG_ATOMIC_BOOL_LOCK_FREE=2 -D__CLANG_ATOMIC_CHAR16_T_LOCK_FREE=2 -D__CLANG_ATOMIC_CHAR32_T_LOCK_FREE=2 -D__CLANG_ATOMIC_CHAR_LOCK_FREE=2 -D__CLANG_ATOMIC_INT_LOCK_FREE=2 -D__CLANG_ATOMIC_LLONG_LOCK_FREE=2 -D__CLANG_ATOMIC_LONG_LOCK_FREE=2 -D__CLANG_ATOMIC_POINTER_LOCK_FREE=2 -D__CLANG_ATOMIC_SHORT_LOCK_FREE=2 -D__CLANG_ATOMIC_WCHAR_T_LOCK_FREE=2 -D__CONSTANT_CFSTRINGS__=1 -D__DBL_DECIMAL_DIG__=17 -D__DBL_DENORM_MIN__=4.9406564584124654e-324 -D__DBL_DIG__=15 -D__DBL_EPSILON__=2.2204460492503131e-16 -D__DBL_HAS_DENORM__=1 -D__DBL_HAS_INFINITY__=1 -D__DBL_HAS_QUIET_NAN__=1 -D__DBL_MANT_DIG__=53 -D__DBL_MAX_10_EXP__=308 -D__DBL_MAX_EXP__=1024 -D__DBL_MAX__=1.7976931348623157e+308 '-D__DBL_MIN_10_EXP__=(-307)' '-D__DBL_MIN_EXP__=(-1021)' -D__DBL_MIN__=2.2250738585072014e-308 -D__DECIMAL_DIG__=__LDBL_DECIMAL_DIG__ -D__DYNAMIC__=1 -D__ENVIRONMENT_MAC_OS_X_VERSION_MIN_REQUIRED__=140400 -D__ENVIRONMENT_OS_VERSION_MIN_REQUIRED__=140400 -D__FINITE_MATH_ONLY__=0 -D__FLT16_DECIMAL_DIG__=5 -D__FLT16_DENORM_MIN__=5.9604644775390625e-8F16 -D__FLT16_DIG__=3 -D__FLT16_EPSILON__=9.765625e-4F16 -D__FLT16_HAS_DENORM__=1 -D__FLT16_HAS_INFINITY__=1 -D__FLT16_HAS_QUIET_NAN__=1 -D__FLT16_MANT_DIG__=11 -D__FLT16_MAX_10_EXP__=4 -D__FLT16_MAX_EXP__=16 -D__FLT16_MAX__=6.5504e+4F16 '-D__FLT16_MIN_10_EXP__=(-4)' '-D__FLT16_MIN_EXP__=(-13)' -D__FLT16_MIN__=6.103515625e-5F16 -D__FLT_DECIMAL_DIG__=9 -D__FLT_DENORM_MIN__=1.40129846e-45F -D__FLT_DIG__=6 -D__FLT_EPSILON__=1.19209290e-7F -D__FLT_HAS_DENORM__=1 -D__FLT_HAS_INFINITY__=1 -D__FLT_HAS_QUIET_NAN__=1 -D__FLT_MANT_DIG__=24 -D__FLT_MAX_10_EXP__=38 -D__FLT_MAX_EXP__=128 -D__FLT_MAX__=3.40282347e+38F '-D__FLT_MIN_10_EXP__=(-37)' '-D__FLT_MIN_EXP__=(-125)' -D__FLT_MIN__=1.17549435e-38F -D__FLT_RADIX__=2 -D__FXSR__=1 -D__GCC_ASM_FLAG_OUTPUTS__=1 -D__GCC_ATOMIC_BOOL_LOCK_FREE=2 -D__GCC_ATOMIC_CHAR16_T_LOCK_FREE=2 -D__GCC_ATOMIC_CHAR32_T_LOCK_FREE=2 -D__GCC_ATOMIC_CHAR_LOCK_FREE=2 -D__GCC_ATOMIC_INT_LOCK_FREE=2 -D__GCC_ATOMIC_LLONG_LOCK_FREE=2 -D__GCC_ATOMIC_LONG_LOCK_FREE=2 -D__GCC_ATOMIC_POINTER_LOCK_FREE=2 -D__GCC_ATOMIC_SHORT_LOCK_FREE=2 -D__GCC_ATOMIC_TEST_AND_SET_TRUEVAL=1 -D__GCC_ATOMIC_WCHAR_T_LOCK_FREE=2 -D__GCC_HAVE_SYNC_COMPARE_AND_SWAP_1=1 -D__GCC_HAVE_SYNC_COMPARE_AND_SWAP_16=1 -D__GCC_HAVE_SYNC_COMPARE_AND_SWAP_2=1 -D__GCC_HAVE_SYNC_COMPARE_AND_SWAP_4=1 -D__GCC_HAVE_SYNC_COMPARE_AND_SWAP_8=1 -D__GNUC_MINOR__=2 -D__GNUC_PATCHLEVEL__=1 -D__GNUC__=4 -D__GXX_ABI_VERSION=1002 -D__INT16_C_SUFFIX__= '-D__INT16_FMTd__="hd"' '-D__INT16_FMTi__="hi"' -D__INT16_MAX__=32767 -D__INT16_TYPE__=short -D__INT32_C_SUFFIX__= '-D__INT32_FMTd__="d"' '-D__INT32_FMTi__="i"' -D__INT32_MAX__=2147483647 -D__INT32_TYPE__=int -D__INT64_C_SUFFIX__=LL '-D__INT64_FMTd__="lld"' '-D__INT64_FMTi__="lli"' -D__INT64_MAX__=9223372036854775807LL '-D__INT64_TYPE__=long long int' -D__INT8_C_SUFFIX__= '-D__INT8_FMTd__="hhd"' '-D__INT8_FMTi__="hhi"' -D__INT8_MAX__=127 '-D__INT8_TYPE__=signed char' -D__INTMAX_C_SUFFIX__=L '-D__INTMAX_FMTd__="ld"' '-D__INTMAX_FMTi__="li"' -D__INTMAX_MAX__=9223372036854775807L '-D__INTMAX_TYPE__=long int' -D__INTMAX_WIDTH__=64 '-D__INTPTR_FMTd__="ld"' '-D__INTPTR_FMTi__="li"' -D__INTPTR_MAX__=9223372036854775807L '-D__INTPTR_TYPE__=long int' -D__INTPTR_WIDTH__=64 '-D__INT_FAST16_FMTd__="hd"' '-D__INT_FAST16_FMTi__="hi"' -D__INT_FAST16_MAX__=32767 -D__INT_FAST16_TYPE__=short -D__INT_FAST16_WIDTH__=16 '-D__INT_FAST32_FMTd__="d"' '-D__INT_FAST32_FMTi__="i"' -D__INT_FAST32_MAX__=2147483647 -D__INT_FAST32_TYPE__=int -D__INT_FAST32_WIDTH__=32 '-D__INT_FAST64_FMTd__="lld"' '-D__INT_FAST64_FMTi__="lli"' -D__INT_FAST64_MAX__=9223372036854775807LL '-D__INT_FAST64_TYPE__=long long int' -D__INT_FAST64_WIDTH__=64 '-D__INT_FAST8_FMTd__="hhd"' '-D__INT_FAST8_FMTi__="hhi"' -D__INT_FAST8_MAX__=127 '-D__INT_FAST8_TYPE__=signed char' -D__INT_FAST8_WIDTH__=8 '-D__INT_LEAST16_FMTd__="hd"' '-D__INT_LEAST16_FMTi__="hi"' -D__INT_LEAST16_MAX__=32767 -D__INT_LEAST16_TYPE__=short -D__INT_LEAST16_WIDTH__=16 '-D__INT_LEAST32_FMTd__="d"' '-D__INT_LEAST32_FMTi__="i"' -D__INT_LEAST32_MAX__=2147483647 -D__INT_LEAST32_TYPE__=int -D__INT_LEAST32_WIDTH__=32 '-D__INT_LEAST64_FMTd__="lld"' '-D__INT_LEAST64_FMTi__="lli"' -D__INT_LEAST64_MAX__=9223372036854775807LL '-D__INT_LEAST64_TYPE__=long long int' -D__INT_LEAST64_WIDTH__=64 '-D__INT_LEAST8_FMTd__="hhd"' '-D__INT_LEAST8_FMTi__="hhi"' -D__INT_LEAST8_MAX__=127 '-D__INT_LEAST8_TYPE__=signed char' -D__INT_LEAST8_WIDTH__=8 -D__INT_MAX__=2147483647 -D__INT_WIDTH__=32 -D__LAHF_SAHF__=1 -D__LDBL_DECIMAL_DIG__=21 -D__LDBL_DENORM_MIN__=3.64519953188247460253e-4951L -D__LDBL_DIG__=18 -D__LDBL_EPSILON__=1.08420217248550443401e-19L -D__LDBL_HAS_DENORM__=1 -D__LDBL_HAS_INFINITY__=1 -D__LDBL_HAS_QUIET_NAN__=1 -D__LDBL_MANT_DIG__=64 -D__LDBL_MAX_10_EXP__=4932 -D__LDBL_MAX_EXP__=16384 -D__LDBL_MAX__=1.18973149535723176502e+4932L '-D__LDBL_MIN_10_EXP__=(-4931)' '-D__LDBL_MIN_EXP__=(-16381)' -D__LDBL_MIN__=3.36210314311209350626e-4932L -D__LITTLE_ENDIAN__=1 -D__LLONG_WIDTH__=64 -D__LONG_LONG_MAX__=9223372036854775807LL -D__LONG_MAX__=9223372036854775807L -D__LONG_WIDTH__=64 -D__LP64__=1 -D__MACH__=1 -D__MMX__=1 -D__NO_INLINE__=1 -D__NO_MATH_ERRNO__=1 -D__NO_MATH_INLINES=1 -D__OBJC_BOOL_IS_BOOL=0 -D__OPENCL_MEMORY_SCOPE_ALL_SVM_DEVICES=3 -D__OPENCL_MEMORY_SCOPE_DEVICE=2 -D__OPENCL_MEMORY_SCOPE_SUB_GROUP=4 -D__OPENCL_MEMORY_SCOPE_WORK_GROUP=1 -D__OPENCL_MEMORY_SCOPE_WORK_ITEM=0 -D__ORDER_BIG_ENDIAN__=4321 -D__ORDER_LITTLE_ENDIAN__=1234 -D__ORDER_PDP_ENDIAN__=3412 -D__PIC__=2 -D__POINTER_WIDTH__=64 -D__PRAGMA_REDEFINE_EXTNAME=1 '-D__PTRDIFF_FMTd__="ld"' '-D__PTRDIFF_FMTi__="li"' -D__PTRDIFF_MAX__=9223372036854775807L '-D__PTRDIFF_TYPE__=long int' -D__PTRDIFF_WIDTH__=64 -D__REGISTER_PREFIX__= -D__SCHAR_MAX__=127 -D__SEG_FS=1 -D__SEG_GS=1 -D__SHRT_MAX__=32767 -D__SHRT_WIDTH__=16 -D__SIG_ATOMIC_MAX__=2147483647 -D__SIG_ATOMIC_WIDTH__=32 -D__SIZEOF_DOUBLE__=8 -D__SIZEOF_FLOAT__=4 -D__SIZEOF_INT128__=16 -D__SIZEOF_INT__=4 -D__SIZEOF_LONG_DOUBLE__=16 -D__SIZEOF_LONG_LONG__=8 -D__SIZEOF_LONG__=8 -D__SIZEOF_POINTER__=8 -D__SIZEOF_PTRDIFF_T__=8 -D__SIZEOF_SHORT__=2 -D__SIZEOF_SIZE_T__=8 -D__SIZEOF_WCHAR_T__=4 -D__SIZEOF_WINT_T__=4 '-D__SIZE_FMTX__="lX"' '-D__SIZE_FMTo__="lo"' '-D__SIZE_FMTu__="lu"' '-D__SIZE_FMTx__="lx"' -D__SIZE_MAX__=18446744073709551615UL '-D__SIZE_TYPE__=long unsigned int' -D__SIZE_WIDTH__=64 -D__SSE2_MATH__=1 -D__SSE2__=1 -D__SSE3__=1 -D__SSE4_1__=1 -D__SSE_MATH__=1 -D__SSE__=1 -D__SSSE3__=1 -D__STDC_NO_THREADS__=1 -D__STDC_UTF_16__=1 -D__STDC_UTF_32__=1 -D__UINT16_C_SUFFIX__= '-D__UINT16_FMTX__="hX"' '-D__UINT16_FMTo__="ho"' '-D__UINT16_FMTu__="hu"' '-D__UINT16_FMTx__="hx"' -D__UINT16_MAX__=65535 '-D__UINT16_TYPE__=unsigned short' -D__UINT32_C_SUFFIX__=U '-D__UINT32_FMTX__="X"' '-D__UINT32_FMTo__="o"' '-D__UINT32_FMTu__="u"' '-D__UINT32_FMTx__="x"' -D__UINT32_MAX__=4294967295U '-D__UINT32_TYPE__=unsigned int' -D__UINT64_C_SUFFIX__=ULL '-D__UINT64_FMTX__="llX"' '-D__UINT64_FMTo__="llo"' '-D__UINT64_FMTu__="llu"' '-D__UINT64_FMTx__="llx"' -D__UINT64_MAX__=18446744073709551615ULL '-D__UINT64_TYPE__=long long unsigned int' -D__UINT8_C_SUFFIX__= '-D__UINT8_FMTX__="hhX"' '-D__UINT8_FMTo__="hho"' '-D__UINT8_FMTu__="hhu"' '-D__UINT8_FMTx__="hhx"' -D__UINT8_MAX__=255 '-D__UINT8_TYPE__=unsigned char' -D__UINTMAX_C_SUFFIX__=UL '-D__UINTMAX_FMTX__="lX"' '-D__UINTMAX_FMTo__="lo"' '-D__UINTMAX_FMTu__="lu"' '-D__UINTMAX_FMTx__="lx"' -D__UINTMAX_MAX__=18446744073709551615UL '-D__UINTMAX_TYPE__=long unsigned int' -D__UINTMAX_WIDTH__=64 '-D__UINTPTR_FMTX__="lX"' '-D__UINTPTR_FMTo__="lo"' '-D__UINTPTR_FMTu__="lu"' '-D__UINTPTR_FMTx__="lx"' -D__UINTPTR_MAX__=18446744073709551615UL '-D__UINTPTR_TYPE__=long unsigned int' -D__UINTPTR_WIDTH__=64 '-D__UINT_FAST16_FMTX__="hX"' '-D__UINT_FAST16_FMTo__="ho"' '-D__UINT_FAST16_FMTu__="hu"' '-D__UINT_FAST16_FMTx__="hx"' -D__UINT_FAST16_MAX__=65535 '-D__UINT_FAST16_TYPE__=unsigned short' '-D__UINT_FAST32_FMTX__="X"' '-D__UINT_FAST32_FMTo__="o"' '-D__UINT_FAST32_FMTu__="u"' '-D__UINT_FAST32_FMTx__="x"' -D__UINT_FAST32_MAX__=4294967295U '-D__UINT_FAST32_TYPE__=unsigned int' '-D__UINT_FAST64_FMTX__="llX"' '-D__UINT_FAST64_FMTo__="llo"' '-D__UINT_FAST64_FMTu__="llu"' '-D__UINT_FAST64_FMTx__="llx"' -D__UINT_FAST64_MAX__=18446744073709551615ULL '-D__UINT_FAST64_TYPE__=long long unsigned int' '-D__UINT_FAST8_FMTX__="hhX"' '-D__UINT_FAST8_FMTo__="hho"' '-D__UINT_FAST8_FMTu__="hhu"' '-D__UINT_FAST8_FMTx__="hhx"' -D__UINT_FAST8_MAX__=255 '-D__UINT_FAST8_TYPE__=unsigned char' '-D__UINT_LEAST16_FMTX__="hX"' '-D__UINT_LEAST16_FMTo__="ho"' '-D__UINT_LEAST16_FMTu__="hu"' '-D__UINT_LEAST16_FMTx__="hx"' -D__UINT_LEAST16_MAX__=65535 '-D__UINT_LEAST16_TYPE__=unsigned short' '-D__UINT_LEAST32_FMTX__="X"' '-D__UINT_LEAST32_FMTo__="o"' '-D__UINT_LEAST32_FMTu__="u"' '-D__UINT_LEAST32_FMTx__="x"' -D__UINT_LEAST32_MAX__=4294967295U '-D__UINT_LEAST32_TYPE__=unsigned int' '-D__UINT_LEAST64_FMTX__="llX"' '-D__UINT_LEAST64_FMTo__="llo"' '-D__UINT_LEAST64_FMTu__="llu"' '-D__UINT_LEAST64_FMTx__="llx"' -D__UINT_LEAST64_MAX__=18446744073709551615ULL '-D__UINT_LEAST64_TYPE__=long long unsigned int' '-D__UINT_LEAST8_FMTX__="hhX"' '-D__UINT_LEAST8_FMTo__="hho"' '-D__UINT_LEAST8_FMTu__="hhu"' '-D__UINT_LEAST8_FMTx__="hhx"' -D__UINT_LEAST8_MAX__=255 '-D__UINT_LEAST8_TYPE__=unsigned char' -D__USER_LABEL_PREFIX__=_ '-D__VERSION__="Apple LLVM 15.0.0 (clang-1500.3.9.4)"' -D__WCHAR_MAX__=2147483647 -D__WCHAR_TYPE__=int -D__WCHAR_WIDTH__=32 -D__WINT_MAX__=2147483647 -D__WINT_TYPE__=int -D__WINT_WIDTH__=32 -D__amd64=1 -D__amd64__=1 -D__apple_build_version__=15000309 '-D__block=__attribute__((__blocks__(byref)))' -D__clang__=1 '-D__clang_literal_encoding__="UTF-8"' -D__clang_major__=15 -D__clang_minor__=0 -D__clang_patchlevel__=0 '-D__clang_version__="15.0.0 (clang-1500.3.9.4)"' '-D__clang_wide_literal_encoding__="UTF-32"' -D__code_model_small__=1 -D__core2=1 -D__core2__=1 -D__llvm__=1 -D__nonnull=_Nonnull -D__null_unspecified=_Null_unspecified -D__nullable=_Nullable -D__pic__=2 '-D__seg_fs=__attribute__((address_space(257)))' '-D__seg_gs=__attribute__((address_space(256)))' -D__strong= -D__tune_core2__=1 -D__unsafe_unretained= '-D__weak=__attribute__((objc_gc(weak)))' -D__x86_64=1 -D__x86_64__=1 '-D__private_extern__=extern __attribute__((visibility("hidden")))' --blocks -D__GCC_HAVE_DWARF2_CFI_ASM=1 -I/usr/local/include -I/Library/Developer/CommandLineTools/usr/lib/clang/15.0.0/include -I/Library/Developer/CommandLineTools/SDKs/MacOSX.sdk/usr/include -I/Library/Developer/CommandLineTools/usr/include -F/Library/Developer/CommandLineTools/SDKs/MacOSX.sdk/System/Library/Frameworks -- CWE121_Stack_Based_Buffer_Overflow__char_type_overrun_memcpy_03.c
[E 16:49:22 77656] CODEQL_EXTRACTOR_CPP_TRAP_CACHING is not set
[E 16:49:22 77656] CODEQL_EXTRACTOR_CPP_OPTION_TRAP_CACHE_WRITE is not set
[E 16:49:22 77656] CODEQL_EXTRACTOR_CPP_OPTION_TRAP_CACHE_DIR is not set
[E 16:49:22 77656] Initialising TRAP cache at path: 78/69b8/b86db75eedc167ac7acf0190cb6a
[E 16:49:22 77656] Not using TRAP cache
[E 16:49:22 77656] TRAP cache miss
[E 16:49:22 77656] Starting compilation TRAP /Users/sheenie/Desktop/my_cases/taint+buffer_trimmed/cwe121-db/trap/cpp/compilations/22/36747672_0.trap.zst
[E 16:49:22 77656] Archiving /Users/sheenie/Desktop/my_cases/taint+buffer_trimmed/cwe121-db/src/Users/sheenie/Desktop/my_cases/taint+buffer_trimmed/CWE121_Stack_Based_Buffer_Overflow__char_type_overrun_memcpy_03.c
[E 16:49:22 77656] Already archived /Users/sheenie/Desktop/my_cases/taint+buffer_trimmed/cwe121-db/src/Users/sheenie/Desktop/my_cases/taint+buffer_trimmed/std_testcase.h
[E 16:49:22 77656] Already archived /Users/sheenie/Desktop/my_cases/taint+buffer_trimmed/cwe121-db/src/Library/Developer/CommandLineTools/SDKs/MacOSX14.4.sdk/usr/include/stdio.h
[E 16:49:22 77656] Already archived /Users/sheenie/Desktop/my_cases/taint+buffer_trimmed/cwe121-db/src/Library/Developer/CommandLineTools/SDKs/MacOSX14.4.sdk/usr/include/_stdio.h
[E 16:49:22 77656] Already archived /Users/sheenie/Desktop/my_cases/taint+buffer_trimmed/cwe121-db/src/Library/Developer/CommandLineTools/SDKs/MacOSX14.4.sdk/usr/include/sys/cdefs.h
[E 16:49:22 77656] Already archived /Users/sheenie/Desktop/my_cases/taint+buffer_trimmed/cwe121-db/src/Library/Developer/CommandLineTools/SDKs/MacOSX14.4.sdk/usr/include/sys/_symbol_aliasing.h
[E 16:49:22 77656] Already archived /Users/sheenie/Desktop/my_cases/taint+buffer_trimmed/cwe121-db/src/Library/Developer/CommandLineTools/SDKs/MacOSX14.4.sdk/usr/include/sys/_posix_availability.h
[E 16:49:22 77656] Already archived /Users/sheenie/Desktop/my_cases/taint+buffer_trimmed/cwe121-db/src/Library/Developer/CommandLineTools/SDKs/MacOSX14.4.sdk/usr/include/Availability.h
[E 16:49:22 77656] Already archived /Users/sheenie/Desktop/my_cases/taint+buffer_trimmed/cwe121-db/src/Library/Developer/CommandLineTools/SDKs/MacOSX14.4.sdk/usr/include/AvailabilityVersions.h
[E 16:49:22 77656] Already archived /Users/sheenie/Desktop/my_cases/taint+buffer_trimmed/cwe121-db/src/Library/Developer/CommandLineTools/SDKs/MacOSX14.4.sdk/usr/include/AvailabilityInternal.h
[E 16:49:22 77656] Already archived /Users/sheenie/Desktop/my_cases/taint+buffer_trimmed/cwe121-db/src/Library/Developer/CommandLineTools/SDKs/MacOSX14.4.sdk/usr/include/AvailabilityInternalLegacy.h
[E 16:49:22 77656] Already archived /Users/sheenie/Desktop/my_cases/taint+buffer_trimmed/cwe121-db/src/Library/Developer/CommandLineTools/SDKs/MacOSX14.4.sdk/usr/include/_types.h
[E 16:49:22 77656] Already archived /Users/sheenie/Desktop/my_cases/taint+buffer_trimmed/cwe121-db/src/Library/Developer/CommandLineTools/SDKs/MacOSX14.4.sdk/usr/include/sys/_types.h
[E 16:49:22 77656] Already archived /Users/sheenie/Desktop/my_cases/taint+buffer_trimmed/cwe121-db/src/Library/Developer/CommandLineTools/SDKs/MacOSX14.4.sdk/usr/include/machine/_types.h
[E 16:49:22 77656] Already archived /Users/sheenie/Desktop/my_cases/taint+buffer_trimmed/cwe121-db/src/Library/Developer/CommandLineTools/SDKs/MacOSX14.4.sdk/usr/include/i386/_types.h
[E 16:49:22 77656] Already archived /Users/sheenie/Desktop/my_cases/taint+buffer_trimmed/cwe121-db/src/Library/Developer/CommandLineTools/SDKs/MacOSX14.4.sdk/usr/include/sys/_pthread/_pthread_types.h
[E 16:49:22 77656] Already archived /Users/sheenie/Desktop/my_cases/taint+buffer_trimmed/cwe121-db/src/Library/Developer/CommandLineTools/SDKs/MacOSX14.4.sdk/usr/include/sys/_types/_va_list.h
[E 16:49:22 77656] Already archived /Users/sheenie/Desktop/my_cases/taint+buffer_trimmed/cwe121-db/src/Library/Developer/CommandLineTools/SDKs/MacOSX14.4.sdk/usr/include/machine/types.h
[E 16:49:22 77656] Already archived /Users/sheenie/Desktop/my_cases/taint+buffer_trimmed/cwe121-db/src/Library/Developer/CommandLineTools/SDKs/MacOSX14.4.sdk/usr/include/i386/types.h
[E 16:49:22 77656] Already archived /Users/sheenie/Desktop/my_cases/taint+buffer_trimmed/cwe121-db/src/Library/Developer/CommandLineTools/SDKs/MacOSX14.4.sdk/usr/include/sys/_types/_int8_t.h
[E 16:49:22 77656] Already archived /Users/sheenie/Desktop/my_cases/taint+buffer_trimmed/cwe121-db/src/Library/Developer/CommandLineTools/SDKs/MacOSX14.4.sdk/usr/include/sys/_types/_int16_t.h
[E 16:49:22 77656] Already archived /Users/sheenie/Desktop/my_cases/taint+buffer_trimmed/cwe121-db/src/Library/Developer/CommandLineTools/SDKs/MacOSX14.4.sdk/usr/include/sys/_types/_int32_t.h
[E 16:49:22 77656] Already archived /Users/sheenie/Desktop/my_cases/taint+buffer_trimmed/cwe121-db/src/Library/Developer/CommandLineTools/SDKs/MacOSX14.4.sdk/usr/include/sys/_types/_int64_t.h
[E 16:49:22 77656] Already archived /Users/sheenie/Desktop/my_cases/taint+buffer_trimmed/cwe121-db/src/Library/Developer/CommandLineTools/SDKs/MacOSX14.4.sdk/usr/include/sys/_types/_u_int8_t.h
[E 16:49:22 77656] Already archived /Users/sheenie/Desktop/my_cases/taint+buffer_trimmed/cwe121-db/src/Library/Developer/CommandLineTools/SDKs/MacOSX14.4.sdk/usr/include/sys/_types/_u_int16_t.h
[E 16:49:22 77656] Already archived /Users/sheenie/Desktop/my_cases/taint+buffer_trimmed/cwe121-db/src/Library/Developer/CommandLineTools/SDKs/MacOSX14.4.sdk/usr/include/sys/_types/_u_int32_t.h
[E 16:49:22 77656] Already archived /Users/sheenie/Desktop/my_cases/taint+buffer_trimmed/cwe121-db/src/Library/Developer/CommandLineTools/SDKs/MacOSX14.4.sdk/usr/include/sys/_types/_u_int64_t.h
[E 16:49:22 77656] Already archived /Users/sheenie/Desktop/my_cases/taint+buffer_trimmed/cwe121-db/src/Library/Developer/CommandLineTools/SDKs/MacOSX14.4.sdk/usr/include/sys/_types/_intptr_t.h
[E 16:49:22 77656] Already archived /Users/sheenie/Desktop/my_cases/taint+buffer_trimmed/cwe121-db/src/Library/Developer/CommandLineTools/SDKs/MacOSX14.4.sdk/usr/include/machine/types.h
[E 16:49:22 77656] Already archived /Users/sheenie/Desktop/my_cases/taint+buffer_trimmed/cwe121-db/src/Library/Developer/CommandLineTools/SDKs/MacOSX14.4.sdk/usr/include/sys/_types/_uintptr_t.h
[E 16:49:22 77656] Already archived /Users/sheenie/Desktop/my_cases/taint+buffer_trimmed/cwe121-db/src/Library/Developer/CommandLineTools/SDKs/MacOSX14.4.sdk/usr/include/sys/_types/_size_t.h
[E 16:49:22 77656] Already archived /Users/sheenie/Desktop/my_cases/taint+buffer_trimmed/cwe121-db/src/Library/Developer/CommandLineTools/SDKs/MacOSX14.4.sdk/usr/include/sys/_types/_null.h
[E 16:49:22 77656] Already archived /Users/sheenie/Desktop/my_cases/taint+buffer_trimmed/cwe121-db/src/Library/Developer/CommandLineTools/SDKs/MacOSX14.4.sdk/usr/include/sys/stdio.h
[E 16:49:22 77656] Already archived /Users/sheenie/Desktop/my_cases/taint+buffer_trimmed/cwe121-db/src/Library/Developer/CommandLineTools/SDKs/MacOSX14.4.sdk/usr/include/sys/_types/_seek_set.h
[E 16:49:22 77656] Already archived /Users/sheenie/Desktop/my_cases/taint+buffer_trimmed/cwe121-db/src/Library/Developer/CommandLineTools/SDKs/MacOSX14.4.sdk/usr/include/_ctermid.h
[E 16:49:22 77656] Already archived /Users/sheenie/Desktop/my_cases/taint+buffer_trimmed/cwe121-db/src/Library/Developer/CommandLineTools/SDKs/MacOSX14.4.sdk/usr/include/sys/_types/_off_t.h
[E 16:49:22 77656] Already archived /Users/sheenie/Desktop/my_cases/taint+buffer_trimmed/cwe121-db/src/Library/Developer/CommandLineTools/SDKs/MacOSX14.4.sdk/usr/include/sys/_types/_ssize_t.h
[E 16:49:22 77656] Already archived /Users/sheenie/Desktop/my_cases/taint+buffer_trimmed/cwe121-db/src/Library/Developer/CommandLineTools/SDKs/MacOSX14.4.sdk/usr/include/secure/_stdio.h
[E 16:49:22 77656] Already archived /Users/sheenie/Desktop/my_cases/taint+buffer_trimmed/cwe121-db/src/Library/Developer/CommandLineTools/SDKs/MacOSX14.4.sdk/usr/include/secure/_common.h
[E 16:49:22 77656] Already archived /Users/sheenie/Desktop/my_cases/taint+buffer_trimmed/cwe121-db/src/Library/Developer/CommandLineTools/SDKs/MacOSX14.4.sdk/usr/include/stdlib.h
[E 16:49:22 77656] Already archived /Users/sheenie/Desktop/my_cases/taint+buffer_trimmed/cwe121-db/src/Library/Developer/CommandLineTools/SDKs/MacOSX14.4.sdk/usr/include/sys/wait.h
[E 16:49:22 77656] Already archived /Users/sheenie/Desktop/my_cases/taint+buffer_trimmed/cwe121-db/src/Library/Developer/CommandLineTools/SDKs/MacOSX14.4.sdk/usr/include/sys/_types/_pid_t.h
[E 16:49:22 77656] Already archived /Users/sheenie/Desktop/my_cases/taint+buffer_trimmed/cwe121-db/src/Library/Developer/CommandLineTools/SDKs/MacOSX14.4.sdk/usr/include/sys/_types/_id_t.h
[E 16:49:22 77656] Already archived /Users/sheenie/Desktop/my_cases/taint+buffer_trimmed/cwe121-db/src/Library/Developer/CommandLineTools/SDKs/MacOSX14.4.sdk/usr/include/sys/signal.h
[E 16:49:22 77656] Already archived /Users/sheenie/Desktop/my_cases/taint+buffer_trimmed/cwe121-db/src/Library/Developer/CommandLineTools/SDKs/MacOSX14.4.sdk/usr/include/sys/appleapiopts.h
[E 16:49:22 77656] Already archived /Users/sheenie/Desktop/my_cases/taint+buffer_trimmed/cwe121-db/src/Library/Developer/CommandLineTools/SDKs/MacOSX14.4.sdk/usr/include/machine/signal.h
[E 16:49:22 77656] Already archived /Users/sheenie/Desktop/my_cases/taint+buffer_trimmed/cwe121-db/src/Library/Developer/CommandLineTools/SDKs/MacOSX14.4.sdk/usr/include/i386/signal.h
[E 16:49:22 77656] Already archived /Users/sheenie/Desktop/my_cases/taint+buffer_trimmed/cwe121-db/src/Library/Developer/CommandLineTools/SDKs/MacOSX14.4.sdk/usr/include/machine/_mcontext.h
[E 16:49:22 77656] Already archived /Users/sheenie/Desktop/my_cases/taint+buffer_trimmed/cwe121-db/src/Library/Developer/CommandLineTools/SDKs/MacOSX14.4.sdk/usr/include/i386/_mcontext.h
[E 16:49:22 77656] Already archived /Users/sheenie/Desktop/my_cases/taint+buffer_trimmed/cwe121-db/src/Library/Developer/CommandLineTools/SDKs/MacOSX14.4.sdk/usr/include/mach/machine/_structs.h
[E 16:49:22 77656] Already archived /Users/sheenie/Desktop/my_cases/taint+buffer_trimmed/cwe121-db/src/Library/Developer/CommandLineTools/SDKs/MacOSX14.4.sdk/usr/include/mach/i386/_structs.h
[E 16:49:22 77656] Already archived /Users/sheenie/Desktop/my_cases/taint+buffer_trimmed/cwe121-db/src/Library/Developer/CommandLineTools/SDKs/MacOSX14.4.sdk/usr/include/sys/_pthread/_pthread_attr_t.h
[E 16:49:22 77656] Already archived /Users/sheenie/Desktop/my_cases/taint+buffer_trimmed/cwe121-db/src/Library/Developer/CommandLineTools/SDKs/MacOSX14.4.sdk/usr/include/sys/_types/_sigaltstack.h
[E 16:49:22 77656] Already archived /Users/sheenie/Desktop/my_cases/taint+buffer_trimmed/cwe121-db/src/Library/Developer/CommandLineTools/SDKs/MacOSX14.4.sdk/usr/include/sys/_types/_ucontext.h
[E 16:49:22 77656] Already archived /Users/sheenie/Desktop/my_cases/taint+buffer_trimmed/cwe121-db/src/Library/Developer/CommandLineTools/SDKs/MacOSX14.4.sdk/usr/include/sys/_types/_sigset_t.h
[E 16:49:22 77656] Already archived /Users/sheenie/Desktop/my_cases/taint+buffer_trimmed/cwe121-db/src/Library/Developer/CommandLineTools/SDKs/MacOSX14.4.sdk/usr/include/sys/_types/_uid_t.h
[E 16:49:22 77656] Already archived /Users/sheenie/Desktop/my_cases/taint+buffer_trimmed/cwe121-db/src/Library/Developer/CommandLineTools/SDKs/MacOSX14.4.sdk/usr/include/sys/resource.h
[E 16:49:22 77656] Already archived /Users/sheenie/Desktop/my_cases/taint+buffer_trimmed/cwe121-db/src/Library/Developer/CommandLineTools/usr/lib/clang/15.0.0/include/stdint.h
[E 16:49:22 77656] Already archived /Users/sheenie/Desktop/my_cases/taint+buffer_trimmed/cwe121-db/src/Library/Developer/CommandLineTools/SDKs/MacOSX14.4.sdk/usr/include/stdint.h
[E 16:49:22 77656] Already archived /Users/sheenie/Desktop/my_cases/taint+buffer_trimmed/cwe121-db/src/Library/Developer/CommandLineTools/SDKs/MacOSX14.4.sdk/usr/include/_types/_uint8_t.h
[E 16:49:22 77656] Already archived /Users/sheenie/Desktop/my_cases/taint+buffer_trimmed/cwe121-db/src/Library/Developer/CommandLineTools/SDKs/MacOSX14.4.sdk/usr/include/_types/_uint16_t.h
[E 16:49:22 77656] Already archived /Users/sheenie/Desktop/my_cases/taint+buffer_trimmed/cwe121-db/src/Library/Developer/CommandLineTools/SDKs/MacOSX14.4.sdk/usr/include/_types/_uint32_t.h
[E 16:49:22 77656] Already archived /Users/sheenie/Desktop/my_cases/taint+buffer_trimmed/cwe121-db/src/Library/Developer/CommandLineTools/SDKs/MacOSX14.4.sdk/usr/include/_types/_uint64_t.h
[E 16:49:22 77656] Already archived /Users/sheenie/Desktop/my_cases/taint+buffer_trimmed/cwe121-db/src/Library/Developer/CommandLineTools/SDKs/MacOSX14.4.sdk/usr/include/_types/_intmax_t.h
[E 16:49:22 77656] Already archived /Users/sheenie/Desktop/my_cases/taint+buffer_trimmed/cwe121-db/src/Library/Developer/CommandLineTools/SDKs/MacOSX14.4.sdk/usr/include/_types/_uintmax_t.h
[E 16:49:22 77656] Already archived /Users/sheenie/Desktop/my_cases/taint+buffer_trimmed/cwe121-db/src/Library/Developer/CommandLineTools/SDKs/MacOSX14.4.sdk/usr/include/sys/_types/_timeval.h
[E 16:49:22 77656] Already archived /Users/sheenie/Desktop/my_cases/taint+buffer_trimmed/cwe121-db/src/Library/Developer/CommandLineTools/SDKs/MacOSX14.4.sdk/usr/include/machine/endian.h
[E 16:49:22 77656] Already archived /Users/sheenie/Desktop/my_cases/taint+buffer_trimmed/cwe121-db/src/Library/Developer/CommandLineTools/SDKs/MacOSX14.4.sdk/usr/include/i386/endian.h
[E 16:49:22 77656] Already archived /Users/sheenie/Desktop/my_cases/taint+buffer_trimmed/cwe121-db/src/Library/Developer/CommandLineTools/SDKs/MacOSX14.4.sdk/usr/include/sys/_endian.h
[E 16:49:22 77656] Already archived /Users/sheenie/Desktop/my_cases/taint+buffer_trimmed/cwe121-db/src/Library/Developer/CommandLineTools/SDKs/MacOSX14.4.sdk/usr/include/machine/endian.h
[E 16:49:22 77656] Already archived /Users/sheenie/Desktop/my_cases/taint+buffer_trimmed/cwe121-db/src/Library/Developer/CommandLineTools/SDKs/MacOSX14.4.sdk/usr/include/libkern/_OSByteOrder.h
[E 16:49:22 77656] Already archived /Users/sheenie/Desktop/my_cases/taint+buffer_trimmed/cwe121-db/src/Library/Developer/CommandLineTools/SDKs/MacOSX14.4.sdk/usr/include/libkern/i386/_OSByteOrder.h
[E 16:49:22 77656] Already archived /Users/sheenie/Desktop/my_cases/taint+buffer_trimmed/cwe121-db/src/Library/Developer/CommandLineTools/SDKs/MacOSX14.4.sdk/usr/include/alloca.h
[E 16:49:22 77656] Already archived /Users/sheenie/Desktop/my_cases/taint+buffer_trimmed/cwe121-db/src/Library/Developer/CommandLineTools/SDKs/MacOSX14.4.sdk/usr/include/sys/_types/_ct_rune_t.h
[E 16:49:22 77656] Already archived /Users/sheenie/Desktop/my_cases/taint+buffer_trimmed/cwe121-db/src/Library/Developer/CommandLineTools/SDKs/MacOSX14.4.sdk/usr/include/sys/_types/_rune_t.h
[E 16:49:22 77656] Already archived /Users/sheenie/Desktop/my_cases/taint+buffer_trimmed/cwe121-db/src/Library/Developer/CommandLineTools/SDKs/MacOSX14.4.sdk/usr/include/sys/_types/_wchar_t.h
[E 16:49:22 77656] Already archived /Users/sheenie/Desktop/my_cases/taint+buffer_trimmed/cwe121-db/src/Library/Developer/CommandLineTools/SDKs/MacOSX14.4.sdk/usr/include/malloc/_malloc.h
[E 16:49:22 77656] Already archived /Users/sheenie/Desktop/my_cases/taint+buffer_trimmed/cwe121-db/src/Library/Developer/CommandLineTools/SDKs/MacOSX14.4.sdk/usr/include/malloc/_malloc_type.h
[E 16:49:22 77656] Already archived /Users/sheenie/Desktop/my_cases/taint+buffer_trimmed/cwe121-db/src/Library/Developer/CommandLineTools/SDKs/MacOSX14.4.sdk/usr/include/malloc/_ptrcheck.h
[E 16:49:22 77656] Already archived /Users/sheenie/Desktop/my_cases/taint+buffer_trimmed/cwe121-db/src/Library/Developer/CommandLineTools/SDKs/MacOSX14.4.sdk/usr/include/sys/_types/_dev_t.h
[E 16:49:22 77656] Already archived /Users/sheenie/Desktop/my_cases/taint+buffer_trimmed/cwe121-db/src/Library/Developer/CommandLineTools/SDKs/MacOSX14.4.sdk/usr/include/sys/_types/_mode_t.h
[E 16:49:22 77656] Already archived /Users/sheenie/Desktop/my_cases/taint+buffer_trimmed/cwe121-db/src/Library/Developer/CommandLineTools/usr/lib/clang/15.0.0/include/stddef.h
[E 16:49:22 77656] Already archived /Users/sheenie/Desktop/my_cases/taint+buffer_trimmed/cwe121-db/src/Library/Developer/CommandLineTools/usr/lib/clang/15.0.0/include/__stddef_max_align_t.h
[E 16:49:22 77656] Already archived /Users/sheenie/Desktop/my_cases/taint+buffer_trimmed/cwe121-db/src/Library/Developer/CommandLineTools/SDKs/MacOSX14.4.sdk/usr/include/time.h
[E 16:49:22 77656] Already archived /Users/sheenie/Desktop/my_cases/taint+buffer_trimmed/cwe121-db/src/Library/Developer/CommandLineTools/SDKs/MacOSX14.4.sdk/usr/include/sys/_types/_clock_t.h
[E 16:49:22 77656] Already archived /Users/sheenie/Desktop/my_cases/taint+buffer_trimmed/cwe121-db/src/Library/Developer/CommandLineTools/SDKs/MacOSX14.4.sdk/usr/include/sys/_types/_time_t.h
[E 16:49:22 77656] Already archived /Users/sheenie/Desktop/my_cases/taint+buffer_trimmed/cwe121-db/src/Library/Developer/CommandLineTools/SDKs/MacOSX14.4.sdk/usr/include/sys/_types/_timespec.h
[E 16:49:22 77656] Already archived /Users/sheenie/Desktop/my_cases/taint+buffer_trimmed/cwe121-db/src/Library/Developer/CommandLineTools/usr/lib/clang/15.0.0/include/limits.h
[E 16:49:22 77656] Already archived /Users/sheenie/Desktop/my_cases/taint+buffer_trimmed/cwe121-db/src/Library/Developer/CommandLineTools/SDKs/MacOSX14.4.sdk/usr/include/limits.h
[E 16:49:22 77656] Already archived /Users/sheenie/Desktop/my_cases/taint+buffer_trimmed/cwe121-db/src/Library/Developer/CommandLineTools/SDKs/MacOSX14.4.sdk/usr/include/machine/limits.h
[E 16:49:22 77656] Already archived /Users/sheenie/Desktop/my_cases/taint+buffer_trimmed/cwe121-db/src/Library/Developer/CommandLineTools/SDKs/MacOSX14.4.sdk/usr/include/i386/limits.h
[E 16:49:22 77656] Already archived /Users/sheenie/Desktop/my_cases/taint+buffer_trimmed/cwe121-db/src/Library/Developer/CommandLineTools/SDKs/MacOSX14.4.sdk/usr/include/i386/_limits.h
[E 16:49:22 77656] Already archived /Users/sheenie/Desktop/my_cases/taint+buffer_trimmed/cwe121-db/src/Library/Developer/CommandLineTools/SDKs/MacOSX14.4.sdk/usr/include/sys/syslimits.h
[E 16:49:22 77656] Already archived /Users/sheenie/Desktop/my_cases/taint+buffer_trimmed/cwe121-db/src/Library/Developer/CommandLineTools/SDKs/MacOSX14.4.sdk/usr/include/string.h
[E 16:49:22 77656] Already archived /Users/sheenie/Desktop/my_cases/taint+buffer_trimmed/cwe121-db/src/Library/Developer/CommandLineTools/SDKs/MacOSX14.4.sdk/usr/include/sys/_types/_rsize_t.h
[E 16:49:22 77656] Already archived /Users/sheenie/Desktop/my_cases/taint+buffer_trimmed/cwe121-db/src/Library/Developer/CommandLineTools/SDKs/MacOSX14.4.sdk/usr/include/sys/_types/_errno_t.h
[E 16:49:22 77656] Already archived /Users/sheenie/Desktop/my_cases/taint+buffer_trimmed/cwe121-db/src/Library/Developer/CommandLineTools/SDKs/MacOSX14.4.sdk/usr/include/strings.h
[E 16:49:22 77656] Already archived /Users/sheenie/Desktop/my_cases/taint+buffer_trimmed/cwe121-db/src/Library/Developer/CommandLineTools/SDKs/MacOSX14.4.sdk/usr/include/string.h
[E 16:49:22 77656] Already archived /Users/sheenie/Desktop/my_cases/taint+buffer_trimmed/cwe121-db/src/Library/Developer/CommandLineTools/SDKs/MacOSX14.4.sdk/usr/include/secure/_strings.h
[E 16:49:22 77656] Already archived /Users/sheenie/Desktop/my_cases/taint+buffer_trimmed/cwe121-db/src/Library/Developer/CommandLineTools/SDKs/MacOSX14.4.sdk/usr/include/secure/_string.h
[E 16:49:22 77656] Already archived /Users/sheenie/Desktop/my_cases/taint+buffer_trimmed/cwe121-db/src/Library/Developer/CommandLineTools/SDKs/MacOSX14.4.sdk/usr/include/ctype.h
[E 16:49:22 77656] Already archived /Users/sheenie/Desktop/my_cases/taint+buffer_trimmed/cwe121-db/src/Library/Developer/CommandLineTools/SDKs/MacOSX14.4.sdk/usr/include/_ctype.h
[E 16:49:22 77656] Already archived /Users/sheenie/Desktop/my_cases/taint+buffer_trimmed/cwe121-db/src/Library/Developer/CommandLineTools/SDKs/MacOSX14.4.sdk/usr/include/runetype.h
[E 16:49:22 77656] Already archived /Users/sheenie/Desktop/my_cases/taint+buffer_trimmed/cwe121-db/src/Library/Developer/CommandLineTools/SDKs/MacOSX14.4.sdk/usr/include/sys/_types/_wchar_t.h
[E 16:49:22 77656] Already archived /Users/sheenie/Desktop/my_cases/taint+buffer_trimmed/cwe121-db/src/Library/Developer/CommandLineTools/SDKs/MacOSX14.4.sdk/usr/include/sys/_types/_wint_t.h
[E 16:49:22 77656] Already archived /Users/sheenie/Desktop/my_cases/taint+buffer_trimmed/cwe121-db/src/Library/Developer/CommandLineTools/SDKs/MacOSX14.4.sdk/usr/include/fcntl.h
[E 16:49:22 77656] Already archived /Users/sheenie/Desktop/my_cases/taint+buffer_trimmed/cwe121-db/src/Library/Developer/CommandLineTools/SDKs/MacOSX14.4.sdk/usr/include/sys/fcntl.h
[E 16:49:22 77656] Already archived /Users/sheenie/Desktop/my_cases/taint+buffer_trimmed/cwe121-db/src/Library/Developer/CommandLineTools/SDKs/MacOSX14.4.sdk/usr/include/sys/_types/_o_sync.h
[E 16:49:22 77656] Already archived /Users/sheenie/Desktop/my_cases/taint+buffer_trimmed/cwe121-db/src/Library/Developer/CommandLineTools/SDKs/MacOSX14.4.sdk/usr/include/sys/_types/_o_dsync.h
[E 16:49:22 77656] Already archived /Users/sheenie/Desktop/my_cases/taint+buffer_trimmed/cwe121-db/src/Library/Developer/CommandLineTools/SDKs/MacOSX14.4.sdk/usr/include/sys/_types/_s_ifmt.h
[E 16:49:22 77656] Already archived /Users/sheenie/Desktop/my_cases/taint+buffer_trimmed/cwe121-db/src/Library/Developer/CommandLineTools/SDKs/MacOSX14.4.sdk/usr/include/sys/_types/_filesec_t.h
[E 16:49:22 77656] Already archived /Users/sheenie/Desktop/my_cases/taint+buffer_trimmed/cwe121-db/src/Library/Developer/CommandLineTools/SDKs/MacOSX14.4.sdk/usr/include/sys/types.h
[E 16:49:22 77656] Already archived /Users/sheenie/Desktop/my_cases/taint+buffer_trimmed/cwe121-db/src/Library/Developer/CommandLineTools/SDKs/MacOSX14.4.sdk/usr/include/sys/_types/_u_char.h
[E 16:49:22 77656] Already archived /Users/sheenie/Desktop/my_cases/taint+buffer_trimmed/cwe121-db/src/Library/Developer/CommandLineTools/SDKs/MacOSX14.4.sdk/usr/include/sys/_types/_u_short.h
[E 16:49:22 77656] Already archived /Users/sheenie/Desktop/my_cases/taint+buffer_trimmed/cwe121-db/src/Library/Developer/CommandLineTools/SDKs/MacOSX14.4.sdk/usr/include/sys/_types/_u_int.h
[E 16:49:22 77656] Already archived /Users/sheenie/Desktop/my_cases/taint+buffer_trimmed/cwe121-db/src/Library/Developer/CommandLineTools/SDKs/MacOSX14.4.sdk/usr/include/sys/_types/_caddr_t.h
[E 16:49:22 77656] Already archived /Users/sheenie/Desktop/my_cases/taint+buffer_trimmed/cwe121-db/src/Library/Developer/CommandLineTools/SDKs/MacOSX14.4.sdk/usr/include/sys/_types/_blkcnt_t.h
[E 16:49:22 77656] Already archived /Users/sheenie/Desktop/my_cases/taint+buffer_trimmed/cwe121-db/src/Library/Developer/CommandLineTools/SDKs/MacOSX14.4.sdk/usr/include/sys/_types/_blksize_t.h
[E 16:49:22 77656] Already archived /Users/sheenie/Desktop/my_cases/taint+buffer_trimmed/cwe121-db/src/Library/Developer/CommandLineTools/SDKs/MacOSX14.4.sdk/usr/include/sys/_types/_gid_t.h
[E 16:49:22 77656] Already archived /Users/sheenie/Desktop/my_cases/taint+buffer_trimmed/cwe121-db/src/Library/Developer/CommandLineTools/SDKs/MacOSX14.4.sdk/usr/include/sys/_types/_in_addr_t.h
[E 16:49:22 77656] Already archived /Users/sheenie/Desktop/my_cases/taint+buffer_trimmed/cwe121-db/src/Library/Developer/CommandLineTools/SDKs/MacOSX14.4.sdk/usr/include/sys/_types/_in_port_t.h
[E 16:49:22 77656] Already archived /Users/sheenie/Desktop/my_cases/taint+buffer_trimmed/cwe121-db/src/Library/Developer/CommandLineTools/SDKs/MacOSX14.4.sdk/usr/include/sys/_types/_ino_t.h
[E 16:49:22 77656] Already archived /Users/sheenie/Desktop/my_cases/taint+buffer_trimmed/cwe121-db/src/Library/Developer/CommandLineTools/SDKs/MacOSX14.4.sdk/usr/include/sys/_types/_ino64_t.h
[E 16:49:22 77656] Already archived /Users/sheenie/Desktop/my_cases/taint+buffer_trimmed/cwe121-db/src/Library/Developer/CommandLineTools/SDKs/MacOSX14.4.sdk/usr/include/sys/_types/_key_t.h
[E 16:49:22 77656] Already archived /Users/sheenie/Desktop/my_cases/taint+buffer_trimmed/cwe121-db/src/Library/Developer/CommandLineTools/SDKs/MacOSX14.4.sdk/usr/include/sys/_types/_nlink_t.h
[E 16:49:22 77656] Already archived /Users/sheenie/Desktop/my_cases/taint+buffer_trimmed/cwe121-db/src/Library/Developer/CommandLineTools/SDKs/MacOSX14.4.sdk/usr/include/sys/_types/_useconds_t.h
[E 16:49:22 77656] Already archived /Users/sheenie/Desktop/my_cases/taint+buffer_trimmed/cwe121-db/src/Library/Developer/CommandLineTools/SDKs/MacOSX14.4.sdk/usr/include/sys/_types/_suseconds_t.h
[E 16:49:22 77656] Already archived /Users/sheenie/Desktop/my_cases/taint+buffer_trimmed/cwe121-db/src/Library/Developer/CommandLineTools/SDKs/MacOSX14.4.sdk/usr/include/sys/_types/_fd_def.h
[E 16:49:22 77656] Already archived /Users/sheenie/Desktop/my_cases/taint+buffer_trimmed/cwe121-db/src/Library/Developer/CommandLineTools/SDKs/MacOSX14.4.sdk/usr/include/sys/_types/_fd_setsize.h
[E 16:49:22 77656] Already archived /Users/sheenie/Desktop/my_cases/taint+buffer_trimmed/cwe121-db/src/Library/Developer/CommandLineTools/SDKs/MacOSX14.4.sdk/usr/include/sys/_types/_fd_set.h
[E 16:49:22 77656] Already archived /Users/sheenie/Desktop/my_cases/taint+buffer_trimmed/cwe121-db/src/Library/Developer/CommandLineTools/SDKs/MacOSX14.4.sdk/usr/include/sys/_types/_fd_clr.h
[E 16:49:22 77656] Already archived /Users/sheenie/Desktop/my_cases/taint+buffer_trimmed/cwe121-db/src/Library/Developer/CommandLineTools/SDKs/MacOSX14.4.sdk/usr/include/sys/_types/_fd_zero.h
[E 16:49:22 77656] Already archived /Users/sheenie/Desktop/my_cases/taint+buffer_trimmed/cwe121-db/src/Library/Developer/CommandLineTools/SDKs/MacOSX14.4.sdk/usr/include/sys/_types/_fd_isset.h
[E 16:49:22 77656] Already archived /Users/sheenie/Desktop/my_cases/taint+buffer_trimmed/cwe121-db/src/Library/Developer/CommandLineTools/SDKs/MacOSX14.4.sdk/usr/include/sys/_types/_fd_copy.h
[E 16:49:22 77656] Already archived /Users/sheenie/Desktop/my_cases/taint+buffer_trimmed/cwe121-db/src/Library/Developer/CommandLineTools/SDKs/MacOSX14.4.sdk/usr/include/sys/_pthread/_pthread_cond_t.h
[E 16:49:22 77656] Already archived /Users/sheenie/Desktop/my_cases/taint+buffer_trimmed/cwe121-db/src/Library/Developer/CommandLineTools/SDKs/MacOSX14.4.sdk/usr/include/sys/_pthread/_pthread_condattr_t.h
[E 16:49:22 77656] Already archived /Users/sheenie/Desktop/my_cases/taint+buffer_trimmed/cwe121-db/src/Library/Developer/CommandLineTools/SDKs/MacOSX14.4.sdk/usr/include/sys/_pthread/_pthread_mutex_t.h
[E 16:49:22 77656] Already archived /Users/sheenie/Desktop/my_cases/taint+buffer_trimmed/cwe121-db/src/Library/Developer/CommandLineTools/SDKs/MacOSX14.4.sdk/usr/include/sys/_pthread/_pthread_mutexattr_t.h
[E 16:49:22 77656] Already archived /Users/sheenie/Desktop/my_cases/taint+buffer_trimmed/cwe121-db/src/Library/Developer/CommandLineTools/SDKs/MacOSX14.4.sdk/usr/include/sys/_pthread/_pthread_once_t.h
[E 16:49:22 77656] Already archived /Users/sheenie/Desktop/my_cases/taint+buffer_trimmed/cwe121-db/src/Library/Developer/CommandLineTools/SDKs/MacOSX14.4.sdk/usr/include/sys/_pthread/_pthread_rwlock_t.h
[E 16:49:22 77656] Already archived /Users/sheenie/Desktop/my_cases/taint+buffer_trimmed/cwe121-db/src/Library/Developer/CommandLineTools/SDKs/MacOSX14.4.sdk/usr/include/sys/_pthread/_pthread_rwlockattr_t.h
[E 16:49:22 77656] Already archived /Users/sheenie/Desktop/my_cases/taint+buffer_trimmed/cwe121-db/src/Library/Developer/CommandLineTools/SDKs/MacOSX14.4.sdk/usr/include/sys/_pthread/_pthread_t.h
[E 16:49:22 77656] Already archived /Users/sheenie/Desktop/my_cases/taint+buffer_trimmed/cwe121-db/src/Library/Developer/CommandLineTools/SDKs/MacOSX14.4.sdk/usr/include/sys/_pthread/_pthread_key_t.h
[E 16:49:22 77656] Already archived /Users/sheenie/Desktop/my_cases/taint+buffer_trimmed/cwe121-db/src/Library/Developer/CommandLineTools/SDKs/MacOSX14.4.sdk/usr/include/sys/_types/_fsblkcnt_t.h
[E 16:49:22 77656] Already archived /Users/sheenie/Desktop/my_cases/taint+buffer_trimmed/cwe121-db/src/Library/Developer/CommandLineTools/SDKs/MacOSX14.4.sdk/usr/include/sys/_types/_fsfilcnt_t.h
[E 16:49:22 77656] Already archived /Users/sheenie/Desktop/my_cases/taint+buffer_trimmed/cwe121-db/src/Library/Developer/CommandLineTools/SDKs/MacOSX14.4.sdk/usr/include/sys/stat.h
[E 16:49:22 77656] Already archived /Users/sheenie/Desktop/my_cases/taint+buffer_trimmed/cwe121-db/src/Users/sheenie/Desktop/my_cases/taint+buffer_trimmed/std_testcase_io.h
[E 16:49:22 77656] Already archived /Users/sheenie/Desktop/my_cases/taint+buffer_trimmed/cwe121-db/src/Users/sheenie/Desktop/my_cases/taint+buffer_trimmed/std_testcase.h
[E 16:49:22 77656] Already archived /Users/sheenie/Desktop/my_cases/taint+buffer_trimmed/cwe121-db/src/Library/Developer/CommandLineTools/SDKs/MacOSX14.4.sdk/usr/include/wchar.h
[E 16:49:22 77656] Already archived /Users/sheenie/Desktop/my_cases/taint+buffer_trimmed/cwe121-db/src/Library/Developer/CommandLineTools/SDKs/MacOSX14.4.sdk/usr/include/sys/_types/_mbstate_t.h
[E 16:49:22 77656] Already archived /Users/sheenie/Desktop/my_cases/taint+buffer_trimmed/cwe121-db/src/Library/Developer/CommandLineTools/SDKs/MacOSX14.4.sdk/usr/include/sys/_types/_wchar_t.h
[E 16:49:22 77656] Already archived /Users/sheenie/Desktop/my_cases/taint+buffer_trimmed/cwe121-db/src/Library/Developer/CommandLineTools/usr/lib/clang/15.0.0/include/stdarg.h
[E 16:49:22 77656] Already archived /Users/sheenie/Desktop/my_cases/taint+buffer_trimmed/cwe121-db/src/Library/Developer/CommandLineTools/SDKs/MacOSX14.4.sdk/usr/include/_wctype.h
[E 16:49:22 77656] Already archived /Users/sheenie/Desktop/my_cases/taint+buffer_trimmed/cwe121-db/src/Library/Developer/CommandLineTools/SDKs/MacOSX14.4.sdk/usr/include/__wctype.h
[E 16:49:22 77656] Already archived /Users/sheenie/Desktop/my_cases/taint+buffer_trimmed/cwe121-db/src/Library/Developer/CommandLineTools/SDKs/MacOSX14.4.sdk/usr/include/_types/_wctype_t.h
[E 16:49:22 77656] Creating trap tarball /Users/sheenie/Desktop/my_cases/taint+buffer_trimmed/cwe121-db/trap/cpp/tarballs/Users/sheenie/Desktop/my_cases/taint+buffer_trimmed/CWE121_Stack_Based_Buffer_Overflow__char_type_overrun_memcpy_03.c.541fe0b1_0.trap.tar.zst
[E 16:49:22 77656] Emitting trap files for CWE121_Stack_Based_Buffer_Overflow__char_type_overrun_memcpy_03.c
[E 16:49:23 77656] Opening existencedb in /Users/sheenie/Desktop/my_cases/taint+buffer_trimmed/cwe121-db/working/existencedb/db
[E 16:49:23 77656] Wrote 1 files to /Users/sheenie/Desktop/my_cases/taint+buffer_trimmed/cwe121-db/trap/cpp/tarballs/Users/sheenie/Desktop/my_cases/taint+buffer_trimmed/CWE121_Stack_Based_Buffer_Overflow__char_type_overrun_memcpy_03.c.541fe0b1_0.trap.tar.zst
[E 16:49:23 77656] Finished compilation TRAP /Users/sheenie/Desktop/my_cases/taint+buffer_trimmed/cwe121-db/trap/cpp/compilations/22/36747672_0.trap.zst
[E 16:49:23 77656] Marking C compilation as happened.
[E 16:49:23 77656] Setting tag c-compilation-happened
[E 16:49:23 77656] Starting from CODEQL_TRACER_DB_ID 0000000000012F56_0000000000000001
[E 16:49:23 77656] Locking DB /Users/sheenie/Desktop/my_cases/taint+buffer_trimmed/cwe121-db/working/tags.db
[E 16:49:23 77656] Locked DB /Users/sheenie/Desktop/my_cases/taint+buffer_trimmed/cwe121-db/working/tags.db
[E 16:49:23 77656] Set tag for 0000000000012F56_0000000000000001
[E 16:49:23 77656] Set tag for 0000000000012F54_0000000000000002
[E 16:49:23 77656] Set tag for 0000000000012F54_0000000000000001
[E 16:49:23 77656] Set tag for 0000000000012F53_0000000000000001
[E 16:49:23 77656] Set tag for 0000000000012F52_0000000000000001
[E 16:49:23 77656] Set tag for 0000000000012E85_0000000000000004
[E 16:49:23 77656] Set tag for 0000000000012E85_0000000000000003
[E 16:49:23 77656] Set tag for 0000000000012E85_0000000000000002
[E 16:49:23 77656] Set tag for root
[E 16:49:23 77656] Unlocking DB
[E 16:49:23 77656] Unlocked DB
[E 16:49:23 77656] Extractor exited successfully
[T 16:49:23 77654] Extractor /Users/sheenie/Desktop/codeql/cpp/tools/osx64/extractor terminated with exit code 0.
[T 16:49:23 77657] Attempting to switch stdout/stderr to 4...
[T 16:49:23 77657] Initializing tracer.
[T 16:49:23 77657] Initializing tags.
[T 16:49:23 77657] ID set to 0000000000012F59_0000000000000001 (parent 0000000000012F54_0000000000000002)
[E 16:49:23 77657] CodeQL C/C++ Extractor 2.25.4
[E 16:49:23 77657] Current directory: /Users/sheenie/Desktop/my_cases/taint+buffer_trimmed
[E 16:49:23 77657] Command: /Users/sheenie/Desktop/codeql/cpp/tools/osx64/extractor --mimic /library/developer/commandlinetools/usr/bin/clang -c CWE121_Stack_Based_Buffer_Overflow__char_type_overrun_memcpy_03.c
[E 16:49:23 77657] Checking whether C compilation already happened.
[E 16:49:23 77657] Checking for tag c-compilation-happened
[E 16:49:23 77657] Checking CODEQL_TRACER_DB_ID 0000000000012F54_0000000000000002
[E 16:49:23 77657] Locking DB /Users/sheenie/Desktop/my_cases/taint+buffer_trimmed/cwe121-db/working/tags.db
[E 16:49:23 77657] Locked DB /Users/sheenie/Desktop/my_cases/taint+buffer_trimmed/cwe121-db/working/tags.db
[E 16:49:23 77657] Unlocking DB
[E 16:49:23 77657] Unlocked DB
[E 16:49:23 77657] Exiting as C compilation already happened.
[T 16:49:23 77652] Extractor /Users/sheenie/Desktop/codeql/cpp/tools/osx64/extractor terminated with exit code 0.
[T 16:49:23 77658] Attempting to switch stdout/stderr to 4...
[T 16:49:23 77658] Initializing tracer.
[T 16:49:23 77658] Initializing tags.
[T 16:49:23 77658] ID set to 0000000000012F5A_0000000000000001 (parent 0000000000012F53_0000000000000001)
[E 16:49:23 77658] CodeQL C/C++ Extractor 2.25.4
[E 16:49:23 77658] Current directory: /Users/sheenie/Desktop/my_cases/taint+buffer_trimmed
[E 16:49:23 77658] Command: /Users/sheenie/Desktop/codeql/cpp/tools/osx64/extractor --mimic /library/developer/commandlinetools/usr/bin/gcc -c CWE121_Stack_Based_Buffer_Overflow__char_type_overrun_memcpy_03.c
[E 16:49:23 77658] Checking whether C compilation already happened.
[E 16:49:23 77658] Checking for tag c-compilation-happened
[E 16:49:23 77658] Checking CODEQL_TRACER_DB_ID 0000000000012F53_0000000000000001
[E 16:49:23 77658] Locking DB /Users/sheenie/Desktop/my_cases/taint+buffer_trimmed/cwe121-db/working/tags.db
[E 16:49:23 77658] Locked DB /Users/sheenie/Desktop/my_cases/taint+buffer_trimmed/cwe121-db/working/tags.db
[E 16:49:23 77658] Unlocking DB
[E 16:49:23 77658] Unlocked DB
[E 16:49:23 77658] Exiting as C compilation already happened.
[T 16:49:23 77651] Extractor /Users/sheenie/Desktop/codeql/cpp/tools/osx64/extractor terminated with exit code 0.
[T 16:49:23 77659] Attempting to switch stdout/stderr to 4...
[T 16:49:23 77659] Initializing tracer.
[T 16:49:23 77659] Initializing tags.
[T 16:49:23 77659] ID set to 0000000000012F5B_0000000000000001 (parent 0000000000012F52_0000000000000001)
[E 16:49:23 77659] CodeQL C/C++ Extractor 2.25.4
[E 16:49:23 77659] Current directory: /Users/sheenie/Desktop/my_cases/taint+buffer_trimmed
[E 16:49:23 77659] Command: /Users/sheenie/Desktop/codeql/cpp/tools/osx64/extractor --mimic /usr/bin/gcc -c CWE121_Stack_Based_Buffer_Overflow__char_type_overrun_memcpy_03.c
[E 16:49:23 77659] Checking whether C compilation already happened.
[E 16:49:23 77659] Checking for tag c-compilation-happened
[E 16:49:23 77659] Checking CODEQL_TRACER_DB_ID 0000000000012F52_0000000000000001
[E 16:49:23 77659] Locking DB /Users/sheenie/Desktop/my_cases/taint+buffer_trimmed/cwe121-db/working/tags.db
[E 16:49:23 77659] Locked DB /Users/sheenie/Desktop/my_cases/taint+buffer_trimmed/cwe121-db/working/tags.db
[E 16:49:23 77659] Unlocking DB
[E 16:49:23 77659] Unlocked DB
[E 16:49:23 77659] Exiting as C compilation already happened.
[T 16:49:23 77650] Extractor /Users/sheenie/Desktop/codeql/cpp/tools/osx64/extractor terminated with exit code 0.
[T 16:49:23 77660] Initializing tracer.
[T 16:49:23 77660] Initializing tags.
[T 16:49:23 77660] ID set to 0000000000012F5C_0000000000000001 (parent 0000000000012E85_0000000000000004)
[T 16:49:23 77660] ==== Candidate to intercept: /usr/bin/gcc (canonical: /usr/bin/gcc) ====
[T 16:49:23 77660] Lua: === Intercepted call to /usr/bin/gcc ===
[T 16:49:23 77660] Executing the following tracer actions:
[T 16:49:23 77660] Tracer actions:
[T 16:49:23 77660] pre_invocations(0)
[T 16:49:23 77660] post_invocations(1)
[T 16:49:23 77660] invocation: /Users/sheenie/Desktop/codeql/cpp/tools/osx64/extractor, args: [--mimic, /usr/bin/gcc, -c, CWE121_Stack_Based_Buffer_Overflow__char_type_overrun_memcpy_04.c]
[T 16:49:23 77660] trace_languages(1): [cpp]
[T 16:49:23 77661] Initializing tracer.
[T 16:49:23 77661] Initializing tags.
[T 16:49:23 77661] ID set to 0000000000012F5D_0000000000000001 (parent 0000000000012F5C_0000000000000001)
[T 16:49:23 77661] ==== Candidate to intercept: /Library/Developer/CommandLineTools/usr/bin/gcc (canonical: /Library/Developer/CommandLineTools/usr/bin/gcc) ====
[T 16:49:23 77661] Lua: === Intercepted call to /library/developer/commandlinetools/usr/bin/gcc ===
[T 16:49:23 77661] Executing the following tracer actions:
[T 16:49:23 77661] Tracer actions:
[T 16:49:23 77661] pre_invocations(0)
[T 16:49:23 77661] post_invocations(1)
[T 16:49:23 77661] invocation: /Users/sheenie/Desktop/codeql/cpp/tools/osx64/extractor, args: [--mimic, /library/developer/commandlinetools/usr/bin/gcc, -c, CWE121_Stack_Based_Buffer_Overflow__char_type_overrun_memcpy_04.c]
[T 16:49:23 77661] trace_languages(1): [cpp]
[T 16:49:23 77662] Initializing tracer.
[T 16:49:23 77662] Initializing tags.
[T 16:49:23 77662] ID set to 0000000000012F5E_0000000000000001 (parent 0000000000012F5D_0000000000000001)
[T 16:49:23 77662] ==== Candidate to intercept: /usr/bin/xcrun (canonical: /usr/bin/xcrun) ====
[T 16:49:23 77662] Executing the following tracer actions:
[T 16:49:23 77662] Tracer actions:
[T 16:49:23 77662] pre_invocations(0)
[T 16:49:23 77662] post_invocations(0)
[T 16:49:23 77662] trace_languages(1): [cpp]
[T 16:49:23 77662] Initializing tracer.
[T 16:49:23 77662] Initializing tags.
[T 16:49:23 77662] ID set to 0000000000012F5E_0000000000000002 (parent 0000000000012F5E_0000000000000001)
[T 16:49:23 77662] ==== Candidate to intercept: /Library/Developer/CommandLineTools/usr/bin/clang (canonical: /Library/Developer/CommandLineTools/usr/bin/clang) ====
[T 16:49:23 77662] Lua: === Intercepted call to /library/developer/commandlinetools/usr/bin/clang ===
[T 16:49:23 77662] Executing the following tracer actions:
[T 16:49:23 77662] Tracer actions:
[T 16:49:23 77662] pre_invocations(0)
[T 16:49:23 77662] post_invocations(1)
[T 16:49:23 77662] invocation: /Users/sheenie/Desktop/codeql/cpp/tools/osx64/extractor, args: [--mimic, /library/developer/commandlinetools/usr/bin/clang, -c, CWE121_Stack_Based_Buffer_Overflow__char_type_overrun_memcpy_04.c]
[T 16:49:23 77662] trace_languages(1): [cpp]
[T 16:49:23 77664] Initializing tracer.
[T 16:49:23 77664] Initializing tags.
[T 16:49:23 77664] ID set to 0000000000012F60_0000000000000001 (parent 0000000000012F5E_0000000000000002)
[T 16:49:23 77664] ==== Candidate to intercept: /Library/Developer/CommandLineTools/usr/bin/clang (canonical: /Library/Developer/CommandLineTools/usr/bin/clang) ====
[T 16:49:23 77664] Lua: === Intercepted call to /library/developer/commandlinetools/usr/bin/clang ===
[T 16:49:23 77664] Executing the following tracer actions:
[T 16:49:23 77664] Tracer actions:
[T 16:49:23 77664] pre_invocations(0)
[T 16:49:23 77664] post_invocations(1)
[T 16:49:23 77664] invocation: /Users/sheenie/Desktop/codeql/cpp/tools/osx64/extractor, args: [--mimic, /library/developer/commandlinetools/usr/bin/clang, -cc1, -triple, x86_64-apple-macosx14.4.0, -Wundef-prefix=TARGET_OS_, -Wdeprecated-objc-isa-usage, -Werror=deprecated-objc-isa-usage, -Werror=implicit-function-declaration, -emit-obj, -mrelax-all, --mrelax-relocations, -disable-free, -clear-ast-before-backend, -disable-llvm-verifier, -discard-value-names, -main-file-name, CWE121_Stack_Based_Buffer_Overflow__char_type_overrun_memcpy_04.c, -mrelocation-model, pic, -pic-level, 2, -mframe-pointer=all, -fno-strict-return, -ffp-contract=on, -fno-rounding-math, -funwind-tables=2, -target-sdk-version=14.4, -fvisibility-inlines-hidden-static-local-var, -target-cpu, penryn, -tune-cpu, generic, -debugger-tuning=lldb, -target-linker-version, 1053.12, -fcoverage-compilation-dir=/Users/sheenie/Desktop/my_cases/taint+buffer_trimmed, -resource-dir, /Library/Developer/CommandLineTools/usr/lib/clang/15.0.0, -isysroot, /Library/Developer/CommandLineTools/SDKs/MacOSX.sdk, -I/usr/local/include, -internal-isystem, /Library/Developer/CommandLineTools/SDKs/MacOSX.sdk/usr/local/include, -internal-isystem, /Library/Developer/CommandLineTools/usr/lib/clang/15.0.0/include, -internal-externc-isystem, /Library/Developer/CommandLineTools/SDKs/MacOSX.sdk/usr/include, -internal-externc-isystem, /Library/Developer/CommandLineTools/usr/include, -Wno-reorder-init-list, -Wno-implicit-int-float-conversion, -Wno-c99-designator, -Wno-final-dtor-non-final-class, -Wno-extra-semi-stmt, -Wno-misleading-indentation, -Wno-quoted-include-in-framework-header, -Wno-implicit-fallthrough, -Wno-enum-enum-conversion, -Wno-enum-float-conversion, -Wno-elaborated-enum-base, -Wno-reserved-identifier, -Wno-gnu-folding-constant, -fdebug-compilation-dir=/Users/sheenie/Desktop/my_cases/taint+buffer_trimmed, -ferror-limit, 19, -stack-protector, 1, -fstack-check, -mdarwin-stkchk-strong-link, -fblocks, -fencode-extended-block-signature, -fregister-global-dtors-with-atexit, -fgnuc-version=4.2.1, -fmax-type-align=16, -fcommon, -clang-vendor-feature=+disableNonDependentMemberExprInCurrentInstantiation, -fno-odr-hash-protocols, -clang-vendor-feature=+enableAggressiveVLAFolding, -clang-vendor-feature=+revert09abecef7bbf, -clang-vendor-feature=+thisNoAlignAttr, -clang-vendor-feature=+thisNoNullAttr, -mllvm, -disable-aligned-alloc-awareness=1, -D__GCC_HAVE_DWARF2_CFI_ASM=1, -o, CWE121_Stack_Based_Buffer_Overflow__char_type_overrun_memcpy_04.o, -x, c, CWE121_Stack_Based_Buffer_Overflow__char_type_overrun_memcpy_04.c]
[T 16:49:23 77664] trace_languages(1): [cpp]
[T 16:49:23 77666] Attempting to switch stdout/stderr to 4...
[T 16:49:23 77666] Initializing tracer.
[T 16:49:23 77666] Initializing tags.
[T 16:49:23 77666] ID set to 0000000000012F62_0000000000000001 (parent 0000000000012F60_0000000000000001)
[E 16:49:23 77666] CodeQL C/C++ Extractor 2.25.4
[E 16:49:23 77666] Current directory: /Users/sheenie/Desktop/my_cases/taint+buffer_trimmed
[E 16:49:23 77666] Command: /Users/sheenie/Desktop/codeql/cpp/tools/osx64/extractor --mimic /library/developer/commandlinetools/usr/bin/clang -cc1 -triple x86_64-apple-macosx14.4.0 -Wundef-prefix=TARGET_OS_ -Wdeprecated-objc-isa-usage -Werror=deprecated-objc-isa-usage -Werror=implicit-function-declaration -emit-obj -mrelax-all --mrelax-relocations -disable-free -clear-ast-before-backend -disable-llvm-verifier -discard-value-names -main-file-name CWE121_Stack_Based_Buffer_Overflow__char_type_overrun_memcpy_04.c -mrelocation-model pic -pic-level 2 -mframe-pointer=all -fno-strict-return -ffp-contract=on -fno-rounding-math -funwind-tables=2 -target-sdk-version=14.4 -fvisibility-inlines-hidden-static-local-var -target-cpu penryn -tune-cpu generic -debugger-tuning=lldb -target-linker-version 1053.12 -fcoverage-compilation-dir=/Users/sheenie/Desktop/my_cases/taint+buffer_trimmed -resource-dir /Library/Developer/CommandLineTools/usr/lib/clang/15.0.0 -isysroot /Library/Developer/CommandLineTools/SDKs/MacOSX.sdk -I/usr/local/include -internal-isystem /Library/Developer/CommandLineTools/SDKs/MacOSX.sdk/usr/local/include -internal-isystem /Library/Developer/CommandLineTools/usr/lib/clang/15.0.0/include -internal-externc-isystem /Library/Developer/CommandLineTools/SDKs/MacOSX.sdk/usr/include -internal-externc-isystem /Library/Developer/CommandLineTools/usr/include -Wno-reorder-init-list -Wno-implicit-int-float-conversion -Wno-c99-designator -Wno-final-dtor-non-final-class -Wno-extra-semi-stmt -Wno-misleading-indentation -Wno-quoted-include-in-framework-header -Wno-implicit-fallthrough -Wno-enum-enum-conversion -Wno-enum-float-conversion -Wno-elaborated-enum-base -Wno-reserved-identifier -Wno-gnu-folding-constant -fdebug-compilation-dir=/Users/sheenie/Desktop/my_cases/taint+buffer_trimmed -ferror-limit 19 -stack-protector 1 -fstack-check -mdarwin-stkchk-strong-link -fblocks -fencode-extended-block-signature -fregister-global-dtors-with-atexit -fgnuc-version=4.2.1 -fmax-type-align=16 -fcommon -clang-vendor-feature=+disableNonDependentMemberExprInCurrentInstantiation -fno-odr-hash-protocols -clang-vendor-feature=+enableAggressiveVLAFolding -clang-vendor-feature=+revert09abecef7bbf -clang-vendor-feature=+thisNoAlignAttr -clang-vendor-feature=+thisNoNullAttr -mllvm -disable-aligned-alloc-awareness=1 -D__GCC_HAVE_DWARF2_CFI_ASM=1 -o CWE121_Stack_Based_Buffer_Overflow__char_type_overrun_memcpy_04.o -x c CWE121_Stack_Based_Buffer_Overflow__char_type_overrun_memcpy_04.c
[E 16:49:23 77666] Warning: Unrecognized command line argument -mllvm
[E 16:49:23 77666] Warning: Unrecognized command line argument -disable-aligned-alloc-awareness=1
[E 16:49:23 77666] Checking whether C compilation already happened.
[E 16:49:23 77666] Checking for tag c-compilation-happened
[E 16:49:23 77666] Checking CODEQL_TRACER_DB_ID 0000000000012F60_0000000000000001
[E 16:49:23 77666] Locking DB /Users/sheenie/Desktop/my_cases/taint+buffer_trimmed/cwe121-db/working/tags.db
[E 16:49:23 77666] Locked DB /Users/sheenie/Desktop/my_cases/taint+buffer_trimmed/cwe121-db/working/tags.db
[E 16:49:23 77666] Unlocking DB
[E 16:49:23 77666] Unlocked DB
[E 16:49:23 77666] Looks like C compilation didn't already happen.
[E 16:49:23 77666] Checking whether C compilation has been attempted.
[E 16:49:23 77666] Checking for tag c-compilation-attempted
[E 16:49:23 77666] Checking CODEQL_TRACER_DB_ID 0000000000012F60_0000000000000001
[E 16:49:23 77666] Locking DB /Users/sheenie/Desktop/my_cases/taint+buffer_trimmed/cwe121-db/working/tags.db
[E 16:49:23 77666] Locked DB /Users/sheenie/Desktop/my_cases/taint+buffer_trimmed/cwe121-db/working/tags.db
[E 16:49:23 77666] Unlocking DB
[E 16:49:23 77666] Unlocked DB
[E 16:49:23 77666] Marking C compilation as attempted.
[E 16:49:23 77666] Setting tag c-compilation-attempted
[E 16:49:23 77666] Starting from CODEQL_TRACER_DB_ID 0000000000012F60_0000000000000001
[E 16:49:23 77666] Locking DB /Users/sheenie/Desktop/my_cases/taint+buffer_trimmed/cwe121-db/working/tags.db
[E 16:49:23 77666] Locked DB /Users/sheenie/Desktop/my_cases/taint+buffer_trimmed/cwe121-db/working/tags.db
[E 16:49:23 77666] Set tag for 0000000000012F60_0000000000000001
[E 16:49:23 77666] Set tag for 0000000000012F5E_0000000000000002
[E 16:49:23 77666] Set tag for 0000000000012F5E_0000000000000001
[E 16:49:23 77666] Set tag for 0000000000012F5D_0000000000000001
[E 16:49:23 77666] Set tag for 0000000000012F5C_0000000000000001
[E 16:49:23 77666] Set tag for 0000000000012E85_0000000000000004
[E 16:49:23 77666] Set tag for 0000000000012E85_0000000000000003
[E 16:49:23 77666] Set tag for 0000000000012E85_0000000000000002
[E 16:49:23 77666] Set tag for root
[E 16:49:23 77666] Unlocking DB
[E 16:49:23 77666] Unlocked DB
[E 16:49:23 77666] Processed command line: /Users/sheenie/Desktop/codeql/cpp/tools/osx64/extractor --trapfolder /Users/sheenie/Desktop/my_cases/taint+buffer_trimmed/cwe121-db/trap/cpp --src_archive /Users/sheenie/Desktop/my_cases/taint+buffer_trimmed/cwe121-db/src --object_filename CWE121_Stack_Based_Buffer_Overflow__char_type_overrun_memcpy_04.o --no_warnings_and_discretionary_errors --error_limit 1000 --disable_system_macros --variadic_macros --incognito --gcc --clang_version 160000 --gnu_version 40801 --has_feature_vector 11111111111111111000000000000000000000000000000000000000000000000000011 --clang --target linux_x86_64 -D_LP64=1 -D__APPLE_CC__=6000 -D__APPLE__=1 -D__ATOMIC_ACQUIRE=2 -D__ATOMIC_ACQ_REL=4 -D__ATOMIC_CONSUME=1 -D__ATOMIC_RELAXED=0 -D__ATOMIC_RELEASE=3 -D__ATOMIC_SEQ_CST=5 -D__BIGGEST_ALIGNMENT__=16 -D__BITINT_MAXWIDTH__=128 -D__BLOCKS__=1 -D__BOOL_WIDTH__=8 -D__BYTE_ORDER__=__ORDER_LITTLE_ENDIAN__ -D__CHAR_BIT__=8 -D__CLANG_ATOMIC_BOOL_LOCK_FREE=2 -D__CLANG_ATOMIC_CHAR16_T_LOCK_FREE=2 -D__CLANG_ATOMIC_CHAR32_T_LOCK_FREE=2 -D__CLANG_ATOMIC_CHAR_LOCK_FREE=2 -D__CLANG_ATOMIC_INT_LOCK_FREE=2 -D__CLANG_ATOMIC_LLONG_LOCK_FREE=2 -D__CLANG_ATOMIC_LONG_LOCK_FREE=2 -D__CLANG_ATOMIC_POINTER_LOCK_FREE=2 -D__CLANG_ATOMIC_SHORT_LOCK_FREE=2 -D__CLANG_ATOMIC_WCHAR_T_LOCK_FREE=2 -D__CONSTANT_CFSTRINGS__=1 -D__DBL_DECIMAL_DIG__=17 -D__DBL_DENORM_MIN__=4.9406564584124654e-324 -D__DBL_DIG__=15 -D__DBL_EPSILON__=2.2204460492503131e-16 -D__DBL_HAS_DENORM__=1 -D__DBL_HAS_INFINITY__=1 -D__DBL_HAS_QUIET_NAN__=1 -D__DBL_MANT_DIG__=53 -D__DBL_MAX_10_EXP__=308 -D__DBL_MAX_EXP__=1024 -D__DBL_MAX__=1.7976931348623157e+308 '-D__DBL_MIN_10_EXP__=(-307)' '-D__DBL_MIN_EXP__=(-1021)' -D__DBL_MIN__=2.2250738585072014e-308 -D__DECIMAL_DIG__=__LDBL_DECIMAL_DIG__ -D__DYNAMIC__=1 -D__ENVIRONMENT_MAC_OS_X_VERSION_MIN_REQUIRED__=140400 -D__ENVIRONMENT_OS_VERSION_MIN_REQUIRED__=140400 -D__FINITE_MATH_ONLY__=0 -D__FLT16_DECIMAL_DIG__=5 -D__FLT16_DENORM_MIN__=5.9604644775390625e-8F16 -D__FLT16_DIG__=3 -D__FLT16_EPSILON__=9.765625e-4F16 -D__FLT16_HAS_DENORM__=1 -D__FLT16_HAS_INFINITY__=1 -D__FLT16_HAS_QUIET_NAN__=1 -D__FLT16_MANT_DIG__=11 -D__FLT16_MAX_10_EXP__=4 -D__FLT16_MAX_EXP__=16 -D__FLT16_MAX__=6.5504e+4F16 '-D__FLT16_MIN_10_EXP__=(-4)' '-D__FLT16_MIN_EXP__=(-13)' -D__FLT16_MIN__=6.103515625e-5F16 -D__FLT_DECIMAL_DIG__=9 -D__FLT_DENORM_MIN__=1.40129846e-45F -D__FLT_DIG__=6 -D__FLT_EPSILON__=1.19209290e-7F -D__FLT_HAS_DENORM__=1 -D__FLT_HAS_INFINITY__=1 -D__FLT_HAS_QUIET_NAN__=1 -D__FLT_MANT_DIG__=24 -D__FLT_MAX_10_EXP__=38 -D__FLT_MAX_EXP__=128 -D__FLT_MAX__=3.40282347e+38F '-D__FLT_MIN_10_EXP__=(-37)' '-D__FLT_MIN_EXP__=(-125)' -D__FLT_MIN__=1.17549435e-38F -D__FLT_RADIX__=2 -D__FXSR__=1 -D__GCC_ASM_FLAG_OUTPUTS__=1 -D__GCC_ATOMIC_BOOL_LOCK_FREE=2 -D__GCC_ATOMIC_CHAR16_T_LOCK_FREE=2 -D__GCC_ATOMIC_CHAR32_T_LOCK_FREE=2 -D__GCC_ATOMIC_CHAR_LOCK_FREE=2 -D__GCC_ATOMIC_INT_LOCK_FREE=2 -D__GCC_ATOMIC_LLONG_LOCK_FREE=2 -D__GCC_ATOMIC_LONG_LOCK_FREE=2 -D__GCC_ATOMIC_POINTER_LOCK_FREE=2 -D__GCC_ATOMIC_SHORT_LOCK_FREE=2 -D__GCC_ATOMIC_TEST_AND_SET_TRUEVAL=1 -D__GCC_ATOMIC_WCHAR_T_LOCK_FREE=2 -D__GCC_HAVE_SYNC_COMPARE_AND_SWAP_1=1 -D__GCC_HAVE_SYNC_COMPARE_AND_SWAP_16=1 -D__GCC_HAVE_SYNC_COMPARE_AND_SWAP_2=1 -D__GCC_HAVE_SYNC_COMPARE_AND_SWAP_4=1 -D__GCC_HAVE_SYNC_COMPARE_AND_SWAP_8=1 -D__GNUC_MINOR__=2 -D__GNUC_PATCHLEVEL__=1 -D__GNUC__=4 -D__GXX_ABI_VERSION=1002 -D__INT16_C_SUFFIX__= '-D__INT16_FMTd__="hd"' '-D__INT16_FMTi__="hi"' -D__INT16_MAX__=32767 -D__INT16_TYPE__=short -D__INT32_C_SUFFIX__= '-D__INT32_FMTd__="d"' '-D__INT32_FMTi__="i"' -D__INT32_MAX__=2147483647 -D__INT32_TYPE__=int -D__INT64_C_SUFFIX__=LL '-D__INT64_FMTd__="lld"' '-D__INT64_FMTi__="lli"' -D__INT64_MAX__=9223372036854775807LL '-D__INT64_TYPE__=long long int' -D__INT8_C_SUFFIX__= '-D__INT8_FMTd__="hhd"' '-D__INT8_FMTi__="hhi"' -D__INT8_MAX__=127 '-D__INT8_TYPE__=signed char' -D__INTMAX_C_SUFFIX__=L '-D__INTMAX_FMTd__="ld"' '-D__INTMAX_FMTi__="li"' -D__INTMAX_MAX__=9223372036854775807L '-D__INTMAX_TYPE__=long int' -D__INTMAX_WIDTH__=64 '-D__INTPTR_FMTd__="ld"' '-D__INTPTR_FMTi__="li"' -D__INTPTR_MAX__=9223372036854775807L '-D__INTPTR_TYPE__=long int' -D__INTPTR_WIDTH__=64 '-D__INT_FAST16_FMTd__="hd"' '-D__INT_FAST16_FMTi__="hi"' -D__INT_FAST16_MAX__=32767 -D__INT_FAST16_TYPE__=short -D__INT_FAST16_WIDTH__=16 '-D__INT_FAST32_FMTd__="d"' '-D__INT_FAST32_FMTi__="i"' -D__INT_FAST32_MAX__=2147483647 -D__INT_FAST32_TYPE__=int -D__INT_FAST32_WIDTH__=32 '-D__INT_FAST64_FMTd__="lld"' '-D__INT_FAST64_FMTi__="lli"' -D__INT_FAST64_MAX__=9223372036854775807LL '-D__INT_FAST64_TYPE__=long long int' -D__INT_FAST64_WIDTH__=64 '-D__INT_FAST8_FMTd__="hhd"' '-D__INT_FAST8_FMTi__="hhi"' -D__INT_FAST8_MAX__=127 '-D__INT_FAST8_TYPE__=signed char' -D__INT_FAST8_WIDTH__=8 '-D__INT_LEAST16_FMTd__="hd"' '-D__INT_LEAST16_FMTi__="hi"' -D__INT_LEAST16_MAX__=32767 -D__INT_LEAST16_TYPE__=short -D__INT_LEAST16_WIDTH__=16 '-D__INT_LEAST32_FMTd__="d"' '-D__INT_LEAST32_FMTi__="i"' -D__INT_LEAST32_MAX__=2147483647 -D__INT_LEAST32_TYPE__=int -D__INT_LEAST32_WIDTH__=32 '-D__INT_LEAST64_FMTd__="lld"' '-D__INT_LEAST64_FMTi__="lli"' -D__INT_LEAST64_MAX__=9223372036854775807LL '-D__INT_LEAST64_TYPE__=long long int' -D__INT_LEAST64_WIDTH__=64 '-D__INT_LEAST8_FMTd__="hhd"' '-D__INT_LEAST8_FMTi__="hhi"' -D__INT_LEAST8_MAX__=127 '-D__INT_LEAST8_TYPE__=signed char' -D__INT_LEAST8_WIDTH__=8 -D__INT_MAX__=2147483647 -D__INT_WIDTH__=32 -D__LAHF_SAHF__=1 -D__LDBL_DECIMAL_DIG__=21 -D__LDBL_DENORM_MIN__=3.64519953188247460253e-4951L -D__LDBL_DIG__=18 -D__LDBL_EPSILON__=1.08420217248550443401e-19L -D__LDBL_HAS_DENORM__=1 -D__LDBL_HAS_INFINITY__=1 -D__LDBL_HAS_QUIET_NAN__=1 -D__LDBL_MANT_DIG__=64 -D__LDBL_MAX_10_EXP__=4932 -D__LDBL_MAX_EXP__=16384 -D__LDBL_MAX__=1.18973149535723176502e+4932L '-D__LDBL_MIN_10_EXP__=(-4931)' '-D__LDBL_MIN_EXP__=(-16381)' -D__LDBL_MIN__=3.36210314311209350626e-4932L -D__LITTLE_ENDIAN__=1 -D__LLONG_WIDTH__=64 -D__LONG_LONG_MAX__=9223372036854775807LL -D__LONG_MAX__=9223372036854775807L -D__LONG_WIDTH__=64 -D__LP64__=1 -D__MACH__=1 -D__MMX__=1 -D__NO_INLINE__=1 -D__NO_MATH_ERRNO__=1 -D__NO_MATH_INLINES=1 -D__OBJC_BOOL_IS_BOOL=0 -D__OPENCL_MEMORY_SCOPE_ALL_SVM_DEVICES=3 -D__OPENCL_MEMORY_SCOPE_DEVICE=2 -D__OPENCL_MEMORY_SCOPE_SUB_GROUP=4 -D__OPENCL_MEMORY_SCOPE_WORK_GROUP=1 -D__OPENCL_MEMORY_SCOPE_WORK_ITEM=0 -D__ORDER_BIG_ENDIAN__=4321 -D__ORDER_LITTLE_ENDIAN__=1234 -D__ORDER_PDP_ENDIAN__=3412 -D__PIC__=2 -D__POINTER_WIDTH__=64 -D__PRAGMA_REDEFINE_EXTNAME=1 '-D__PTRDIFF_FMTd__="ld"' '-D__PTRDIFF_FMTi__="li"' -D__PTRDIFF_MAX__=9223372036854775807L '-D__PTRDIFF_TYPE__=long int' -D__PTRDIFF_WIDTH__=64 -D__REGISTER_PREFIX__= -D__SCHAR_MAX__=127 -D__SEG_FS=1 -D__SEG_GS=1 -D__SHRT_MAX__=32767 -D__SHRT_WIDTH__=16 -D__SIG_ATOMIC_MAX__=2147483647 -D__SIG_ATOMIC_WIDTH__=32 -D__SIZEOF_DOUBLE__=8 -D__SIZEOF_FLOAT__=4 -D__SIZEOF_INT128__=16 -D__SIZEOF_INT__=4 -D__SIZEOF_LONG_DOUBLE__=16 -D__SIZEOF_LONG_LONG__=8 -D__SIZEOF_LONG__=8 -D__SIZEOF_POINTER__=8 -D__SIZEOF_PTRDIFF_T__=8 -D__SIZEOF_SHORT__=2 -D__SIZEOF_SIZE_T__=8 -D__SIZEOF_WCHAR_T__=4 -D__SIZEOF_WINT_T__=4 '-D__SIZE_FMTX__="lX"' '-D__SIZE_FMTo__="lo"' '-D__SIZE_FMTu__="lu"' '-D__SIZE_FMTx__="lx"' -D__SIZE_MAX__=18446744073709551615UL '-D__SIZE_TYPE__=long unsigned int' -D__SIZE_WIDTH__=64 -D__SSE2_MATH__=1 -D__SSE2__=1 -D__SSE3__=1 -D__SSE4_1__=1 -D__SSE_MATH__=1 -D__SSE__=1 -D__SSSE3__=1 -D__STDC_NO_THREADS__=1 -D__STDC_UTF_16__=1 -D__STDC_UTF_32__=1 -D__UINT16_C_SUFFIX__= '-D__UINT16_FMTX__="hX"' '-D__UINT16_FMTo__="ho"' '-D__UINT16_FMTu__="hu"' '-D__UINT16_FMTx__="hx"' -D__UINT16_MAX__=65535 '-D__UINT16_TYPE__=unsigned short' -D__UINT32_C_SUFFIX__=U '-D__UINT32_FMTX__="X"' '-D__UINT32_FMTo__="o"' '-D__UINT32_FMTu__="u"' '-D__UINT32_FMTx__="x"' -D__UINT32_MAX__=4294967295U '-D__UINT32_TYPE__=unsigned int' -D__UINT64_C_SUFFIX__=ULL '-D__UINT64_FMTX__="llX"' '-D__UINT64_FMTo__="llo"' '-D__UINT64_FMTu__="llu"' '-D__UINT64_FMTx__="llx"' -D__UINT64_MAX__=18446744073709551615ULL '-D__UINT64_TYPE__=long long unsigned int' -D__UINT8_C_SUFFIX__= '-D__UINT8_FMTX__="hhX"' '-D__UINT8_FMTo__="hho"' '-D__UINT8_FMTu__="hhu"' '-D__UINT8_FMTx__="hhx"' -D__UINT8_MAX__=255 '-D__UINT8_TYPE__=unsigned char' -D__UINTMAX_C_SUFFIX__=UL '-D__UINTMAX_FMTX__="lX"' '-D__UINTMAX_FMTo__="lo"' '-D__UINTMAX_FMTu__="lu"' '-D__UINTMAX_FMTx__="lx"' -D__UINTMAX_MAX__=18446744073709551615UL '-D__UINTMAX_TYPE__=long unsigned int' -D__UINTMAX_WIDTH__=64 '-D__UINTPTR_FMTX__="lX"' '-D__UINTPTR_FMTo__="lo"' '-D__UINTPTR_FMTu__="lu"' '-D__UINTPTR_FMTx__="lx"' -D__UINTPTR_MAX__=18446744073709551615UL '-D__UINTPTR_TYPE__=long unsigned int' -D__UINTPTR_WIDTH__=64 '-D__UINT_FAST16_FMTX__="hX"' '-D__UINT_FAST16_FMTo__="ho"' '-D__UINT_FAST16_FMTu__="hu"' '-D__UINT_FAST16_FMTx__="hx"' -D__UINT_FAST16_MAX__=65535 '-D__UINT_FAST16_TYPE__=unsigned short' '-D__UINT_FAST32_FMTX__="X"' '-D__UINT_FAST32_FMTo__="o"' '-D__UINT_FAST32_FMTu__="u"' '-D__UINT_FAST32_FMTx__="x"' -D__UINT_FAST32_MAX__=4294967295U '-D__UINT_FAST32_TYPE__=unsigned int' '-D__UINT_FAST64_FMTX__="llX"' '-D__UINT_FAST64_FMTo__="llo"' '-D__UINT_FAST64_FMTu__="llu"' '-D__UINT_FAST64_FMTx__="llx"' -D__UINT_FAST64_MAX__=18446744073709551615ULL '-D__UINT_FAST64_TYPE__=long long unsigned int' '-D__UINT_FAST8_FMTX__="hhX"' '-D__UINT_FAST8_FMTo__="hho"' '-D__UINT_FAST8_FMTu__="hhu"' '-D__UINT_FAST8_FMTx__="hhx"' -D__UINT_FAST8_MAX__=255 '-D__UINT_FAST8_TYPE__=unsigned char' '-D__UINT_LEAST16_FMTX__="hX"' '-D__UINT_LEAST16_FMTo__="ho"' '-D__UINT_LEAST16_FMTu__="hu"' '-D__UINT_LEAST16_FMTx__="hx"' -D__UINT_LEAST16_MAX__=65535 '-D__UINT_LEAST16_TYPE__=unsigned short' '-D__UINT_LEAST32_FMTX__="X"' '-D__UINT_LEAST32_FMTo__="o"' '-D__UINT_LEAST32_FMTu__="u"' '-D__UINT_LEAST32_FMTx__="x"' -D__UINT_LEAST32_MAX__=4294967295U '-D__UINT_LEAST32_TYPE__=unsigned int' '-D__UINT_LEAST64_FMTX__="llX"' '-D__UINT_LEAST64_FMTo__="llo"' '-D__UINT_LEAST64_FMTu__="llu"' '-D__UINT_LEAST64_FMTx__="llx"' -D__UINT_LEAST64_MAX__=18446744073709551615ULL '-D__UINT_LEAST64_TYPE__=long long unsigned int' '-D__UINT_LEAST8_FMTX__="hhX"' '-D__UINT_LEAST8_FMTo__="hho"' '-D__UINT_LEAST8_FMTu__="hhu"' '-D__UINT_LEAST8_FMTx__="hhx"' -D__UINT_LEAST8_MAX__=255 '-D__UINT_LEAST8_TYPE__=unsigned char' -D__USER_LABEL_PREFIX__=_ '-D__VERSION__="Apple LLVM 15.0.0 (clang-1500.3.9.4)"' -D__WCHAR_MAX__=2147483647 -D__WCHAR_TYPE__=int -D__WCHAR_WIDTH__=32 -D__WINT_MAX__=2147483647 -D__WINT_TYPE__=int -D__WINT_WIDTH__=32 -D__amd64=1 -D__amd64__=1 -D__apple_build_version__=15000309 '-D__block=__attribute__((__blocks__(byref)))' -D__clang__=1 '-D__clang_literal_encoding__="UTF-8"' -D__clang_major__=15 -D__clang_minor__=0 -D__clang_patchlevel__=0 '-D__clang_version__="15.0.0 (clang-1500.3.9.4)"' '-D__clang_wide_literal_encoding__="UTF-32"' -D__code_model_small__=1 -D__core2=1 -D__core2__=1 -D__llvm__=1 -D__nonnull=_Nonnull -D__null_unspecified=_Null_unspecified -D__nullable=_Nullable -D__pic__=2 '-D__seg_fs=__attribute__((address_space(257)))' '-D__seg_gs=__attribute__((address_space(256)))' -D__strong= -D__tune_core2__=1 -D__unsafe_unretained= '-D__weak=__attribute__((objc_gc(weak)))' -D__x86_64=1 -D__x86_64__=1 '-D__private_extern__=extern __attribute__((visibility("hidden")))' --blocks -D__GCC_HAVE_DWARF2_CFI_ASM=1 -I/usr/local/include -I/Library/Developer/CommandLineTools/usr/lib/clang/15.0.0/include -I/Library/Developer/CommandLineTools/SDKs/MacOSX.sdk/usr/include -I/Library/Developer/CommandLineTools/usr/include -F/Library/Developer/CommandLineTools/SDKs/MacOSX.sdk/System/Library/Frameworks -- CWE121_Stack_Based_Buffer_Overflow__char_type_overrun_memcpy_04.c
[E 16:49:23 77666] CODEQL_EXTRACTOR_CPP_TRAP_CACHING is not set
[E 16:49:23 77666] CODEQL_EXTRACTOR_CPP_OPTION_TRAP_CACHE_WRITE is not set
[E 16:49:23 77666] CODEQL_EXTRACTOR_CPP_OPTION_TRAP_CACHE_DIR is not set
[E 16:49:23 77666] Initialising TRAP cache at path: c0/46a9/a9359bb0ebc7ae235e87706a799d
[E 16:49:23 77666] Not using TRAP cache
[E 16:49:23 77666] TRAP cache miss
[E 16:49:23 77666] Starting compilation TRAP /Users/sheenie/Desktop/my_cases/taint+buffer_trimmed/cwe121-db/trap/cpp/compilations/12/924055_0.trap.zst
[E 16:49:23 77666] Archiving /Users/sheenie/Desktop/my_cases/taint+buffer_trimmed/cwe121-db/src/Users/sheenie/Desktop/my_cases/taint+buffer_trimmed/CWE121_Stack_Based_Buffer_Overflow__char_type_overrun_memcpy_04.c
[E 16:49:23 77666] Already archived /Users/sheenie/Desktop/my_cases/taint+buffer_trimmed/cwe121-db/src/Users/sheenie/Desktop/my_cases/taint+buffer_trimmed/std_testcase.h
[E 16:49:23 77666] Already archived /Users/sheenie/Desktop/my_cases/taint+buffer_trimmed/cwe121-db/src/Library/Developer/CommandLineTools/SDKs/MacOSX14.4.sdk/usr/include/stdio.h
[E 16:49:23 77666] Already archived /Users/sheenie/Desktop/my_cases/taint+buffer_trimmed/cwe121-db/src/Library/Developer/CommandLineTools/SDKs/MacOSX14.4.sdk/usr/include/_stdio.h
[E 16:49:23 77666] Already archived /Users/sheenie/Desktop/my_cases/taint+buffer_trimmed/cwe121-db/src/Library/Developer/CommandLineTools/SDKs/MacOSX14.4.sdk/usr/include/sys/cdefs.h
[E 16:49:23 77666] Already archived /Users/sheenie/Desktop/my_cases/taint+buffer_trimmed/cwe121-db/src/Library/Developer/CommandLineTools/SDKs/MacOSX14.4.sdk/usr/include/sys/_symbol_aliasing.h
[E 16:49:23 77666] Already archived /Users/sheenie/Desktop/my_cases/taint+buffer_trimmed/cwe121-db/src/Library/Developer/CommandLineTools/SDKs/MacOSX14.4.sdk/usr/include/sys/_posix_availability.h
[E 16:49:23 77666] Already archived /Users/sheenie/Desktop/my_cases/taint+buffer_trimmed/cwe121-db/src/Library/Developer/CommandLineTools/SDKs/MacOSX14.4.sdk/usr/include/Availability.h
[E 16:49:23 77666] Already archived /Users/sheenie/Desktop/my_cases/taint+buffer_trimmed/cwe121-db/src/Library/Developer/CommandLineTools/SDKs/MacOSX14.4.sdk/usr/include/AvailabilityVersions.h
[E 16:49:23 77666] Already archived /Users/sheenie/Desktop/my_cases/taint+buffer_trimmed/cwe121-db/src/Library/Developer/CommandLineTools/SDKs/MacOSX14.4.sdk/usr/include/AvailabilityInternal.h
[E 16:49:23 77666] Already archived /Users/sheenie/Desktop/my_cases/taint+buffer_trimmed/cwe121-db/src/Library/Developer/CommandLineTools/SDKs/MacOSX14.4.sdk/usr/include/AvailabilityInternalLegacy.h
[E 16:49:23 77666] Already archived /Users/sheenie/Desktop/my_cases/taint+buffer_trimmed/cwe121-db/src/Library/Developer/CommandLineTools/SDKs/MacOSX14.4.sdk/usr/include/_types.h
[E 16:49:23 77666] Already archived /Users/sheenie/Desktop/my_cases/taint+buffer_trimmed/cwe121-db/src/Library/Developer/CommandLineTools/SDKs/MacOSX14.4.sdk/usr/include/sys/_types.h
[E 16:49:23 77666] Already archived /Users/sheenie/Desktop/my_cases/taint+buffer_trimmed/cwe121-db/src/Library/Developer/CommandLineTools/SDKs/MacOSX14.4.sdk/usr/include/machine/_types.h
[E 16:49:23 77666] Already archived /Users/sheenie/Desktop/my_cases/taint+buffer_trimmed/cwe121-db/src/Library/Developer/CommandLineTools/SDKs/MacOSX14.4.sdk/usr/include/i386/_types.h
[E 16:49:23 77666] Already archived /Users/sheenie/Desktop/my_cases/taint+buffer_trimmed/cwe121-db/src/Library/Developer/CommandLineTools/SDKs/MacOSX14.4.sdk/usr/include/sys/_pthread/_pthread_types.h
[E 16:49:23 77666] Already archived /Users/sheenie/Desktop/my_cases/taint+buffer_trimmed/cwe121-db/src/Library/Developer/CommandLineTools/SDKs/MacOSX14.4.sdk/usr/include/sys/_types/_va_list.h
[E 16:49:23 77666] Already archived /Users/sheenie/Desktop/my_cases/taint+buffer_trimmed/cwe121-db/src/Library/Developer/CommandLineTools/SDKs/MacOSX14.4.sdk/usr/include/machine/types.h
[E 16:49:23 77666] Already archived /Users/sheenie/Desktop/my_cases/taint+buffer_trimmed/cwe121-db/src/Library/Developer/CommandLineTools/SDKs/MacOSX14.4.sdk/usr/include/i386/types.h
[E 16:49:23 77666] Already archived /Users/sheenie/Desktop/my_cases/taint+buffer_trimmed/cwe121-db/src/Library/Developer/CommandLineTools/SDKs/MacOSX14.4.sdk/usr/include/sys/_types/_int8_t.h
[E 16:49:23 77666] Already archived /Users/sheenie/Desktop/my_cases/taint+buffer_trimmed/cwe121-db/src/Library/Developer/CommandLineTools/SDKs/MacOSX14.4.sdk/usr/include/sys/_types/_int16_t.h
[E 16:49:23 77666] Already archived /Users/sheenie/Desktop/my_cases/taint+buffer_trimmed/cwe121-db/src/Library/Developer/CommandLineTools/SDKs/MacOSX14.4.sdk/usr/include/sys/_types/_int32_t.h
[E 16:49:23 77666] Already archived /Users/sheenie/Desktop/my_cases/taint+buffer_trimmed/cwe121-db/src/Library/Developer/CommandLineTools/SDKs/MacOSX14.4.sdk/usr/include/sys/_types/_int64_t.h
[E 16:49:23 77666] Already archived /Users/sheenie/Desktop/my_cases/taint+buffer_trimmed/cwe121-db/src/Library/Developer/CommandLineTools/SDKs/MacOSX14.4.sdk/usr/include/sys/_types/_u_int8_t.h
[E 16:49:23 77666] Already archived /Users/sheenie/Desktop/my_cases/taint+buffer_trimmed/cwe121-db/src/Library/Developer/CommandLineTools/SDKs/MacOSX14.4.sdk/usr/include/sys/_types/_u_int16_t.h
[E 16:49:23 77666] Already archived /Users/sheenie/Desktop/my_cases/taint+buffer_trimmed/cwe121-db/src/Library/Developer/CommandLineTools/SDKs/MacOSX14.4.sdk/usr/include/sys/_types/_u_int32_t.h
[E 16:49:23 77666] Already archived /Users/sheenie/Desktop/my_cases/taint+buffer_trimmed/cwe121-db/src/Library/Developer/CommandLineTools/SDKs/MacOSX14.4.sdk/usr/include/sys/_types/_u_int64_t.h
[E 16:49:23 77666] Already archived /Users/sheenie/Desktop/my_cases/taint+buffer_trimmed/cwe121-db/src/Library/Developer/CommandLineTools/SDKs/MacOSX14.4.sdk/usr/include/sys/_types/_intptr_t.h
[E 16:49:23 77666] Already archived /Users/sheenie/Desktop/my_cases/taint+buffer_trimmed/cwe121-db/src/Library/Developer/CommandLineTools/SDKs/MacOSX14.4.sdk/usr/include/machine/types.h
[E 16:49:23 77666] Already archived /Users/sheenie/Desktop/my_cases/taint+buffer_trimmed/cwe121-db/src/Library/Developer/CommandLineTools/SDKs/MacOSX14.4.sdk/usr/include/sys/_types/_uintptr_t.h
[E 16:49:23 77666] Already archived /Users/sheenie/Desktop/my_cases/taint+buffer_trimmed/cwe121-db/src/Library/Developer/CommandLineTools/SDKs/MacOSX14.4.sdk/usr/include/sys/_types/_size_t.h
[E 16:49:23 77666] Already archived /Users/sheenie/Desktop/my_cases/taint+buffer_trimmed/cwe121-db/src/Library/Developer/CommandLineTools/SDKs/MacOSX14.4.sdk/usr/include/sys/_types/_null.h
[E 16:49:23 77666] Already archived /Users/sheenie/Desktop/my_cases/taint+buffer_trimmed/cwe121-db/src/Library/Developer/CommandLineTools/SDKs/MacOSX14.4.sdk/usr/include/sys/stdio.h
[E 16:49:23 77666] Already archived /Users/sheenie/Desktop/my_cases/taint+buffer_trimmed/cwe121-db/src/Library/Developer/CommandLineTools/SDKs/MacOSX14.4.sdk/usr/include/sys/_types/_seek_set.h
[E 16:49:23 77666] Already archived /Users/sheenie/Desktop/my_cases/taint+buffer_trimmed/cwe121-db/src/Library/Developer/CommandLineTools/SDKs/MacOSX14.4.sdk/usr/include/_ctermid.h
[E 16:49:23 77666] Already archived /Users/sheenie/Desktop/my_cases/taint+buffer_trimmed/cwe121-db/src/Library/Developer/CommandLineTools/SDKs/MacOSX14.4.sdk/usr/include/sys/_types/_off_t.h
[E 16:49:23 77666] Already archived /Users/sheenie/Desktop/my_cases/taint+buffer_trimmed/cwe121-db/src/Library/Developer/CommandLineTools/SDKs/MacOSX14.4.sdk/usr/include/sys/_types/_ssize_t.h
[E 16:49:23 77666] Already archived /Users/sheenie/Desktop/my_cases/taint+buffer_trimmed/cwe121-db/src/Library/Developer/CommandLineTools/SDKs/MacOSX14.4.sdk/usr/include/secure/_stdio.h
[E 16:49:23 77666] Already archived /Users/sheenie/Desktop/my_cases/taint+buffer_trimmed/cwe121-db/src/Library/Developer/CommandLineTools/SDKs/MacOSX14.4.sdk/usr/include/secure/_common.h
[E 16:49:23 77666] Already archived /Users/sheenie/Desktop/my_cases/taint+buffer_trimmed/cwe121-db/src/Library/Developer/CommandLineTools/SDKs/MacOSX14.4.sdk/usr/include/stdlib.h
[E 16:49:23 77666] Already archived /Users/sheenie/Desktop/my_cases/taint+buffer_trimmed/cwe121-db/src/Library/Developer/CommandLineTools/SDKs/MacOSX14.4.sdk/usr/include/sys/wait.h
[E 16:49:23 77666] Already archived /Users/sheenie/Desktop/my_cases/taint+buffer_trimmed/cwe121-db/src/Library/Developer/CommandLineTools/SDKs/MacOSX14.4.sdk/usr/include/sys/_types/_pid_t.h
[E 16:49:23 77666] Already archived /Users/sheenie/Desktop/my_cases/taint+buffer_trimmed/cwe121-db/src/Library/Developer/CommandLineTools/SDKs/MacOSX14.4.sdk/usr/include/sys/_types/_id_t.h
[E 16:49:23 77666] Already archived /Users/sheenie/Desktop/my_cases/taint+buffer_trimmed/cwe121-db/src/Library/Developer/CommandLineTools/SDKs/MacOSX14.4.sdk/usr/include/sys/signal.h
[E 16:49:23 77666] Already archived /Users/sheenie/Desktop/my_cases/taint+buffer_trimmed/cwe121-db/src/Library/Developer/CommandLineTools/SDKs/MacOSX14.4.sdk/usr/include/sys/appleapiopts.h
[E 16:49:23 77666] Already archived /Users/sheenie/Desktop/my_cases/taint+buffer_trimmed/cwe121-db/src/Library/Developer/CommandLineTools/SDKs/MacOSX14.4.sdk/usr/include/machine/signal.h
[E 16:49:23 77666] Already archived /Users/sheenie/Desktop/my_cases/taint+buffer_trimmed/cwe121-db/src/Library/Developer/CommandLineTools/SDKs/MacOSX14.4.sdk/usr/include/i386/signal.h
[E 16:49:23 77666] Already archived /Users/sheenie/Desktop/my_cases/taint+buffer_trimmed/cwe121-db/src/Library/Developer/CommandLineTools/SDKs/MacOSX14.4.sdk/usr/include/machine/_mcontext.h
[E 16:49:23 77666] Already archived /Users/sheenie/Desktop/my_cases/taint+buffer_trimmed/cwe121-db/src/Library/Developer/CommandLineTools/SDKs/MacOSX14.4.sdk/usr/include/i386/_mcontext.h
[E 16:49:23 77666] Already archived /Users/sheenie/Desktop/my_cases/taint+buffer_trimmed/cwe121-db/src/Library/Developer/CommandLineTools/SDKs/MacOSX14.4.sdk/usr/include/mach/machine/_structs.h
[E 16:49:23 77666] Already archived /Users/sheenie/Desktop/my_cases/taint+buffer_trimmed/cwe121-db/src/Library/Developer/CommandLineTools/SDKs/MacOSX14.4.sdk/usr/include/mach/i386/_structs.h
[E 16:49:23 77666] Already archived /Users/sheenie/Desktop/my_cases/taint+buffer_trimmed/cwe121-db/src/Library/Developer/CommandLineTools/SDKs/MacOSX14.4.sdk/usr/include/sys/_pthread/_pthread_attr_t.h
[E 16:49:23 77666] Already archived /Users/sheenie/Desktop/my_cases/taint+buffer_trimmed/cwe121-db/src/Library/Developer/CommandLineTools/SDKs/MacOSX14.4.sdk/usr/include/sys/_types/_sigaltstack.h
[E 16:49:23 77666] Already archived /Users/sheenie/Desktop/my_cases/taint+buffer_trimmed/cwe121-db/src/Library/Developer/CommandLineTools/SDKs/MacOSX14.4.sdk/usr/include/sys/_types/_ucontext.h
[E 16:49:23 77666] Already archived /Users/sheenie/Desktop/my_cases/taint+buffer_trimmed/cwe121-db/src/Library/Developer/CommandLineTools/SDKs/MacOSX14.4.sdk/usr/include/sys/_types/_sigset_t.h
[E 16:49:23 77666] Already archived /Users/sheenie/Desktop/my_cases/taint+buffer_trimmed/cwe121-db/src/Library/Developer/CommandLineTools/SDKs/MacOSX14.4.sdk/usr/include/sys/_types/_uid_t.h
[E 16:49:23 77666] Already archived /Users/sheenie/Desktop/my_cases/taint+buffer_trimmed/cwe121-db/src/Library/Developer/CommandLineTools/SDKs/MacOSX14.4.sdk/usr/include/sys/resource.h
[E 16:49:23 77666] Already archived /Users/sheenie/Desktop/my_cases/taint+buffer_trimmed/cwe121-db/src/Library/Developer/CommandLineTools/usr/lib/clang/15.0.0/include/stdint.h
[E 16:49:23 77666] Already archived /Users/sheenie/Desktop/my_cases/taint+buffer_trimmed/cwe121-db/src/Library/Developer/CommandLineTools/SDKs/MacOSX14.4.sdk/usr/include/stdint.h
[E 16:49:23 77666] Already archived /Users/sheenie/Desktop/my_cases/taint+buffer_trimmed/cwe121-db/src/Library/Developer/CommandLineTools/SDKs/MacOSX14.4.sdk/usr/include/_types/_uint8_t.h
[E 16:49:23 77666] Already archived /Users/sheenie/Desktop/my_cases/taint+buffer_trimmed/cwe121-db/src/Library/Developer/CommandLineTools/SDKs/MacOSX14.4.sdk/usr/include/_types/_uint16_t.h
[E 16:49:23 77666] Already archived /Users/sheenie/Desktop/my_cases/taint+buffer_trimmed/cwe121-db/src/Library/Developer/CommandLineTools/SDKs/MacOSX14.4.sdk/usr/include/_types/_uint32_t.h
[E 16:49:23 77666] Already archived /Users/sheenie/Desktop/my_cases/taint+buffer_trimmed/cwe121-db/src/Library/Developer/CommandLineTools/SDKs/MacOSX14.4.sdk/usr/include/_types/_uint64_t.h
[E 16:49:23 77666] Already archived /Users/sheenie/Desktop/my_cases/taint+buffer_trimmed/cwe121-db/src/Library/Developer/CommandLineTools/SDKs/MacOSX14.4.sdk/usr/include/_types/_intmax_t.h
[E 16:49:23 77666] Already archived /Users/sheenie/Desktop/my_cases/taint+buffer_trimmed/cwe121-db/src/Library/Developer/CommandLineTools/SDKs/MacOSX14.4.sdk/usr/include/_types/_uintmax_t.h
[E 16:49:23 77666] Already archived /Users/sheenie/Desktop/my_cases/taint+buffer_trimmed/cwe121-db/src/Library/Developer/CommandLineTools/SDKs/MacOSX14.4.sdk/usr/include/sys/_types/_timeval.h
[E 16:49:23 77666] Already archived /Users/sheenie/Desktop/my_cases/taint+buffer_trimmed/cwe121-db/src/Library/Developer/CommandLineTools/SDKs/MacOSX14.4.sdk/usr/include/machine/endian.h
[E 16:49:23 77666] Already archived /Users/sheenie/Desktop/my_cases/taint+buffer_trimmed/cwe121-db/src/Library/Developer/CommandLineTools/SDKs/MacOSX14.4.sdk/usr/include/i386/endian.h
[E 16:49:23 77666] Already archived /Users/sheenie/Desktop/my_cases/taint+buffer_trimmed/cwe121-db/src/Library/Developer/CommandLineTools/SDKs/MacOSX14.4.sdk/usr/include/sys/_endian.h
[E 16:49:23 77666] Already archived /Users/sheenie/Desktop/my_cases/taint+buffer_trimmed/cwe121-db/src/Library/Developer/CommandLineTools/SDKs/MacOSX14.4.sdk/usr/include/machine/endian.h
[E 16:49:23 77666] Already archived /Users/sheenie/Desktop/my_cases/taint+buffer_trimmed/cwe121-db/src/Library/Developer/CommandLineTools/SDKs/MacOSX14.4.sdk/usr/include/libkern/_OSByteOrder.h
[E 16:49:23 77666] Already archived /Users/sheenie/Desktop/my_cases/taint+buffer_trimmed/cwe121-db/src/Library/Developer/CommandLineTools/SDKs/MacOSX14.4.sdk/usr/include/libkern/i386/_OSByteOrder.h
[E 16:49:23 77666] Already archived /Users/sheenie/Desktop/my_cases/taint+buffer_trimmed/cwe121-db/src/Library/Developer/CommandLineTools/SDKs/MacOSX14.4.sdk/usr/include/alloca.h
[E 16:49:23 77666] Already archived /Users/sheenie/Desktop/my_cases/taint+buffer_trimmed/cwe121-db/src/Library/Developer/CommandLineTools/SDKs/MacOSX14.4.sdk/usr/include/sys/_types/_ct_rune_t.h
[E 16:49:23 77666] Already archived /Users/sheenie/Desktop/my_cases/taint+buffer_trimmed/cwe121-db/src/Library/Developer/CommandLineTools/SDKs/MacOSX14.4.sdk/usr/include/sys/_types/_rune_t.h
[E 16:49:23 77666] Already archived /Users/sheenie/Desktop/my_cases/taint+buffer_trimmed/cwe121-db/src/Library/Developer/CommandLineTools/SDKs/MacOSX14.4.sdk/usr/include/sys/_types/_wchar_t.h
[E 16:49:23 77666] Already archived /Users/sheenie/Desktop/my_cases/taint+buffer_trimmed/cwe121-db/src/Library/Developer/CommandLineTools/SDKs/MacOSX14.4.sdk/usr/include/malloc/_malloc.h
[E 16:49:23 77666] Already archived /Users/sheenie/Desktop/my_cases/taint+buffer_trimmed/cwe121-db/src/Library/Developer/CommandLineTools/SDKs/MacOSX14.4.sdk/usr/include/malloc/_malloc_type.h
[E 16:49:23 77666] Already archived /Users/sheenie/Desktop/my_cases/taint+buffer_trimmed/cwe121-db/src/Library/Developer/CommandLineTools/SDKs/MacOSX14.4.sdk/usr/include/malloc/_ptrcheck.h
[E 16:49:23 77666] Already archived /Users/sheenie/Desktop/my_cases/taint+buffer_trimmed/cwe121-db/src/Library/Developer/CommandLineTools/SDKs/MacOSX14.4.sdk/usr/include/sys/_types/_dev_t.h
[E 16:49:23 77666] Already archived /Users/sheenie/Desktop/my_cases/taint+buffer_trimmed/cwe121-db/src/Library/Developer/CommandLineTools/SDKs/MacOSX14.4.sdk/usr/include/sys/_types/_mode_t.h
[E 16:49:23 77666] Already archived /Users/sheenie/Desktop/my_cases/taint+buffer_trimmed/cwe121-db/src/Library/Developer/CommandLineTools/usr/lib/clang/15.0.0/include/stddef.h
[E 16:49:23 77666] Already archived /Users/sheenie/Desktop/my_cases/taint+buffer_trimmed/cwe121-db/src/Library/Developer/CommandLineTools/usr/lib/clang/15.0.0/include/__stddef_max_align_t.h
[E 16:49:23 77666] Already archived /Users/sheenie/Desktop/my_cases/taint+buffer_trimmed/cwe121-db/src/Library/Developer/CommandLineTools/SDKs/MacOSX14.4.sdk/usr/include/time.h
[E 16:49:23 77666] Already archived /Users/sheenie/Desktop/my_cases/taint+buffer_trimmed/cwe121-db/src/Library/Developer/CommandLineTools/SDKs/MacOSX14.4.sdk/usr/include/sys/_types/_clock_t.h
[E 16:49:23 77666] Already archived /Users/sheenie/Desktop/my_cases/taint+buffer_trimmed/cwe121-db/src/Library/Developer/CommandLineTools/SDKs/MacOSX14.4.sdk/usr/include/sys/_types/_time_t.h
[E 16:49:23 77666] Already archived /Users/sheenie/Desktop/my_cases/taint+buffer_trimmed/cwe121-db/src/Library/Developer/CommandLineTools/SDKs/MacOSX14.4.sdk/usr/include/sys/_types/_timespec.h
[E 16:49:23 77666] Already archived /Users/sheenie/Desktop/my_cases/taint+buffer_trimmed/cwe121-db/src/Library/Developer/CommandLineTools/usr/lib/clang/15.0.0/include/limits.h
[E 16:49:23 77666] Already archived /Users/sheenie/Desktop/my_cases/taint+buffer_trimmed/cwe121-db/src/Library/Developer/CommandLineTools/SDKs/MacOSX14.4.sdk/usr/include/limits.h
[E 16:49:23 77666] Already archived /Users/sheenie/Desktop/my_cases/taint+buffer_trimmed/cwe121-db/src/Library/Developer/CommandLineTools/SDKs/MacOSX14.4.sdk/usr/include/machine/limits.h
[E 16:49:23 77666] Already archived /Users/sheenie/Desktop/my_cases/taint+buffer_trimmed/cwe121-db/src/Library/Developer/CommandLineTools/SDKs/MacOSX14.4.sdk/usr/include/i386/limits.h
[E 16:49:23 77666] Already archived /Users/sheenie/Desktop/my_cases/taint+buffer_trimmed/cwe121-db/src/Library/Developer/CommandLineTools/SDKs/MacOSX14.4.sdk/usr/include/i386/_limits.h
[E 16:49:23 77666] Already archived /Users/sheenie/Desktop/my_cases/taint+buffer_trimmed/cwe121-db/src/Library/Developer/CommandLineTools/SDKs/MacOSX14.4.sdk/usr/include/sys/syslimits.h
[E 16:49:23 77666] Already archived /Users/sheenie/Desktop/my_cases/taint+buffer_trimmed/cwe121-db/src/Library/Developer/CommandLineTools/SDKs/MacOSX14.4.sdk/usr/include/string.h
[E 16:49:23 77666] Already archived /Users/sheenie/Desktop/my_cases/taint+buffer_trimmed/cwe121-db/src/Library/Developer/CommandLineTools/SDKs/MacOSX14.4.sdk/usr/include/sys/_types/_rsize_t.h
[E 16:49:23 77666] Already archived /Users/sheenie/Desktop/my_cases/taint+buffer_trimmed/cwe121-db/src/Library/Developer/CommandLineTools/SDKs/MacOSX14.4.sdk/usr/include/sys/_types/_errno_t.h
[E 16:49:23 77666] Already archived /Users/sheenie/Desktop/my_cases/taint+buffer_trimmed/cwe121-db/src/Library/Developer/CommandLineTools/SDKs/MacOSX14.4.sdk/usr/include/strings.h
[E 16:49:23 77666] Already archived /Users/sheenie/Desktop/my_cases/taint+buffer_trimmed/cwe121-db/src/Library/Developer/CommandLineTools/SDKs/MacOSX14.4.sdk/usr/include/string.h
[E 16:49:23 77666] Already archived /Users/sheenie/Desktop/my_cases/taint+buffer_trimmed/cwe121-db/src/Library/Developer/CommandLineTools/SDKs/MacOSX14.4.sdk/usr/include/secure/_strings.h
[E 16:49:23 77666] Already archived /Users/sheenie/Desktop/my_cases/taint+buffer_trimmed/cwe121-db/src/Library/Developer/CommandLineTools/SDKs/MacOSX14.4.sdk/usr/include/secure/_string.h
[E 16:49:23 77666] Already archived /Users/sheenie/Desktop/my_cases/taint+buffer_trimmed/cwe121-db/src/Library/Developer/CommandLineTools/SDKs/MacOSX14.4.sdk/usr/include/ctype.h
[E 16:49:23 77666] Already archived /Users/sheenie/Desktop/my_cases/taint+buffer_trimmed/cwe121-db/src/Library/Developer/CommandLineTools/SDKs/MacOSX14.4.sdk/usr/include/_ctype.h
[E 16:49:23 77666] Already archived /Users/sheenie/Desktop/my_cases/taint+buffer_trimmed/cwe121-db/src/Library/Developer/CommandLineTools/SDKs/MacOSX14.4.sdk/usr/include/runetype.h
[E 16:49:23 77666] Already archived /Users/sheenie/Desktop/my_cases/taint+buffer_trimmed/cwe121-db/src/Library/Developer/CommandLineTools/SDKs/MacOSX14.4.sdk/usr/include/sys/_types/_wchar_t.h
[E 16:49:23 77666] Already archived /Users/sheenie/Desktop/my_cases/taint+buffer_trimmed/cwe121-db/src/Library/Developer/CommandLineTools/SDKs/MacOSX14.4.sdk/usr/include/sys/_types/_wint_t.h
[E 16:49:23 77666] Already archived /Users/sheenie/Desktop/my_cases/taint+buffer_trimmed/cwe121-db/src/Library/Developer/CommandLineTools/SDKs/MacOSX14.4.sdk/usr/include/fcntl.h
[E 16:49:23 77666] Already archived /Users/sheenie/Desktop/my_cases/taint+buffer_trimmed/cwe121-db/src/Library/Developer/CommandLineTools/SDKs/MacOSX14.4.sdk/usr/include/sys/fcntl.h
[E 16:49:23 77666] Already archived /Users/sheenie/Desktop/my_cases/taint+buffer_trimmed/cwe121-db/src/Library/Developer/CommandLineTools/SDKs/MacOSX14.4.sdk/usr/include/sys/_types/_o_sync.h
[E 16:49:23 77666] Already archived /Users/sheenie/Desktop/my_cases/taint+buffer_trimmed/cwe121-db/src/Library/Developer/CommandLineTools/SDKs/MacOSX14.4.sdk/usr/include/sys/_types/_o_dsync.h
[E 16:49:23 77666] Already archived /Users/sheenie/Desktop/my_cases/taint+buffer_trimmed/cwe121-db/src/Library/Developer/CommandLineTools/SDKs/MacOSX14.4.sdk/usr/include/sys/_types/_s_ifmt.h
[E 16:49:23 77666] Already archived /Users/sheenie/Desktop/my_cases/taint+buffer_trimmed/cwe121-db/src/Library/Developer/CommandLineTools/SDKs/MacOSX14.4.sdk/usr/include/sys/_types/_filesec_t.h
[E 16:49:23 77666] Already archived /Users/sheenie/Desktop/my_cases/taint+buffer_trimmed/cwe121-db/src/Library/Developer/CommandLineTools/SDKs/MacOSX14.4.sdk/usr/include/sys/types.h
[E 16:49:23 77666] Already archived /Users/sheenie/Desktop/my_cases/taint+buffer_trimmed/cwe121-db/src/Library/Developer/CommandLineTools/SDKs/MacOSX14.4.sdk/usr/include/sys/_types/_u_char.h
[E 16:49:23 77666] Already archived /Users/sheenie/Desktop/my_cases/taint+buffer_trimmed/cwe121-db/src/Library/Developer/CommandLineTools/SDKs/MacOSX14.4.sdk/usr/include/sys/_types/_u_short.h
[E 16:49:23 77666] Already archived /Users/sheenie/Desktop/my_cases/taint+buffer_trimmed/cwe121-db/src/Library/Developer/CommandLineTools/SDKs/MacOSX14.4.sdk/usr/include/sys/_types/_u_int.h
[E 16:49:23 77666] Already archived /Users/sheenie/Desktop/my_cases/taint+buffer_trimmed/cwe121-db/src/Library/Developer/CommandLineTools/SDKs/MacOSX14.4.sdk/usr/include/sys/_types/_caddr_t.h
[E 16:49:23 77666] Already archived /Users/sheenie/Desktop/my_cases/taint+buffer_trimmed/cwe121-db/src/Library/Developer/CommandLineTools/SDKs/MacOSX14.4.sdk/usr/include/sys/_types/_blkcnt_t.h
[E 16:49:23 77666] Already archived /Users/sheenie/Desktop/my_cases/taint+buffer_trimmed/cwe121-db/src/Library/Developer/CommandLineTools/SDKs/MacOSX14.4.sdk/usr/include/sys/_types/_blksize_t.h
[E 16:49:23 77666] Already archived /Users/sheenie/Desktop/my_cases/taint+buffer_trimmed/cwe121-db/src/Library/Developer/CommandLineTools/SDKs/MacOSX14.4.sdk/usr/include/sys/_types/_gid_t.h
[E 16:49:23 77666] Already archived /Users/sheenie/Desktop/my_cases/taint+buffer_trimmed/cwe121-db/src/Library/Developer/CommandLineTools/SDKs/MacOSX14.4.sdk/usr/include/sys/_types/_in_addr_t.h
[E 16:49:23 77666] Already archived /Users/sheenie/Desktop/my_cases/taint+buffer_trimmed/cwe121-db/src/Library/Developer/CommandLineTools/SDKs/MacOSX14.4.sdk/usr/include/sys/_types/_in_port_t.h
[E 16:49:23 77666] Already archived /Users/sheenie/Desktop/my_cases/taint+buffer_trimmed/cwe121-db/src/Library/Developer/CommandLineTools/SDKs/MacOSX14.4.sdk/usr/include/sys/_types/_ino_t.h
[E 16:49:23 77666] Already archived /Users/sheenie/Desktop/my_cases/taint+buffer_trimmed/cwe121-db/src/Library/Developer/CommandLineTools/SDKs/MacOSX14.4.sdk/usr/include/sys/_types/_ino64_t.h
[E 16:49:23 77666] Already archived /Users/sheenie/Desktop/my_cases/taint+buffer_trimmed/cwe121-db/src/Library/Developer/CommandLineTools/SDKs/MacOSX14.4.sdk/usr/include/sys/_types/_key_t.h
[E 16:49:23 77666] Already archived /Users/sheenie/Desktop/my_cases/taint+buffer_trimmed/cwe121-db/src/Library/Developer/CommandLineTools/SDKs/MacOSX14.4.sdk/usr/include/sys/_types/_nlink_t.h
[E 16:49:23 77666] Already archived /Users/sheenie/Desktop/my_cases/taint+buffer_trimmed/cwe121-db/src/Library/Developer/CommandLineTools/SDKs/MacOSX14.4.sdk/usr/include/sys/_types/_useconds_t.h
[E 16:49:23 77666] Already archived /Users/sheenie/Desktop/my_cases/taint+buffer_trimmed/cwe121-db/src/Library/Developer/CommandLineTools/SDKs/MacOSX14.4.sdk/usr/include/sys/_types/_suseconds_t.h
[E 16:49:23 77666] Already archived /Users/sheenie/Desktop/my_cases/taint+buffer_trimmed/cwe121-db/src/Library/Developer/CommandLineTools/SDKs/MacOSX14.4.sdk/usr/include/sys/_types/_fd_def.h
[E 16:49:23 77666] Already archived /Users/sheenie/Desktop/my_cases/taint+buffer_trimmed/cwe121-db/src/Library/Developer/CommandLineTools/SDKs/MacOSX14.4.sdk/usr/include/sys/_types/_fd_setsize.h
[E 16:49:23 77666] Already archived /Users/sheenie/Desktop/my_cases/taint+buffer_trimmed/cwe121-db/src/Library/Developer/CommandLineTools/SDKs/MacOSX14.4.sdk/usr/include/sys/_types/_fd_set.h
[E 16:49:23 77666] Already archived /Users/sheenie/Desktop/my_cases/taint+buffer_trimmed/cwe121-db/src/Library/Developer/CommandLineTools/SDKs/MacOSX14.4.sdk/usr/include/sys/_types/_fd_clr.h
[E 16:49:23 77666] Already archived /Users/sheenie/Desktop/my_cases/taint+buffer_trimmed/cwe121-db/src/Library/Developer/CommandLineTools/SDKs/MacOSX14.4.sdk/usr/include/sys/_types/_fd_zero.h
[E 16:49:23 77666] Already archived /Users/sheenie/Desktop/my_cases/taint+buffer_trimmed/cwe121-db/src/Library/Developer/CommandLineTools/SDKs/MacOSX14.4.sdk/usr/include/sys/_types/_fd_isset.h
[E 16:49:23 77666] Already archived /Users/sheenie/Desktop/my_cases/taint+buffer_trimmed/cwe121-db/src/Library/Developer/CommandLineTools/SDKs/MacOSX14.4.sdk/usr/include/sys/_types/_fd_copy.h
[E 16:49:23 77666] Already archived /Users/sheenie/Desktop/my_cases/taint+buffer_trimmed/cwe121-db/src/Library/Developer/CommandLineTools/SDKs/MacOSX14.4.sdk/usr/include/sys/_pthread/_pthread_cond_t.h
[E 16:49:23 77666] Already archived /Users/sheenie/Desktop/my_cases/taint+buffer_trimmed/cwe121-db/src/Library/Developer/CommandLineTools/SDKs/MacOSX14.4.sdk/usr/include/sys/_pthread/_pthread_condattr_t.h
[E 16:49:23 77666] Already archived /Users/sheenie/Desktop/my_cases/taint+buffer_trimmed/cwe121-db/src/Library/Developer/CommandLineTools/SDKs/MacOSX14.4.sdk/usr/include/sys/_pthread/_pthread_mutex_t.h
[E 16:49:23 77666] Already archived /Users/sheenie/Desktop/my_cases/taint+buffer_trimmed/cwe121-db/src/Library/Developer/CommandLineTools/SDKs/MacOSX14.4.sdk/usr/include/sys/_pthread/_pthread_mutexattr_t.h
[E 16:49:23 77666] Already archived /Users/sheenie/Desktop/my_cases/taint+buffer_trimmed/cwe121-db/src/Library/Developer/CommandLineTools/SDKs/MacOSX14.4.sdk/usr/include/sys/_pthread/_pthread_once_t.h
[E 16:49:23 77666] Already archived /Users/sheenie/Desktop/my_cases/taint+buffer_trimmed/cwe121-db/src/Library/Developer/CommandLineTools/SDKs/MacOSX14.4.sdk/usr/include/sys/_pthread/_pthread_rwlock_t.h
[E 16:49:23 77666] Already archived /Users/sheenie/Desktop/my_cases/taint+buffer_trimmed/cwe121-db/src/Library/Developer/CommandLineTools/SDKs/MacOSX14.4.sdk/usr/include/sys/_pthread/_pthread_rwlockattr_t.h
[E 16:49:23 77666] Already archived /Users/sheenie/Desktop/my_cases/taint+buffer_trimmed/cwe121-db/src/Library/Developer/CommandLineTools/SDKs/MacOSX14.4.sdk/usr/include/sys/_pthread/_pthread_t.h
[E 16:49:23 77666] Already archived /Users/sheenie/Desktop/my_cases/taint+buffer_trimmed/cwe121-db/src/Library/Developer/CommandLineTools/SDKs/MacOSX14.4.sdk/usr/include/sys/_pthread/_pthread_key_t.h
[E 16:49:23 77666] Already archived /Users/sheenie/Desktop/my_cases/taint+buffer_trimmed/cwe121-db/src/Library/Developer/CommandLineTools/SDKs/MacOSX14.4.sdk/usr/include/sys/_types/_fsblkcnt_t.h
[E 16:49:23 77666] Already archived /Users/sheenie/Desktop/my_cases/taint+buffer_trimmed/cwe121-db/src/Library/Developer/CommandLineTools/SDKs/MacOSX14.4.sdk/usr/include/sys/_types/_fsfilcnt_t.h
[E 16:49:23 77666] Already archived /Users/sheenie/Desktop/my_cases/taint+buffer_trimmed/cwe121-db/src/Library/Developer/CommandLineTools/SDKs/MacOSX14.4.sdk/usr/include/sys/stat.h
[E 16:49:23 77666] Already archived /Users/sheenie/Desktop/my_cases/taint+buffer_trimmed/cwe121-db/src/Users/sheenie/Desktop/my_cases/taint+buffer_trimmed/std_testcase_io.h
[E 16:49:23 77666] Already archived /Users/sheenie/Desktop/my_cases/taint+buffer_trimmed/cwe121-db/src/Users/sheenie/Desktop/my_cases/taint+buffer_trimmed/std_testcase.h
[E 16:49:23 77666] Already archived /Users/sheenie/Desktop/my_cases/taint+buffer_trimmed/cwe121-db/src/Library/Developer/CommandLineTools/SDKs/MacOSX14.4.sdk/usr/include/wchar.h
[E 16:49:23 77666] Already archived /Users/sheenie/Desktop/my_cases/taint+buffer_trimmed/cwe121-db/src/Library/Developer/CommandLineTools/SDKs/MacOSX14.4.sdk/usr/include/sys/_types/_mbstate_t.h
[E 16:49:23 77666] Already archived /Users/sheenie/Desktop/my_cases/taint+buffer_trimmed/cwe121-db/src/Library/Developer/CommandLineTools/SDKs/MacOSX14.4.sdk/usr/include/sys/_types/_wchar_t.h
[E 16:49:23 77666] Already archived /Users/sheenie/Desktop/my_cases/taint+buffer_trimmed/cwe121-db/src/Library/Developer/CommandLineTools/usr/lib/clang/15.0.0/include/stdarg.h
[E 16:49:23 77666] Already archived /Users/sheenie/Desktop/my_cases/taint+buffer_trimmed/cwe121-db/src/Library/Developer/CommandLineTools/SDKs/MacOSX14.4.sdk/usr/include/_wctype.h
[E 16:49:23 77666] Already archived /Users/sheenie/Desktop/my_cases/taint+buffer_trimmed/cwe121-db/src/Library/Developer/CommandLineTools/SDKs/MacOSX14.4.sdk/usr/include/__wctype.h
[E 16:49:23 77666] Already archived /Users/sheenie/Desktop/my_cases/taint+buffer_trimmed/cwe121-db/src/Library/Developer/CommandLineTools/SDKs/MacOSX14.4.sdk/usr/include/_types/_wctype_t.h
[E 16:49:23 77666] Creating trap tarball /Users/sheenie/Desktop/my_cases/taint+buffer_trimmed/cwe121-db/trap/cpp/tarballs/Users/sheenie/Desktop/my_cases/taint+buffer_trimmed/CWE121_Stack_Based_Buffer_Overflow__char_type_overrun_memcpy_04.c.af8d2242_0.trap.tar.zst
[E 16:49:23 77666] Emitting trap files for CWE121_Stack_Based_Buffer_Overflow__char_type_overrun_memcpy_04.c
[E 16:49:23 77666] Opening existencedb in /Users/sheenie/Desktop/my_cases/taint+buffer_trimmed/cwe121-db/working/existencedb/db
[E 16:49:23 77666] Wrote 1 files to /Users/sheenie/Desktop/my_cases/taint+buffer_trimmed/cwe121-db/trap/cpp/tarballs/Users/sheenie/Desktop/my_cases/taint+buffer_trimmed/CWE121_Stack_Based_Buffer_Overflow__char_type_overrun_memcpy_04.c.af8d2242_0.trap.tar.zst
[E 16:49:23 77666] Finished compilation TRAP /Users/sheenie/Desktop/my_cases/taint+buffer_trimmed/cwe121-db/trap/cpp/compilations/12/924055_0.trap.zst
[E 16:49:23 77666] Marking C compilation as happened.
[E 16:49:23 77666] Setting tag c-compilation-happened
[E 16:49:23 77666] Starting from CODEQL_TRACER_DB_ID 0000000000012F60_0000000000000001
[E 16:49:23 77666] Locking DB /Users/sheenie/Desktop/my_cases/taint+buffer_trimmed/cwe121-db/working/tags.db
[E 16:49:23 77666] Locked DB /Users/sheenie/Desktop/my_cases/taint+buffer_trimmed/cwe121-db/working/tags.db
[E 16:49:23 77666] Set tag for 0000000000012F60_0000000000000001
[E 16:49:23 77666] Set tag for 0000000000012F5E_0000000000000002
[E 16:49:23 77666] Set tag for 0000000000012F5E_0000000000000001
[E 16:49:23 77666] Set tag for 0000000000012F5D_0000000000000001
[E 16:49:23 77666] Set tag for 0000000000012F5C_0000000000000001
[E 16:49:23 77666] Set tag for 0000000000012E85_0000000000000004
[E 16:49:23 77666] Set tag for 0000000000012E85_0000000000000003
[E 16:49:23 77666] Set tag for 0000000000012E85_0000000000000002
[E 16:49:23 77666] Set tag for root
[E 16:49:23 77666] Unlocking DB
[E 16:49:23 77666] Unlocked DB
[E 16:49:23 77666] Extractor exited successfully
[T 16:49:23 77664] Extractor /Users/sheenie/Desktop/codeql/cpp/tools/osx64/extractor terminated with exit code 0.
[T 16:49:23 77673] Attempting to switch stdout/stderr to 4...
[T 16:49:23 77673] Initializing tracer.
[T 16:49:23 77673] Initializing tags.
[T 16:49:23 77673] ID set to 0000000000012F69_0000000000000001 (parent 0000000000012F5E_0000000000000002)
[E 16:49:23 77673] CodeQL C/C++ Extractor 2.25.4
[E 16:49:23 77673] Current directory: /Users/sheenie/Desktop/my_cases/taint+buffer_trimmed
[E 16:49:23 77673] Command: /Users/sheenie/Desktop/codeql/cpp/tools/osx64/extractor --mimic /library/developer/commandlinetools/usr/bin/clang -c CWE121_Stack_Based_Buffer_Overflow__char_type_overrun_memcpy_04.c
[E 16:49:23 77673] Checking whether C compilation already happened.
[E 16:49:23 77673] Checking for tag c-compilation-happened
[E 16:49:23 77673] Checking CODEQL_TRACER_DB_ID 0000000000012F5E_0000000000000002
[E 16:49:23 77673] Locking DB /Users/sheenie/Desktop/my_cases/taint+buffer_trimmed/cwe121-db/working/tags.db
[E 16:49:23 77673] Locked DB /Users/sheenie/Desktop/my_cases/taint+buffer_trimmed/cwe121-db/working/tags.db
[E 16:49:23 77673] Unlocking DB
[E 16:49:23 77673] Unlocked DB
[E 16:49:23 77673] Exiting as C compilation already happened.
[T 16:49:23 77662] Extractor /Users/sheenie/Desktop/codeql/cpp/tools/osx64/extractor terminated with exit code 0.
[T 16:49:23 77674] Attempting to switch stdout/stderr to 4...
[T 16:49:23 77674] Initializing tracer.
[T 16:49:23 77674] Initializing tags.
[T 16:49:23 77674] ID set to 0000000000012F6A_0000000000000001 (parent 0000000000012F5D_0000000000000001)
[E 16:49:23 77674] CodeQL C/C++ Extractor 2.25.4
[E 16:49:23 77674] Current directory: /Users/sheenie/Desktop/my_cases/taint+buffer_trimmed
[E 16:49:23 77674] Command: /Users/sheenie/Desktop/codeql/cpp/tools/osx64/extractor --mimic /library/developer/commandlinetools/usr/bin/gcc -c CWE121_Stack_Based_Buffer_Overflow__char_type_overrun_memcpy_04.c
[E 16:49:23 77674] Checking whether C compilation already happened.
[E 16:49:23 77674] Checking for tag c-compilation-happened
[E 16:49:23 77674] Checking CODEQL_TRACER_DB_ID 0000000000012F5D_0000000000000001
[E 16:49:23 77674] Locking DB /Users/sheenie/Desktop/my_cases/taint+buffer_trimmed/cwe121-db/working/tags.db
[E 16:49:23 77674] Locked DB /Users/sheenie/Desktop/my_cases/taint+buffer_trimmed/cwe121-db/working/tags.db
[E 16:49:23 77674] Unlocking DB
[E 16:49:23 77674] Unlocked DB
[E 16:49:23 77674] Exiting as C compilation already happened.
[T 16:49:23 77661] Extractor /Users/sheenie/Desktop/codeql/cpp/tools/osx64/extractor terminated with exit code 0.
[T 16:49:23 77675] Attempting to switch stdout/stderr to 4...
[T 16:49:23 77675] Initializing tracer.
[T 16:49:23 77675] Initializing tags.
[T 16:49:23 77675] ID set to 0000000000012F6B_0000000000000001 (parent 0000000000012F5C_0000000000000001)
[E 16:49:23 77675] CodeQL C/C++ Extractor 2.25.4
[E 16:49:23 77675] Current directory: /Users/sheenie/Desktop/my_cases/taint+buffer_trimmed
[E 16:49:23 77675] Command: /Users/sheenie/Desktop/codeql/cpp/tools/osx64/extractor --mimic /usr/bin/gcc -c CWE121_Stack_Based_Buffer_Overflow__char_type_overrun_memcpy_04.c
[E 16:49:23 77675] Checking whether C compilation already happened.
[E 16:49:23 77675] Checking for tag c-compilation-happened
[E 16:49:23 77675] Checking CODEQL_TRACER_DB_ID 0000000000012F5C_0000000000000001
[E 16:49:23 77675] Locking DB /Users/sheenie/Desktop/my_cases/taint+buffer_trimmed/cwe121-db/working/tags.db
[E 16:49:23 77675] Locked DB /Users/sheenie/Desktop/my_cases/taint+buffer_trimmed/cwe121-db/working/tags.db
[E 16:49:23 77675] Unlocking DB
[E 16:49:23 77675] Unlocked DB
[E 16:49:23 77675] Exiting as C compilation already happened.
[T 16:49:23 77660] Extractor /Users/sheenie/Desktop/codeql/cpp/tools/osx64/extractor terminated with exit code 0.
[T 16:49:23 77676] Initializing tracer.
[T 16:49:23 77676] Initializing tags.
[T 16:49:23 77676] ID set to 0000000000012F6C_0000000000000001 (parent 0000000000012E85_0000000000000004)
[T 16:49:23 77676] ==== Candidate to intercept: /usr/bin/gcc (canonical: /usr/bin/gcc) ====
[T 16:49:23 77676] Lua: === Intercepted call to /usr/bin/gcc ===
[T 16:49:23 77676] Executing the following tracer actions:
[T 16:49:23 77676] Tracer actions:
[T 16:49:23 77676] pre_invocations(0)
[T 16:49:23 77676] post_invocations(1)
[T 16:49:23 77676] invocation: /Users/sheenie/Desktop/codeql/cpp/tools/osx64/extractor, args: [--mimic, /usr/bin/gcc, -c, CWE121_Stack_Based_Buffer_Overflow__char_type_overrun_memcpy_05.c]
[T 16:49:23 77676] trace_languages(1): [cpp]
[T 16:49:23 77677] Initializing tracer.
[T 16:49:23 77677] Initializing tags.
[T 16:49:23 77677] ID set to 0000000000012F6D_0000000000000001 (parent 0000000000012F6C_0000000000000001)
[T 16:49:23 77677] ==== Candidate to intercept: /Library/Developer/CommandLineTools/usr/bin/gcc (canonical: /Library/Developer/CommandLineTools/usr/bin/gcc) ====
[T 16:49:23 77677] Lua: === Intercepted call to /library/developer/commandlinetools/usr/bin/gcc ===
[T 16:49:23 77677] Executing the following tracer actions:
[T 16:49:23 77677] Tracer actions:
[T 16:49:23 77677] pre_invocations(0)
[T 16:49:23 77677] post_invocations(1)
[T 16:49:23 77677] invocation: /Users/sheenie/Desktop/codeql/cpp/tools/osx64/extractor, args: [--mimic, /library/developer/commandlinetools/usr/bin/gcc, -c, CWE121_Stack_Based_Buffer_Overflow__char_type_overrun_memcpy_05.c]
[T 16:49:23 77677] trace_languages(1): [cpp]
[T 16:49:23 77678] Initializing tracer.
[T 16:49:23 77678] Initializing tags.
[T 16:49:23 77678] ID set to 0000000000012F6E_0000000000000001 (parent 0000000000012F6D_0000000000000001)
[T 16:49:23 77678] ==== Candidate to intercept: /usr/bin/xcrun (canonical: /usr/bin/xcrun) ====
[T 16:49:23 77678] Executing the following tracer actions:
[T 16:49:23 77678] Tracer actions:
[T 16:49:23 77678] pre_invocations(0)
[T 16:49:23 77678] post_invocations(0)
[T 16:49:23 77678] trace_languages(1): [cpp]
[T 16:49:23 77678] Initializing tracer.
[T 16:49:23 77678] Initializing tags.
[T 16:49:23 77678] ID set to 0000000000012F6E_0000000000000002 (parent 0000000000012F6E_0000000000000001)
[T 16:49:23 77678] ==== Candidate to intercept: /Library/Developer/CommandLineTools/usr/bin/clang (canonical: /Library/Developer/CommandLineTools/usr/bin/clang) ====
[T 16:49:23 77678] Lua: === Intercepted call to /library/developer/commandlinetools/usr/bin/clang ===
[T 16:49:23 77678] Executing the following tracer actions:
[T 16:49:23 77678] Tracer actions:
[T 16:49:23 77678] pre_invocations(0)
[T 16:49:23 77678] post_invocations(1)
[T 16:49:23 77678] invocation: /Users/sheenie/Desktop/codeql/cpp/tools/osx64/extractor, args: [--mimic, /library/developer/commandlinetools/usr/bin/clang, -c, CWE121_Stack_Based_Buffer_Overflow__char_type_overrun_memcpy_05.c]
[T 16:49:23 77678] trace_languages(1): [cpp]
[T 16:49:23 77680] Initializing tracer.
[T 16:49:23 77680] Initializing tags.
[T 16:49:23 77680] ID set to 0000000000012F70_0000000000000001 (parent 0000000000012F6E_0000000000000002)
[T 16:49:23 77680] ==== Candidate to intercept: /Library/Developer/CommandLineTools/usr/bin/clang (canonical: /Library/Developer/CommandLineTools/usr/bin/clang) ====
[T 16:49:23 77680] Lua: === Intercepted call to /library/developer/commandlinetools/usr/bin/clang ===
[T 16:49:23 77680] Executing the following tracer actions:
[T 16:49:23 77680] Tracer actions:
[T 16:49:23 77680] pre_invocations(0)
[T 16:49:23 77680] post_invocations(1)
[T 16:49:23 77680] invocation: /Users/sheenie/Desktop/codeql/cpp/tools/osx64/extractor, args: [--mimic, /library/developer/commandlinetools/usr/bin/clang, -cc1, -triple, x86_64-apple-macosx14.4.0, -Wundef-prefix=TARGET_OS_, -Wdeprecated-objc-isa-usage, -Werror=deprecated-objc-isa-usage, -Werror=implicit-function-declaration, -emit-obj, -mrelax-all, --mrelax-relocations, -disable-free, -clear-ast-before-backend, -disable-llvm-verifier, -discard-value-names, -main-file-name, CWE121_Stack_Based_Buffer_Overflow__char_type_overrun_memcpy_05.c, -mrelocation-model, pic, -pic-level, 2, -mframe-pointer=all, -fno-strict-return, -ffp-contract=on, -fno-rounding-math, -funwind-tables=2, -target-sdk-version=14.4, -fvisibility-inlines-hidden-static-local-var, -target-cpu, penryn, -tune-cpu, generic, -debugger-tuning=lldb, -target-linker-version, 1053.12, -fcoverage-compilation-dir=/Users/sheenie/Desktop/my_cases/taint+buffer_trimmed, -resource-dir, /Library/Developer/CommandLineTools/usr/lib/clang/15.0.0, -isysroot, /Library/Developer/CommandLineTools/SDKs/MacOSX.sdk, -I/usr/local/include, -internal-isystem, /Library/Developer/CommandLineTools/SDKs/MacOSX.sdk/usr/local/include, -internal-isystem, /Library/Developer/CommandLineTools/usr/lib/clang/15.0.0/include, -internal-externc-isystem, /Library/Developer/CommandLineTools/SDKs/MacOSX.sdk/usr/include, -internal-externc-isystem, /Library/Developer/CommandLineTools/usr/include, -Wno-reorder-init-list, -Wno-implicit-int-float-conversion, -Wno-c99-designator, -Wno-final-dtor-non-final-class, -Wno-extra-semi-stmt, -Wno-misleading-indentation, -Wno-quoted-include-in-framework-header, -Wno-implicit-fallthrough, -Wno-enum-enum-conversion, -Wno-enum-float-conversion, -Wno-elaborated-enum-base, -Wno-reserved-identifier, -Wno-gnu-folding-constant, -fdebug-compilation-dir=/Users/sheenie/Desktop/my_cases/taint+buffer_trimmed, -ferror-limit, 19, -stack-protector, 1, -fstack-check, -mdarwin-stkchk-strong-link, -fblocks, -fencode-extended-block-signature, -fregister-global-dtors-with-atexit, -fgnuc-version=4.2.1, -fmax-type-align=16, -fcommon, -clang-vendor-feature=+disableNonDependentMemberExprInCurrentInstantiation, -fno-odr-hash-protocols, -clang-vendor-feature=+enableAggressiveVLAFolding, -clang-vendor-feature=+revert09abecef7bbf, -clang-vendor-feature=+thisNoAlignAttr, -clang-vendor-feature=+thisNoNullAttr, -mllvm, -disable-aligned-alloc-awareness=1, -D__GCC_HAVE_DWARF2_CFI_ASM=1, -o, CWE121_Stack_Based_Buffer_Overflow__char_type_overrun_memcpy_05.o, -x, c, CWE121_Stack_Based_Buffer_Overflow__char_type_overrun_memcpy_05.c]
[T 16:49:23 77680] trace_languages(1): [cpp]
[T 16:49:24 77682] Attempting to switch stdout/stderr to 4...
[T 16:49:24 77682] Initializing tracer.
[T 16:49:24 77682] Initializing tags.
[T 16:49:24 77682] ID set to 0000000000012F72_0000000000000001 (parent 0000000000012F70_0000000000000001)
[E 16:49:24 77682] CodeQL C/C++ Extractor 2.25.4
[E 16:49:24 77682] Current directory: /Users/sheenie/Desktop/my_cases/taint+buffer_trimmed
[E 16:49:24 77682] Command: /Users/sheenie/Desktop/codeql/cpp/tools/osx64/extractor --mimic /library/developer/commandlinetools/usr/bin/clang -cc1 -triple x86_64-apple-macosx14.4.0 -Wundef-prefix=TARGET_OS_ -Wdeprecated-objc-isa-usage -Werror=deprecated-objc-isa-usage -Werror=implicit-function-declaration -emit-obj -mrelax-all --mrelax-relocations -disable-free -clear-ast-before-backend -disable-llvm-verifier -discard-value-names -main-file-name CWE121_Stack_Based_Buffer_Overflow__char_type_overrun_memcpy_05.c -mrelocation-model pic -pic-level 2 -mframe-pointer=all -fno-strict-return -ffp-contract=on -fno-rounding-math -funwind-tables=2 -target-sdk-version=14.4 -fvisibility-inlines-hidden-static-local-var -target-cpu penryn -tune-cpu generic -debugger-tuning=lldb -target-linker-version 1053.12 -fcoverage-compilation-dir=/Users/sheenie/Desktop/my_cases/taint+buffer_trimmed -resource-dir /Library/Developer/CommandLineTools/usr/lib/clang/15.0.0 -isysroot /Library/Developer/CommandLineTools/SDKs/MacOSX.sdk -I/usr/local/include -internal-isystem /Library/Developer/CommandLineTools/SDKs/MacOSX.sdk/usr/local/include -internal-isystem /Library/Developer/CommandLineTools/usr/lib/clang/15.0.0/include -internal-externc-isystem /Library/Developer/CommandLineTools/SDKs/MacOSX.sdk/usr/include -internal-externc-isystem /Library/Developer/CommandLineTools/usr/include -Wno-reorder-init-list -Wno-implicit-int-float-conversion -Wno-c99-designator -Wno-final-dtor-non-final-class -Wno-extra-semi-stmt -Wno-misleading-indentation -Wno-quoted-include-in-framework-header -Wno-implicit-fallthrough -Wno-enum-enum-conversion -Wno-enum-float-conversion -Wno-elaborated-enum-base -Wno-reserved-identifier -Wno-gnu-folding-constant -fdebug-compilation-dir=/Users/sheenie/Desktop/my_cases/taint+buffer_trimmed -ferror-limit 19 -stack-protector 1 -fstack-check -mdarwin-stkchk-strong-link -fblocks -fencode-extended-block-signature -fregister-global-dtors-with-atexit -fgnuc-version=4.2.1 -fmax-type-align=16 -fcommon -clang-vendor-feature=+disableNonDependentMemberExprInCurrentInstantiation -fno-odr-hash-protocols -clang-vendor-feature=+enableAggressiveVLAFolding -clang-vendor-feature=+revert09abecef7bbf -clang-vendor-feature=+thisNoAlignAttr -clang-vendor-feature=+thisNoNullAttr -mllvm -disable-aligned-alloc-awareness=1 -D__GCC_HAVE_DWARF2_CFI_ASM=1 -o CWE121_Stack_Based_Buffer_Overflow__char_type_overrun_memcpy_05.o -x c CWE121_Stack_Based_Buffer_Overflow__char_type_overrun_memcpy_05.c
[E 16:49:24 77682] Warning: Unrecognized command line argument -mllvm
[E 16:49:24 77682] Warning: Unrecognized command line argument -disable-aligned-alloc-awareness=1
[E 16:49:24 77682] Checking whether C compilation already happened.
[E 16:49:24 77682] Checking for tag c-compilation-happened
[E 16:49:24 77682] Checking CODEQL_TRACER_DB_ID 0000000000012F70_0000000000000001
[E 16:49:24 77682] Locking DB /Users/sheenie/Desktop/my_cases/taint+buffer_trimmed/cwe121-db/working/tags.db
[E 16:49:24 77682] Locked DB /Users/sheenie/Desktop/my_cases/taint+buffer_trimmed/cwe121-db/working/tags.db
[E 16:49:24 77682] Unlocking DB
[E 16:49:24 77682] Unlocked DB
[E 16:49:24 77682] Looks like C compilation didn't already happen.
[E 16:49:24 77682] Checking whether C compilation has been attempted.
[E 16:49:24 77682] Checking for tag c-compilation-attempted
[E 16:49:24 77682] Checking CODEQL_TRACER_DB_ID 0000000000012F70_0000000000000001
[E 16:49:24 77682] Locking DB /Users/sheenie/Desktop/my_cases/taint+buffer_trimmed/cwe121-db/working/tags.db
[E 16:49:24 77682] Locked DB /Users/sheenie/Desktop/my_cases/taint+buffer_trimmed/cwe121-db/working/tags.db
[E 16:49:24 77682] Unlocking DB
[E 16:49:24 77682] Unlocked DB
[E 16:49:24 77682] Marking C compilation as attempted.
[E 16:49:24 77682] Setting tag c-compilation-attempted
[E 16:49:24 77682] Starting from CODEQL_TRACER_DB_ID 0000000000012F70_0000000000000001
[E 16:49:24 77682] Locking DB /Users/sheenie/Desktop/my_cases/taint+buffer_trimmed/cwe121-db/working/tags.db
[E 16:49:24 77682] Locked DB /Users/sheenie/Desktop/my_cases/taint+buffer_trimmed/cwe121-db/working/tags.db
[E 16:49:24 77682] Set tag for 0000000000012F70_0000000000000001
[E 16:49:24 77682] Set tag for 0000000000012F6E_0000000000000002
[E 16:49:24 77682] Set tag for 0000000000012F6E_0000000000000001
[E 16:49:24 77682] Set tag for 0000000000012F6D_0000000000000001
[E 16:49:24 77682] Set tag for 0000000000012F6C_0000000000000001
[E 16:49:24 77682] Set tag for 0000000000012E85_0000000000000004
[E 16:49:24 77682] Set tag for 0000000000012E85_0000000000000003
[E 16:49:24 77682] Set tag for 0000000000012E85_0000000000000002
[E 16:49:24 77682] Set tag for root
[E 16:49:24 77682] Unlocking DB
[E 16:49:24 77682] Unlocked DB
[E 16:49:24 77682] Processed command line: /Users/sheenie/Desktop/codeql/cpp/tools/osx64/extractor --trapfolder /Users/sheenie/Desktop/my_cases/taint+buffer_trimmed/cwe121-db/trap/cpp --src_archive /Users/sheenie/Desktop/my_cases/taint+buffer_trimmed/cwe121-db/src --object_filename CWE121_Stack_Based_Buffer_Overflow__char_type_overrun_memcpy_05.o --no_warnings_and_discretionary_errors --error_limit 1000 --disable_system_macros --variadic_macros --incognito --gcc --clang_version 160000 --gnu_version 40801 --has_feature_vector 11111111111111111000000000000000000000000000000000000000000000000000011 --clang --target linux_x86_64 -D_LP64=1 -D__APPLE_CC__=6000 -D__APPLE__=1 -D__ATOMIC_ACQUIRE=2 -D__ATOMIC_ACQ_REL=4 -D__ATOMIC_CONSUME=1 -D__ATOMIC_RELAXED=0 -D__ATOMIC_RELEASE=3 -D__ATOMIC_SEQ_CST=5 -D__BIGGEST_ALIGNMENT__=16 -D__BITINT_MAXWIDTH__=128 -D__BLOCKS__=1 -D__BOOL_WIDTH__=8 -D__BYTE_ORDER__=__ORDER_LITTLE_ENDIAN__ -D__CHAR_BIT__=8 -D__CLANG_ATOMIC_BOOL_LOCK_FREE=2 -D__CLANG_ATOMIC_CHAR16_T_LOCK_FREE=2 -D__CLANG_ATOMIC_CHAR32_T_LOCK_FREE=2 -D__CLANG_ATOMIC_CHAR_LOCK_FREE=2 -D__CLANG_ATOMIC_INT_LOCK_FREE=2 -D__CLANG_ATOMIC_LLONG_LOCK_FREE=2 -D__CLANG_ATOMIC_LONG_LOCK_FREE=2 -D__CLANG_ATOMIC_POINTER_LOCK_FREE=2 -D__CLANG_ATOMIC_SHORT_LOCK_FREE=2 -D__CLANG_ATOMIC_WCHAR_T_LOCK_FREE=2 -D__CONSTANT_CFSTRINGS__=1 -D__DBL_DECIMAL_DIG__=17 -D__DBL_DENORM_MIN__=4.9406564584124654e-324 -D__DBL_DIG__=15 -D__DBL_EPSILON__=2.2204460492503131e-16 -D__DBL_HAS_DENORM__=1 -D__DBL_HAS_INFINITY__=1 -D__DBL_HAS_QUIET_NAN__=1 -D__DBL_MANT_DIG__=53 -D__DBL_MAX_10_EXP__=308 -D__DBL_MAX_EXP__=1024 -D__DBL_MAX__=1.7976931348623157e+308 '-D__DBL_MIN_10_EXP__=(-307)' '-D__DBL_MIN_EXP__=(-1021)' -D__DBL_MIN__=2.2250738585072014e-308 -D__DECIMAL_DIG__=__LDBL_DECIMAL_DIG__ -D__DYNAMIC__=1 -D__ENVIRONMENT_MAC_OS_X_VERSION_MIN_REQUIRED__=140400 -D__ENVIRONMENT_OS_VERSION_MIN_REQUIRED__=140400 -D__FINITE_MATH_ONLY__=0 -D__FLT16_DECIMAL_DIG__=5 -D__FLT16_DENORM_MIN__=5.9604644775390625e-8F16 -D__FLT16_DIG__=3 -D__FLT16_EPSILON__=9.765625e-4F16 -D__FLT16_HAS_DENORM__=1 -D__FLT16_HAS_INFINITY__=1 -D__FLT16_HAS_QUIET_NAN__=1 -D__FLT16_MANT_DIG__=11 -D__FLT16_MAX_10_EXP__=4 -D__FLT16_MAX_EXP__=16 -D__FLT16_MAX__=6.5504e+4F16 '-D__FLT16_MIN_10_EXP__=(-4)' '-D__FLT16_MIN_EXP__=(-13)' -D__FLT16_MIN__=6.103515625e-5F16 -D__FLT_DECIMAL_DIG__=9 -D__FLT_DENORM_MIN__=1.40129846e-45F -D__FLT_DIG__=6 -D__FLT_EPSILON__=1.19209290e-7F -D__FLT_HAS_DENORM__=1 -D__FLT_HAS_INFINITY__=1 -D__FLT_HAS_QUIET_NAN__=1 -D__FLT_MANT_DIG__=24 -D__FLT_MAX_10_EXP__=38 -D__FLT_MAX_EXP__=128 -D__FLT_MAX__=3.40282347e+38F '-D__FLT_MIN_10_EXP__=(-37)' '-D__FLT_MIN_EXP__=(-125)' -D__FLT_MIN__=1.17549435e-38F -D__FLT_RADIX__=2 -D__FXSR__=1 -D__GCC_ASM_FLAG_OUTPUTS__=1 -D__GCC_ATOMIC_BOOL_LOCK_FREE=2 -D__GCC_ATOMIC_CHAR16_T_LOCK_FREE=2 -D__GCC_ATOMIC_CHAR32_T_LOCK_FREE=2 -D__GCC_ATOMIC_CHAR_LOCK_FREE=2 -D__GCC_ATOMIC_INT_LOCK_FREE=2 -D__GCC_ATOMIC_LLONG_LOCK_FREE=2 -D__GCC_ATOMIC_LONG_LOCK_FREE=2 -D__GCC_ATOMIC_POINTER_LOCK_FREE=2 -D__GCC_ATOMIC_SHORT_LOCK_FREE=2 -D__GCC_ATOMIC_TEST_AND_SET_TRUEVAL=1 -D__GCC_ATOMIC_WCHAR_T_LOCK_FREE=2 -D__GCC_HAVE_SYNC_COMPARE_AND_SWAP_1=1 -D__GCC_HAVE_SYNC_COMPARE_AND_SWAP_16=1 -D__GCC_HAVE_SYNC_COMPARE_AND_SWAP_2=1 -D__GCC_HAVE_SYNC_COMPARE_AND_SWAP_4=1 -D__GCC_HAVE_SYNC_COMPARE_AND_SWAP_8=1 -D__GNUC_MINOR__=2 -D__GNUC_PATCHLEVEL__=1 -D__GNUC__=4 -D__GXX_ABI_VERSION=1002 -D__INT16_C_SUFFIX__= '-D__INT16_FMTd__="hd"' '-D__INT16_FMTi__="hi"' -D__INT16_MAX__=32767 -D__INT16_TYPE__=short -D__INT32_C_SUFFIX__= '-D__INT32_FMTd__="d"' '-D__INT32_FMTi__="i"' -D__INT32_MAX__=2147483647 -D__INT32_TYPE__=int -D__INT64_C_SUFFIX__=LL '-D__INT64_FMTd__="lld"' '-D__INT64_FMTi__="lli"' -D__INT64_MAX__=9223372036854775807LL '-D__INT64_TYPE__=long long int' -D__INT8_C_SUFFIX__= '-D__INT8_FMTd__="hhd"' '-D__INT8_FMTi__="hhi"' -D__INT8_MAX__=127 '-D__INT8_TYPE__=signed char' -D__INTMAX_C_SUFFIX__=L '-D__INTMAX_FMTd__="ld"' '-D__INTMAX_FMTi__="li"' -D__INTMAX_MAX__=9223372036854775807L '-D__INTMAX_TYPE__=long int' -D__INTMAX_WIDTH__=64 '-D__INTPTR_FMTd__="ld"' '-D__INTPTR_FMTi__="li"' -D__INTPTR_MAX__=9223372036854775807L '-D__INTPTR_TYPE__=long int' -D__INTPTR_WIDTH__=64 '-D__INT_FAST16_FMTd__="hd"' '-D__INT_FAST16_FMTi__="hi"' -D__INT_FAST16_MAX__=32767 -D__INT_FAST16_TYPE__=short -D__INT_FAST16_WIDTH__=16 '-D__INT_FAST32_FMTd__="d"' '-D__INT_FAST32_FMTi__="i"' -D__INT_FAST32_MAX__=2147483647 -D__INT_FAST32_TYPE__=int -D__INT_FAST32_WIDTH__=32 '-D__INT_FAST64_FMTd__="lld"' '-D__INT_FAST64_FMTi__="lli"' -D__INT_FAST64_MAX__=9223372036854775807LL '-D__INT_FAST64_TYPE__=long long int' -D__INT_FAST64_WIDTH__=64 '-D__INT_FAST8_FMTd__="hhd"' '-D__INT_FAST8_FMTi__="hhi"' -D__INT_FAST8_MAX__=127 '-D__INT_FAST8_TYPE__=signed char' -D__INT_FAST8_WIDTH__=8 '-D__INT_LEAST16_FMTd__="hd"' '-D__INT_LEAST16_FMTi__="hi"' -D__INT_LEAST16_MAX__=32767 -D__INT_LEAST16_TYPE__=short -D__INT_LEAST16_WIDTH__=16 '-D__INT_LEAST32_FMTd__="d"' '-D__INT_LEAST32_FMTi__="i"' -D__INT_LEAST32_MAX__=2147483647 -D__INT_LEAST32_TYPE__=int -D__INT_LEAST32_WIDTH__=32 '-D__INT_LEAST64_FMTd__="lld"' '-D__INT_LEAST64_FMTi__="lli"' -D__INT_LEAST64_MAX__=9223372036854775807LL '-D__INT_LEAST64_TYPE__=long long int' -D__INT_LEAST64_WIDTH__=64 '-D__INT_LEAST8_FMTd__="hhd"' '-D__INT_LEAST8_FMTi__="hhi"' -D__INT_LEAST8_MAX__=127 '-D__INT_LEAST8_TYPE__=signed char' -D__INT_LEAST8_WIDTH__=8 -D__INT_MAX__=2147483647 -D__INT_WIDTH__=32 -D__LAHF_SAHF__=1 -D__LDBL_DECIMAL_DIG__=21 -D__LDBL_DENORM_MIN__=3.64519953188247460253e-4951L -D__LDBL_DIG__=18 -D__LDBL_EPSILON__=1.08420217248550443401e-19L -D__LDBL_HAS_DENORM__=1 -D__LDBL_HAS_INFINITY__=1 -D__LDBL_HAS_QUIET_NAN__=1 -D__LDBL_MANT_DIG__=64 -D__LDBL_MAX_10_EXP__=4932 -D__LDBL_MAX_EXP__=16384 -D__LDBL_MAX__=1.18973149535723176502e+4932L '-D__LDBL_MIN_10_EXP__=(-4931)' '-D__LDBL_MIN_EXP__=(-16381)' -D__LDBL_MIN__=3.36210314311209350626e-4932L -D__LITTLE_ENDIAN__=1 -D__LLONG_WIDTH__=64 -D__LONG_LONG_MAX__=9223372036854775807LL -D__LONG_MAX__=9223372036854775807L -D__LONG_WIDTH__=64 -D__LP64__=1 -D__MACH__=1 -D__MMX__=1 -D__NO_INLINE__=1 -D__NO_MATH_ERRNO__=1 -D__NO_MATH_INLINES=1 -D__OBJC_BOOL_IS_BOOL=0 -D__OPENCL_MEMORY_SCOPE_ALL_SVM_DEVICES=3 -D__OPENCL_MEMORY_SCOPE_DEVICE=2 -D__OPENCL_MEMORY_SCOPE_SUB_GROUP=4 -D__OPENCL_MEMORY_SCOPE_WORK_GROUP=1 -D__OPENCL_MEMORY_SCOPE_WORK_ITEM=0 -D__ORDER_BIG_ENDIAN__=4321 -D__ORDER_LITTLE_ENDIAN__=1234 -D__ORDER_PDP_ENDIAN__=3412 -D__PIC__=2 -D__POINTER_WIDTH__=64 -D__PRAGMA_REDEFINE_EXTNAME=1 '-D__PTRDIFF_FMTd__="ld"' '-D__PTRDIFF_FMTi__="li"' -D__PTRDIFF_MAX__=9223372036854775807L '-D__PTRDIFF_TYPE__=long int' -D__PTRDIFF_WIDTH__=64 -D__REGISTER_PREFIX__= -D__SCHAR_MAX__=127 -D__SEG_FS=1 -D__SEG_GS=1 -D__SHRT_MAX__=32767 -D__SHRT_WIDTH__=16 -D__SIG_ATOMIC_MAX__=2147483647 -D__SIG_ATOMIC_WIDTH__=32 -D__SIZEOF_DOUBLE__=8 -D__SIZEOF_FLOAT__=4 -D__SIZEOF_INT128__=16 -D__SIZEOF_INT__=4 -D__SIZEOF_LONG_DOUBLE__=16 -D__SIZEOF_LONG_LONG__=8 -D__SIZEOF_LONG__=8 -D__SIZEOF_POINTER__=8 -D__SIZEOF_PTRDIFF_T__=8 -D__SIZEOF_SHORT__=2 -D__SIZEOF_SIZE_T__=8 -D__SIZEOF_WCHAR_T__=4 -D__SIZEOF_WINT_T__=4 '-D__SIZE_FMTX__="lX"' '-D__SIZE_FMTo__="lo"' '-D__SIZE_FMTu__="lu"' '-D__SIZE_FMTx__="lx"' -D__SIZE_MAX__=18446744073709551615UL '-D__SIZE_TYPE__=long unsigned int' -D__SIZE_WIDTH__=64 -D__SSE2_MATH__=1 -D__SSE2__=1 -D__SSE3__=1 -D__SSE4_1__=1 -D__SSE_MATH__=1 -D__SSE__=1 -D__SSSE3__=1 -D__STDC_NO_THREADS__=1 -D__STDC_UTF_16__=1 -D__STDC_UTF_32__=1 -D__UINT16_C_SUFFIX__= '-D__UINT16_FMTX__="hX"' '-D__UINT16_FMTo__="ho"' '-D__UINT16_FMTu__="hu"' '-D__UINT16_FMTx__="hx"' -D__UINT16_MAX__=65535 '-D__UINT16_TYPE__=unsigned short' -D__UINT32_C_SUFFIX__=U '-D__UINT32_FMTX__="X"' '-D__UINT32_FMTo__="o"' '-D__UINT32_FMTu__="u"' '-D__UINT32_FMTx__="x"' -D__UINT32_MAX__=4294967295U '-D__UINT32_TYPE__=unsigned int' -D__UINT64_C_SUFFIX__=ULL '-D__UINT64_FMTX__="llX"' '-D__UINT64_FMTo__="llo"' '-D__UINT64_FMTu__="llu"' '-D__UINT64_FMTx__="llx"' -D__UINT64_MAX__=18446744073709551615ULL '-D__UINT64_TYPE__=long long unsigned int' -D__UINT8_C_SUFFIX__= '-D__UINT8_FMTX__="hhX"' '-D__UINT8_FMTo__="hho"' '-D__UINT8_FMTu__="hhu"' '-D__UINT8_FMTx__="hhx"' -D__UINT8_MAX__=255 '-D__UINT8_TYPE__=unsigned char' -D__UINTMAX_C_SUFFIX__=UL '-D__UINTMAX_FMTX__="lX"' '-D__UINTMAX_FMTo__="lo"' '-D__UINTMAX_FMTu__="lu"' '-D__UINTMAX_FMTx__="lx"' -D__UINTMAX_MAX__=18446744073709551615UL '-D__UINTMAX_TYPE__=long unsigned int' -D__UINTMAX_WIDTH__=64 '-D__UINTPTR_FMTX__="lX"' '-D__UINTPTR_FMTo__="lo"' '-D__UINTPTR_FMTu__="lu"' '-D__UINTPTR_FMTx__="lx"' -D__UINTPTR_MAX__=18446744073709551615UL '-D__UINTPTR_TYPE__=long unsigned int' -D__UINTPTR_WIDTH__=64 '-D__UINT_FAST16_FMTX__="hX"' '-D__UINT_FAST16_FMTo__="ho"' '-D__UINT_FAST16_FMTu__="hu"' '-D__UINT_FAST16_FMTx__="hx"' -D__UINT_FAST16_MAX__=65535 '-D__UINT_FAST16_TYPE__=unsigned short' '-D__UINT_FAST32_FMTX__="X"' '-D__UINT_FAST32_FMTo__="o"' '-D__UINT_FAST32_FMTu__="u"' '-D__UINT_FAST32_FMTx__="x"' -D__UINT_FAST32_MAX__=4294967295U '-D__UINT_FAST32_TYPE__=unsigned int' '-D__UINT_FAST64_FMTX__="llX"' '-D__UINT_FAST64_FMTo__="llo"' '-D__UINT_FAST64_FMTu__="llu"' '-D__UINT_FAST64_FMTx__="llx"' -D__UINT_FAST64_MAX__=18446744073709551615ULL '-D__UINT_FAST64_TYPE__=long long unsigned int' '-D__UINT_FAST8_FMTX__="hhX"' '-D__UINT_FAST8_FMTo__="hho"' '-D__UINT_FAST8_FMTu__="hhu"' '-D__UINT_FAST8_FMTx__="hhx"' -D__UINT_FAST8_MAX__=255 '-D__UINT_FAST8_TYPE__=unsigned char' '-D__UINT_LEAST16_FMTX__="hX"' '-D__UINT_LEAST16_FMTo__="ho"' '-D__UINT_LEAST16_FMTu__="hu"' '-D__UINT_LEAST16_FMTx__="hx"' -D__UINT_LEAST16_MAX__=65535 '-D__UINT_LEAST16_TYPE__=unsigned short' '-D__UINT_LEAST32_FMTX__="X"' '-D__UINT_LEAST32_FMTo__="o"' '-D__UINT_LEAST32_FMTu__="u"' '-D__UINT_LEAST32_FMTx__="x"' -D__UINT_LEAST32_MAX__=4294967295U '-D__UINT_LEAST32_TYPE__=unsigned int' '-D__UINT_LEAST64_FMTX__="llX"' '-D__UINT_LEAST64_FMTo__="llo"' '-D__UINT_LEAST64_FMTu__="llu"' '-D__UINT_LEAST64_FMTx__="llx"' -D__UINT_LEAST64_MAX__=18446744073709551615ULL '-D__UINT_LEAST64_TYPE__=long long unsigned int' '-D__UINT_LEAST8_FMTX__="hhX"' '-D__UINT_LEAST8_FMTo__="hho"' '-D__UINT_LEAST8_FMTu__="hhu"' '-D__UINT_LEAST8_FMTx__="hhx"' -D__UINT_LEAST8_MAX__=255 '-D__UINT_LEAST8_TYPE__=unsigned char' -D__USER_LABEL_PREFIX__=_ '-D__VERSION__="Apple LLVM 15.0.0 (clang-1500.3.9.4)"' -D__WCHAR_MAX__=2147483647 -D__WCHAR_TYPE__=int -D__WCHAR_WIDTH__=32 -D__WINT_MAX__=2147483647 -D__WINT_TYPE__=int -D__WINT_WIDTH__=32 -D__amd64=1 -D__amd64__=1 -D__apple_build_version__=15000309 '-D__block=__attribute__((__blocks__(byref)))' -D__clang__=1 '-D__clang_literal_encoding__="UTF-8"' -D__clang_major__=15 -D__clang_minor__=0 -D__clang_patchlevel__=0 '-D__clang_version__="15.0.0 (clang-1500.3.9.4)"' '-D__clang_wide_literal_encoding__="UTF-32"' -D__code_model_small__=1 -D__core2=1 -D__core2__=1 -D__llvm__=1 -D__nonnull=_Nonnull -D__null_unspecified=_Null_unspecified -D__nullable=_Nullable -D__pic__=2 '-D__seg_fs=__attribute__((address_space(257)))' '-D__seg_gs=__attribute__((address_space(256)))' -D__strong= -D__tune_core2__=1 -D__unsafe_unretained= '-D__weak=__attribute__((objc_gc(weak)))' -D__x86_64=1 -D__x86_64__=1 '-D__private_extern__=extern __attribute__((visibility("hidden")))' --blocks -D__GCC_HAVE_DWARF2_CFI_ASM=1 -I/usr/local/include -I/Library/Developer/CommandLineTools/usr/lib/clang/15.0.0/include -I/Library/Developer/CommandLineTools/SDKs/MacOSX.sdk/usr/include -I/Library/Developer/CommandLineTools/usr/include -F/Library/Developer/CommandLineTools/SDKs/MacOSX.sdk/System/Library/Frameworks -- CWE121_Stack_Based_Buffer_Overflow__char_type_overrun_memcpy_05.c
[E 16:49:24 77682] CODEQL_EXTRACTOR_CPP_TRAP_CACHING is not set
[E 16:49:24 77682] CODEQL_EXTRACTOR_CPP_OPTION_TRAP_CACHE_WRITE is not set
[E 16:49:24 77682] CODEQL_EXTRACTOR_CPP_OPTION_TRAP_CACHE_DIR is not set
[E 16:49:24 77682] Initialising TRAP cache at path: 7b/1a5f/5fa5dba17ef2783ef56265514b5a
[E 16:49:24 77682] Not using TRAP cache
[E 16:49:24 77682] TRAP cache miss
[E 16:49:24 77682] Starting compilation TRAP /Users/sheenie/Desktop/my_cases/taint+buffer_trimmed/cwe121-db/trap/cpp/compilations/40/3053301_0.trap.zst
[E 16:49:24 77682] Archiving /Users/sheenie/Desktop/my_cases/taint+buffer_trimmed/cwe121-db/src/Users/sheenie/Desktop/my_cases/taint+buffer_trimmed/CWE121_Stack_Based_Buffer_Overflow__char_type_overrun_memcpy_05.c
[E 16:49:24 77682] Already archived /Users/sheenie/Desktop/my_cases/taint+buffer_trimmed/cwe121-db/src/Users/sheenie/Desktop/my_cases/taint+buffer_trimmed/std_testcase.h
[E 16:49:24 77682] Already archived /Users/sheenie/Desktop/my_cases/taint+buffer_trimmed/cwe121-db/src/Library/Developer/CommandLineTools/SDKs/MacOSX14.4.sdk/usr/include/stdio.h
[E 16:49:24 77682] Already archived /Users/sheenie/Desktop/my_cases/taint+buffer_trimmed/cwe121-db/src/Library/Developer/CommandLineTools/SDKs/MacOSX14.4.sdk/usr/include/_stdio.h
[E 16:49:24 77682] Already archived /Users/sheenie/Desktop/my_cases/taint+buffer_trimmed/cwe121-db/src/Library/Developer/CommandLineTools/SDKs/MacOSX14.4.sdk/usr/include/sys/cdefs.h
[E 16:49:24 77682] Already archived /Users/sheenie/Desktop/my_cases/taint+buffer_trimmed/cwe121-db/src/Library/Developer/CommandLineTools/SDKs/MacOSX14.4.sdk/usr/include/sys/_symbol_aliasing.h
[E 16:49:24 77682] Already archived /Users/sheenie/Desktop/my_cases/taint+buffer_trimmed/cwe121-db/src/Library/Developer/CommandLineTools/SDKs/MacOSX14.4.sdk/usr/include/sys/_posix_availability.h
[E 16:49:24 77682] Already archived /Users/sheenie/Desktop/my_cases/taint+buffer_trimmed/cwe121-db/src/Library/Developer/CommandLineTools/SDKs/MacOSX14.4.sdk/usr/include/Availability.h
[E 16:49:24 77682] Already archived /Users/sheenie/Desktop/my_cases/taint+buffer_trimmed/cwe121-db/src/Library/Developer/CommandLineTools/SDKs/MacOSX14.4.sdk/usr/include/AvailabilityVersions.h
[E 16:49:24 77682] Already archived /Users/sheenie/Desktop/my_cases/taint+buffer_trimmed/cwe121-db/src/Library/Developer/CommandLineTools/SDKs/MacOSX14.4.sdk/usr/include/AvailabilityInternal.h
[E 16:49:24 77682] Already archived /Users/sheenie/Desktop/my_cases/taint+buffer_trimmed/cwe121-db/src/Library/Developer/CommandLineTools/SDKs/MacOSX14.4.sdk/usr/include/AvailabilityInternalLegacy.h
[E 16:49:24 77682] Already archived /Users/sheenie/Desktop/my_cases/taint+buffer_trimmed/cwe121-db/src/Library/Developer/CommandLineTools/SDKs/MacOSX14.4.sdk/usr/include/_types.h
[E 16:49:24 77682] Already archived /Users/sheenie/Desktop/my_cases/taint+buffer_trimmed/cwe121-db/src/Library/Developer/CommandLineTools/SDKs/MacOSX14.4.sdk/usr/include/sys/_types.h
[E 16:49:24 77682] Already archived /Users/sheenie/Desktop/my_cases/taint+buffer_trimmed/cwe121-db/src/Library/Developer/CommandLineTools/SDKs/MacOSX14.4.sdk/usr/include/machine/_types.h
[E 16:49:24 77682] Already archived /Users/sheenie/Desktop/my_cases/taint+buffer_trimmed/cwe121-db/src/Library/Developer/CommandLineTools/SDKs/MacOSX14.4.sdk/usr/include/i386/_types.h
[E 16:49:24 77682] Already archived /Users/sheenie/Desktop/my_cases/taint+buffer_trimmed/cwe121-db/src/Library/Developer/CommandLineTools/SDKs/MacOSX14.4.sdk/usr/include/sys/_pthread/_pthread_types.h
[E 16:49:24 77682] Already archived /Users/sheenie/Desktop/my_cases/taint+buffer_trimmed/cwe121-db/src/Library/Developer/CommandLineTools/SDKs/MacOSX14.4.sdk/usr/include/sys/_types/_va_list.h
[E 16:49:24 77682] Already archived /Users/sheenie/Desktop/my_cases/taint+buffer_trimmed/cwe121-db/src/Library/Developer/CommandLineTools/SDKs/MacOSX14.4.sdk/usr/include/machine/types.h
[E 16:49:24 77682] Already archived /Users/sheenie/Desktop/my_cases/taint+buffer_trimmed/cwe121-db/src/Library/Developer/CommandLineTools/SDKs/MacOSX14.4.sdk/usr/include/i386/types.h
[E 16:49:24 77682] Already archived /Users/sheenie/Desktop/my_cases/taint+buffer_trimmed/cwe121-db/src/Library/Developer/CommandLineTools/SDKs/MacOSX14.4.sdk/usr/include/sys/_types/_int8_t.h
[E 16:49:24 77682] Already archived /Users/sheenie/Desktop/my_cases/taint+buffer_trimmed/cwe121-db/src/Library/Developer/CommandLineTools/SDKs/MacOSX14.4.sdk/usr/include/sys/_types/_int16_t.h
[E 16:49:24 77682] Already archived /Users/sheenie/Desktop/my_cases/taint+buffer_trimmed/cwe121-db/src/Library/Developer/CommandLineTools/SDKs/MacOSX14.4.sdk/usr/include/sys/_types/_int32_t.h
[E 16:49:24 77682] Already archived /Users/sheenie/Desktop/my_cases/taint+buffer_trimmed/cwe121-db/src/Library/Developer/CommandLineTools/SDKs/MacOSX14.4.sdk/usr/include/sys/_types/_int64_t.h
[E 16:49:24 77682] Already archived /Users/sheenie/Desktop/my_cases/taint+buffer_trimmed/cwe121-db/src/Library/Developer/CommandLineTools/SDKs/MacOSX14.4.sdk/usr/include/sys/_types/_u_int8_t.h
[E 16:49:24 77682] Already archived /Users/sheenie/Desktop/my_cases/taint+buffer_trimmed/cwe121-db/src/Library/Developer/CommandLineTools/SDKs/MacOSX14.4.sdk/usr/include/sys/_types/_u_int16_t.h
[E 16:49:24 77682] Already archived /Users/sheenie/Desktop/my_cases/taint+buffer_trimmed/cwe121-db/src/Library/Developer/CommandLineTools/SDKs/MacOSX14.4.sdk/usr/include/sys/_types/_u_int32_t.h
[E 16:49:24 77682] Already archived /Users/sheenie/Desktop/my_cases/taint+buffer_trimmed/cwe121-db/src/Library/Developer/CommandLineTools/SDKs/MacOSX14.4.sdk/usr/include/sys/_types/_u_int64_t.h
[E 16:49:24 77682] Already archived /Users/sheenie/Desktop/my_cases/taint+buffer_trimmed/cwe121-db/src/Library/Developer/CommandLineTools/SDKs/MacOSX14.4.sdk/usr/include/sys/_types/_intptr_t.h
[E 16:49:24 77682] Already archived /Users/sheenie/Desktop/my_cases/taint+buffer_trimmed/cwe121-db/src/Library/Developer/CommandLineTools/SDKs/MacOSX14.4.sdk/usr/include/machine/types.h
[E 16:49:24 77682] Already archived /Users/sheenie/Desktop/my_cases/taint+buffer_trimmed/cwe121-db/src/Library/Developer/CommandLineTools/SDKs/MacOSX14.4.sdk/usr/include/sys/_types/_uintptr_t.h
[E 16:49:24 77682] Already archived /Users/sheenie/Desktop/my_cases/taint+buffer_trimmed/cwe121-db/src/Library/Developer/CommandLineTools/SDKs/MacOSX14.4.sdk/usr/include/sys/_types/_size_t.h
[E 16:49:24 77682] Already archived /Users/sheenie/Desktop/my_cases/taint+buffer_trimmed/cwe121-db/src/Library/Developer/CommandLineTools/SDKs/MacOSX14.4.sdk/usr/include/sys/_types/_null.h
[E 16:49:24 77682] Already archived /Users/sheenie/Desktop/my_cases/taint+buffer_trimmed/cwe121-db/src/Library/Developer/CommandLineTools/SDKs/MacOSX14.4.sdk/usr/include/sys/stdio.h
[E 16:49:24 77682] Already archived /Users/sheenie/Desktop/my_cases/taint+buffer_trimmed/cwe121-db/src/Library/Developer/CommandLineTools/SDKs/MacOSX14.4.sdk/usr/include/sys/_types/_seek_set.h
[E 16:49:24 77682] Already archived /Users/sheenie/Desktop/my_cases/taint+buffer_trimmed/cwe121-db/src/Library/Developer/CommandLineTools/SDKs/MacOSX14.4.sdk/usr/include/_ctermid.h
[E 16:49:24 77682] Already archived /Users/sheenie/Desktop/my_cases/taint+buffer_trimmed/cwe121-db/src/Library/Developer/CommandLineTools/SDKs/MacOSX14.4.sdk/usr/include/sys/_types/_off_t.h
[E 16:49:24 77682] Already archived /Users/sheenie/Desktop/my_cases/taint+buffer_trimmed/cwe121-db/src/Library/Developer/CommandLineTools/SDKs/MacOSX14.4.sdk/usr/include/sys/_types/_ssize_t.h
[E 16:49:24 77682] Already archived /Users/sheenie/Desktop/my_cases/taint+buffer_trimmed/cwe121-db/src/Library/Developer/CommandLineTools/SDKs/MacOSX14.4.sdk/usr/include/secure/_stdio.h
[E 16:49:24 77682] Already archived /Users/sheenie/Desktop/my_cases/taint+buffer_trimmed/cwe121-db/src/Library/Developer/CommandLineTools/SDKs/MacOSX14.4.sdk/usr/include/secure/_common.h
[E 16:49:24 77682] Already archived /Users/sheenie/Desktop/my_cases/taint+buffer_trimmed/cwe121-db/src/Library/Developer/CommandLineTools/SDKs/MacOSX14.4.sdk/usr/include/stdlib.h
[E 16:49:24 77682] Already archived /Users/sheenie/Desktop/my_cases/taint+buffer_trimmed/cwe121-db/src/Library/Developer/CommandLineTools/SDKs/MacOSX14.4.sdk/usr/include/sys/wait.h
[E 16:49:24 77682] Already archived /Users/sheenie/Desktop/my_cases/taint+buffer_trimmed/cwe121-db/src/Library/Developer/CommandLineTools/SDKs/MacOSX14.4.sdk/usr/include/sys/_types/_pid_t.h
[E 16:49:24 77682] Already archived /Users/sheenie/Desktop/my_cases/taint+buffer_trimmed/cwe121-db/src/Library/Developer/CommandLineTools/SDKs/MacOSX14.4.sdk/usr/include/sys/_types/_id_t.h
[E 16:49:24 77682] Already archived /Users/sheenie/Desktop/my_cases/taint+buffer_trimmed/cwe121-db/src/Library/Developer/CommandLineTools/SDKs/MacOSX14.4.sdk/usr/include/sys/signal.h
[E 16:49:24 77682] Already archived /Users/sheenie/Desktop/my_cases/taint+buffer_trimmed/cwe121-db/src/Library/Developer/CommandLineTools/SDKs/MacOSX14.4.sdk/usr/include/sys/appleapiopts.h
[E 16:49:24 77682] Already archived /Users/sheenie/Desktop/my_cases/taint+buffer_trimmed/cwe121-db/src/Library/Developer/CommandLineTools/SDKs/MacOSX14.4.sdk/usr/include/machine/signal.h
[E 16:49:24 77682] Already archived /Users/sheenie/Desktop/my_cases/taint+buffer_trimmed/cwe121-db/src/Library/Developer/CommandLineTools/SDKs/MacOSX14.4.sdk/usr/include/i386/signal.h
[E 16:49:24 77682] Already archived /Users/sheenie/Desktop/my_cases/taint+buffer_trimmed/cwe121-db/src/Library/Developer/CommandLineTools/SDKs/MacOSX14.4.sdk/usr/include/machine/_mcontext.h
[E 16:49:24 77682] Already archived /Users/sheenie/Desktop/my_cases/taint+buffer_trimmed/cwe121-db/src/Library/Developer/CommandLineTools/SDKs/MacOSX14.4.sdk/usr/include/i386/_mcontext.h
[E 16:49:24 77682] Already archived /Users/sheenie/Desktop/my_cases/taint+buffer_trimmed/cwe121-db/src/Library/Developer/CommandLineTools/SDKs/MacOSX14.4.sdk/usr/include/mach/machine/_structs.h
[E 16:49:24 77682] Already archived /Users/sheenie/Desktop/my_cases/taint+buffer_trimmed/cwe121-db/src/Library/Developer/CommandLineTools/SDKs/MacOSX14.4.sdk/usr/include/mach/i386/_structs.h
[E 16:49:24 77682] Already archived /Users/sheenie/Desktop/my_cases/taint+buffer_trimmed/cwe121-db/src/Library/Developer/CommandLineTools/SDKs/MacOSX14.4.sdk/usr/include/sys/_pthread/_pthread_attr_t.h
[E 16:49:24 77682] Already archived /Users/sheenie/Desktop/my_cases/taint+buffer_trimmed/cwe121-db/src/Library/Developer/CommandLineTools/SDKs/MacOSX14.4.sdk/usr/include/sys/_types/_sigaltstack.h
[E 16:49:24 77682] Already archived /Users/sheenie/Desktop/my_cases/taint+buffer_trimmed/cwe121-db/src/Library/Developer/CommandLineTools/SDKs/MacOSX14.4.sdk/usr/include/sys/_types/_ucontext.h
[E 16:49:24 77682] Already archived /Users/sheenie/Desktop/my_cases/taint+buffer_trimmed/cwe121-db/src/Library/Developer/CommandLineTools/SDKs/MacOSX14.4.sdk/usr/include/sys/_types/_sigset_t.h
[E 16:49:24 77682] Already archived /Users/sheenie/Desktop/my_cases/taint+buffer_trimmed/cwe121-db/src/Library/Developer/CommandLineTools/SDKs/MacOSX14.4.sdk/usr/include/sys/_types/_uid_t.h
[E 16:49:24 77682] Already archived /Users/sheenie/Desktop/my_cases/taint+buffer_trimmed/cwe121-db/src/Library/Developer/CommandLineTools/SDKs/MacOSX14.4.sdk/usr/include/sys/resource.h
[E 16:49:24 77682] Already archived /Users/sheenie/Desktop/my_cases/taint+buffer_trimmed/cwe121-db/src/Library/Developer/CommandLineTools/usr/lib/clang/15.0.0/include/stdint.h
[E 16:49:24 77682] Already archived /Users/sheenie/Desktop/my_cases/taint+buffer_trimmed/cwe121-db/src/Library/Developer/CommandLineTools/SDKs/MacOSX14.4.sdk/usr/include/stdint.h
[E 16:49:24 77682] Already archived /Users/sheenie/Desktop/my_cases/taint+buffer_trimmed/cwe121-db/src/Library/Developer/CommandLineTools/SDKs/MacOSX14.4.sdk/usr/include/_types/_uint8_t.h
[E 16:49:24 77682] Already archived /Users/sheenie/Desktop/my_cases/taint+buffer_trimmed/cwe121-db/src/Library/Developer/CommandLineTools/SDKs/MacOSX14.4.sdk/usr/include/_types/_uint16_t.h
[E 16:49:24 77682] Already archived /Users/sheenie/Desktop/my_cases/taint+buffer_trimmed/cwe121-db/src/Library/Developer/CommandLineTools/SDKs/MacOSX14.4.sdk/usr/include/_types/_uint32_t.h
[E 16:49:24 77682] Already archived /Users/sheenie/Desktop/my_cases/taint+buffer_trimmed/cwe121-db/src/Library/Developer/CommandLineTools/SDKs/MacOSX14.4.sdk/usr/include/_types/_uint64_t.h
[E 16:49:24 77682] Already archived /Users/sheenie/Desktop/my_cases/taint+buffer_trimmed/cwe121-db/src/Library/Developer/CommandLineTools/SDKs/MacOSX14.4.sdk/usr/include/_types/_intmax_t.h
[E 16:49:24 77682] Already archived /Users/sheenie/Desktop/my_cases/taint+buffer_trimmed/cwe121-db/src/Library/Developer/CommandLineTools/SDKs/MacOSX14.4.sdk/usr/include/_types/_uintmax_t.h
[E 16:49:24 77682] Already archived /Users/sheenie/Desktop/my_cases/taint+buffer_trimmed/cwe121-db/src/Library/Developer/CommandLineTools/SDKs/MacOSX14.4.sdk/usr/include/sys/_types/_timeval.h
[E 16:49:24 77682] Already archived /Users/sheenie/Desktop/my_cases/taint+buffer_trimmed/cwe121-db/src/Library/Developer/CommandLineTools/SDKs/MacOSX14.4.sdk/usr/include/machine/endian.h
[E 16:49:24 77682] Already archived /Users/sheenie/Desktop/my_cases/taint+buffer_trimmed/cwe121-db/src/Library/Developer/CommandLineTools/SDKs/MacOSX14.4.sdk/usr/include/i386/endian.h
[E 16:49:24 77682] Already archived /Users/sheenie/Desktop/my_cases/taint+buffer_trimmed/cwe121-db/src/Library/Developer/CommandLineTools/SDKs/MacOSX14.4.sdk/usr/include/sys/_endian.h
[E 16:49:24 77682] Already archived /Users/sheenie/Desktop/my_cases/taint+buffer_trimmed/cwe121-db/src/Library/Developer/CommandLineTools/SDKs/MacOSX14.4.sdk/usr/include/machine/endian.h
[E 16:49:24 77682] Already archived /Users/sheenie/Desktop/my_cases/taint+buffer_trimmed/cwe121-db/src/Library/Developer/CommandLineTools/SDKs/MacOSX14.4.sdk/usr/include/libkern/_OSByteOrder.h
[E 16:49:24 77682] Already archived /Users/sheenie/Desktop/my_cases/taint+buffer_trimmed/cwe121-db/src/Library/Developer/CommandLineTools/SDKs/MacOSX14.4.sdk/usr/include/libkern/i386/_OSByteOrder.h
[E 16:49:24 77682] Already archived /Users/sheenie/Desktop/my_cases/taint+buffer_trimmed/cwe121-db/src/Library/Developer/CommandLineTools/SDKs/MacOSX14.4.sdk/usr/include/alloca.h
[E 16:49:24 77682] Already archived /Users/sheenie/Desktop/my_cases/taint+buffer_trimmed/cwe121-db/src/Library/Developer/CommandLineTools/SDKs/MacOSX14.4.sdk/usr/include/sys/_types/_ct_rune_t.h
[E 16:49:24 77682] Already archived /Users/sheenie/Desktop/my_cases/taint+buffer_trimmed/cwe121-db/src/Library/Developer/CommandLineTools/SDKs/MacOSX14.4.sdk/usr/include/sys/_types/_rune_t.h
[E 16:49:24 77682] Already archived /Users/sheenie/Desktop/my_cases/taint+buffer_trimmed/cwe121-db/src/Library/Developer/CommandLineTools/SDKs/MacOSX14.4.sdk/usr/include/sys/_types/_wchar_t.h
[E 16:49:24 77682] Already archived /Users/sheenie/Desktop/my_cases/taint+buffer_trimmed/cwe121-db/src/Library/Developer/CommandLineTools/SDKs/MacOSX14.4.sdk/usr/include/malloc/_malloc.h
[E 16:49:24 77682] Already archived /Users/sheenie/Desktop/my_cases/taint+buffer_trimmed/cwe121-db/src/Library/Developer/CommandLineTools/SDKs/MacOSX14.4.sdk/usr/include/malloc/_malloc_type.h
[E 16:49:24 77682] Already archived /Users/sheenie/Desktop/my_cases/taint+buffer_trimmed/cwe121-db/src/Library/Developer/CommandLineTools/SDKs/MacOSX14.4.sdk/usr/include/malloc/_ptrcheck.h
[E 16:49:24 77682] Already archived /Users/sheenie/Desktop/my_cases/taint+buffer_trimmed/cwe121-db/src/Library/Developer/CommandLineTools/SDKs/MacOSX14.4.sdk/usr/include/sys/_types/_dev_t.h
[E 16:49:24 77682] Already archived /Users/sheenie/Desktop/my_cases/taint+buffer_trimmed/cwe121-db/src/Library/Developer/CommandLineTools/SDKs/MacOSX14.4.sdk/usr/include/sys/_types/_mode_t.h
[E 16:49:24 77682] Already archived /Users/sheenie/Desktop/my_cases/taint+buffer_trimmed/cwe121-db/src/Library/Developer/CommandLineTools/usr/lib/clang/15.0.0/include/stddef.h
[E 16:49:24 77682] Already archived /Users/sheenie/Desktop/my_cases/taint+buffer_trimmed/cwe121-db/src/Library/Developer/CommandLineTools/usr/lib/clang/15.0.0/include/__stddef_max_align_t.h
[E 16:49:24 77682] Already archived /Users/sheenie/Desktop/my_cases/taint+buffer_trimmed/cwe121-db/src/Library/Developer/CommandLineTools/SDKs/MacOSX14.4.sdk/usr/include/time.h
[E 16:49:24 77682] Already archived /Users/sheenie/Desktop/my_cases/taint+buffer_trimmed/cwe121-db/src/Library/Developer/CommandLineTools/SDKs/MacOSX14.4.sdk/usr/include/sys/_types/_clock_t.h
[E 16:49:24 77682] Already archived /Users/sheenie/Desktop/my_cases/taint+buffer_trimmed/cwe121-db/src/Library/Developer/CommandLineTools/SDKs/MacOSX14.4.sdk/usr/include/sys/_types/_time_t.h
[E 16:49:24 77682] Already archived /Users/sheenie/Desktop/my_cases/taint+buffer_trimmed/cwe121-db/src/Library/Developer/CommandLineTools/SDKs/MacOSX14.4.sdk/usr/include/sys/_types/_timespec.h
[E 16:49:24 77682] Already archived /Users/sheenie/Desktop/my_cases/taint+buffer_trimmed/cwe121-db/src/Library/Developer/CommandLineTools/usr/lib/clang/15.0.0/include/limits.h
[E 16:49:24 77682] Already archived /Users/sheenie/Desktop/my_cases/taint+buffer_trimmed/cwe121-db/src/Library/Developer/CommandLineTools/SDKs/MacOSX14.4.sdk/usr/include/limits.h
[E 16:49:24 77682] Already archived /Users/sheenie/Desktop/my_cases/taint+buffer_trimmed/cwe121-db/src/Library/Developer/CommandLineTools/SDKs/MacOSX14.4.sdk/usr/include/machine/limits.h
[E 16:49:24 77682] Already archived /Users/sheenie/Desktop/my_cases/taint+buffer_trimmed/cwe121-db/src/Library/Developer/CommandLineTools/SDKs/MacOSX14.4.sdk/usr/include/i386/limits.h
[E 16:49:24 77682] Already archived /Users/sheenie/Desktop/my_cases/taint+buffer_trimmed/cwe121-db/src/Library/Developer/CommandLineTools/SDKs/MacOSX14.4.sdk/usr/include/i386/_limits.h
[E 16:49:24 77682] Already archived /Users/sheenie/Desktop/my_cases/taint+buffer_trimmed/cwe121-db/src/Library/Developer/CommandLineTools/SDKs/MacOSX14.4.sdk/usr/include/sys/syslimits.h
[E 16:49:24 77682] Already archived /Users/sheenie/Desktop/my_cases/taint+buffer_trimmed/cwe121-db/src/Library/Developer/CommandLineTools/SDKs/MacOSX14.4.sdk/usr/include/string.h
[E 16:49:24 77682] Already archived /Users/sheenie/Desktop/my_cases/taint+buffer_trimmed/cwe121-db/src/Library/Developer/CommandLineTools/SDKs/MacOSX14.4.sdk/usr/include/sys/_types/_rsize_t.h
[E 16:49:24 77682] Already archived /Users/sheenie/Desktop/my_cases/taint+buffer_trimmed/cwe121-db/src/Library/Developer/CommandLineTools/SDKs/MacOSX14.4.sdk/usr/include/sys/_types/_errno_t.h
[E 16:49:24 77682] Already archived /Users/sheenie/Desktop/my_cases/taint+buffer_trimmed/cwe121-db/src/Library/Developer/CommandLineTools/SDKs/MacOSX14.4.sdk/usr/include/strings.h
[E 16:49:24 77682] Already archived /Users/sheenie/Desktop/my_cases/taint+buffer_trimmed/cwe121-db/src/Library/Developer/CommandLineTools/SDKs/MacOSX14.4.sdk/usr/include/string.h
[E 16:49:24 77682] Already archived /Users/sheenie/Desktop/my_cases/taint+buffer_trimmed/cwe121-db/src/Library/Developer/CommandLineTools/SDKs/MacOSX14.4.sdk/usr/include/secure/_strings.h
[E 16:49:24 77682] Already archived /Users/sheenie/Desktop/my_cases/taint+buffer_trimmed/cwe121-db/src/Library/Developer/CommandLineTools/SDKs/MacOSX14.4.sdk/usr/include/secure/_string.h
[E 16:49:24 77682] Already archived /Users/sheenie/Desktop/my_cases/taint+buffer_trimmed/cwe121-db/src/Library/Developer/CommandLineTools/SDKs/MacOSX14.4.sdk/usr/include/ctype.h
[E 16:49:24 77682] Already archived /Users/sheenie/Desktop/my_cases/taint+buffer_trimmed/cwe121-db/src/Library/Developer/CommandLineTools/SDKs/MacOSX14.4.sdk/usr/include/_ctype.h
[E 16:49:24 77682] Already archived /Users/sheenie/Desktop/my_cases/taint+buffer_trimmed/cwe121-db/src/Library/Developer/CommandLineTools/SDKs/MacOSX14.4.sdk/usr/include/runetype.h
[E 16:49:24 77682] Already archived /Users/sheenie/Desktop/my_cases/taint+buffer_trimmed/cwe121-db/src/Library/Developer/CommandLineTools/SDKs/MacOSX14.4.sdk/usr/include/sys/_types/_wchar_t.h
[E 16:49:24 77682] Already archived /Users/sheenie/Desktop/my_cases/taint+buffer_trimmed/cwe121-db/src/Library/Developer/CommandLineTools/SDKs/MacOSX14.4.sdk/usr/include/sys/_types/_wint_t.h
[E 16:49:24 77682] Already archived /Users/sheenie/Desktop/my_cases/taint+buffer_trimmed/cwe121-db/src/Library/Developer/CommandLineTools/SDKs/MacOSX14.4.sdk/usr/include/fcntl.h
[E 16:49:24 77682] Already archived /Users/sheenie/Desktop/my_cases/taint+buffer_trimmed/cwe121-db/src/Library/Developer/CommandLineTools/SDKs/MacOSX14.4.sdk/usr/include/sys/fcntl.h
[E 16:49:24 77682] Already archived /Users/sheenie/Desktop/my_cases/taint+buffer_trimmed/cwe121-db/src/Library/Developer/CommandLineTools/SDKs/MacOSX14.4.sdk/usr/include/sys/_types/_o_sync.h
[E 16:49:24 77682] Already archived /Users/sheenie/Desktop/my_cases/taint+buffer_trimmed/cwe121-db/src/Library/Developer/CommandLineTools/SDKs/MacOSX14.4.sdk/usr/include/sys/_types/_o_dsync.h
[E 16:49:24 77682] Already archived /Users/sheenie/Desktop/my_cases/taint+buffer_trimmed/cwe121-db/src/Library/Developer/CommandLineTools/SDKs/MacOSX14.4.sdk/usr/include/sys/_types/_s_ifmt.h
[E 16:49:24 77682] Already archived /Users/sheenie/Desktop/my_cases/taint+buffer_trimmed/cwe121-db/src/Library/Developer/CommandLineTools/SDKs/MacOSX14.4.sdk/usr/include/sys/_types/_filesec_t.h
[E 16:49:24 77682] Already archived /Users/sheenie/Desktop/my_cases/taint+buffer_trimmed/cwe121-db/src/Library/Developer/CommandLineTools/SDKs/MacOSX14.4.sdk/usr/include/sys/types.h
[E 16:49:24 77682] Already archived /Users/sheenie/Desktop/my_cases/taint+buffer_trimmed/cwe121-db/src/Library/Developer/CommandLineTools/SDKs/MacOSX14.4.sdk/usr/include/sys/_types/_u_char.h
[E 16:49:24 77682] Already archived /Users/sheenie/Desktop/my_cases/taint+buffer_trimmed/cwe121-db/src/Library/Developer/CommandLineTools/SDKs/MacOSX14.4.sdk/usr/include/sys/_types/_u_short.h
[E 16:49:24 77682] Already archived /Users/sheenie/Desktop/my_cases/taint+buffer_trimmed/cwe121-db/src/Library/Developer/CommandLineTools/SDKs/MacOSX14.4.sdk/usr/include/sys/_types/_u_int.h
[E 16:49:24 77682] Already archived /Users/sheenie/Desktop/my_cases/taint+buffer_trimmed/cwe121-db/src/Library/Developer/CommandLineTools/SDKs/MacOSX14.4.sdk/usr/include/sys/_types/_caddr_t.h
[E 16:49:24 77682] Already archived /Users/sheenie/Desktop/my_cases/taint+buffer_trimmed/cwe121-db/src/Library/Developer/CommandLineTools/SDKs/MacOSX14.4.sdk/usr/include/sys/_types/_blkcnt_t.h
[E 16:49:24 77682] Already archived /Users/sheenie/Desktop/my_cases/taint+buffer_trimmed/cwe121-db/src/Library/Developer/CommandLineTools/SDKs/MacOSX14.4.sdk/usr/include/sys/_types/_blksize_t.h
[E 16:49:24 77682] Already archived /Users/sheenie/Desktop/my_cases/taint+buffer_trimmed/cwe121-db/src/Library/Developer/CommandLineTools/SDKs/MacOSX14.4.sdk/usr/include/sys/_types/_gid_t.h
[E 16:49:24 77682] Already archived /Users/sheenie/Desktop/my_cases/taint+buffer_trimmed/cwe121-db/src/Library/Developer/CommandLineTools/SDKs/MacOSX14.4.sdk/usr/include/sys/_types/_in_addr_t.h
[E 16:49:24 77682] Already archived /Users/sheenie/Desktop/my_cases/taint+buffer_trimmed/cwe121-db/src/Library/Developer/CommandLineTools/SDKs/MacOSX14.4.sdk/usr/include/sys/_types/_in_port_t.h
[E 16:49:24 77682] Already archived /Users/sheenie/Desktop/my_cases/taint+buffer_trimmed/cwe121-db/src/Library/Developer/CommandLineTools/SDKs/MacOSX14.4.sdk/usr/include/sys/_types/_ino_t.h
[E 16:49:24 77682] Already archived /Users/sheenie/Desktop/my_cases/taint+buffer_trimmed/cwe121-db/src/Library/Developer/CommandLineTools/SDKs/MacOSX14.4.sdk/usr/include/sys/_types/_ino64_t.h
[E 16:49:24 77682] Already archived /Users/sheenie/Desktop/my_cases/taint+buffer_trimmed/cwe121-db/src/Library/Developer/CommandLineTools/SDKs/MacOSX14.4.sdk/usr/include/sys/_types/_key_t.h
[E 16:49:24 77682] Already archived /Users/sheenie/Desktop/my_cases/taint+buffer_trimmed/cwe121-db/src/Library/Developer/CommandLineTools/SDKs/MacOSX14.4.sdk/usr/include/sys/_types/_nlink_t.h
[E 16:49:24 77682] Already archived /Users/sheenie/Desktop/my_cases/taint+buffer_trimmed/cwe121-db/src/Library/Developer/CommandLineTools/SDKs/MacOSX14.4.sdk/usr/include/sys/_types/_useconds_t.h
[E 16:49:24 77682] Already archived /Users/sheenie/Desktop/my_cases/taint+buffer_trimmed/cwe121-db/src/Library/Developer/CommandLineTools/SDKs/MacOSX14.4.sdk/usr/include/sys/_types/_suseconds_t.h
[E 16:49:24 77682] Already archived /Users/sheenie/Desktop/my_cases/taint+buffer_trimmed/cwe121-db/src/Library/Developer/CommandLineTools/SDKs/MacOSX14.4.sdk/usr/include/sys/_types/_fd_def.h
[E 16:49:24 77682] Already archived /Users/sheenie/Desktop/my_cases/taint+buffer_trimmed/cwe121-db/src/Library/Developer/CommandLineTools/SDKs/MacOSX14.4.sdk/usr/include/sys/_types/_fd_setsize.h
[E 16:49:24 77682] Already archived /Users/sheenie/Desktop/my_cases/taint+buffer_trimmed/cwe121-db/src/Library/Developer/CommandLineTools/SDKs/MacOSX14.4.sdk/usr/include/sys/_types/_fd_set.h
[E 16:49:24 77682] Already archived /Users/sheenie/Desktop/my_cases/taint+buffer_trimmed/cwe121-db/src/Library/Developer/CommandLineTools/SDKs/MacOSX14.4.sdk/usr/include/sys/_types/_fd_clr.h
[E 16:49:24 77682] Already archived /Users/sheenie/Desktop/my_cases/taint+buffer_trimmed/cwe121-db/src/Library/Developer/CommandLineTools/SDKs/MacOSX14.4.sdk/usr/include/sys/_types/_fd_zero.h
[E 16:49:24 77682] Already archived /Users/sheenie/Desktop/my_cases/taint+buffer_trimmed/cwe121-db/src/Library/Developer/CommandLineTools/SDKs/MacOSX14.4.sdk/usr/include/sys/_types/_fd_isset.h
[E 16:49:24 77682] Already archived /Users/sheenie/Desktop/my_cases/taint+buffer_trimmed/cwe121-db/src/Library/Developer/CommandLineTools/SDKs/MacOSX14.4.sdk/usr/include/sys/_types/_fd_copy.h
[E 16:49:24 77682] Already archived /Users/sheenie/Desktop/my_cases/taint+buffer_trimmed/cwe121-db/src/Library/Developer/CommandLineTools/SDKs/MacOSX14.4.sdk/usr/include/sys/_pthread/_pthread_cond_t.h
[E 16:49:24 77682] Already archived /Users/sheenie/Desktop/my_cases/taint+buffer_trimmed/cwe121-db/src/Library/Developer/CommandLineTools/SDKs/MacOSX14.4.sdk/usr/include/sys/_pthread/_pthread_condattr_t.h
[E 16:49:24 77682] Already archived /Users/sheenie/Desktop/my_cases/taint+buffer_trimmed/cwe121-db/src/Library/Developer/CommandLineTools/SDKs/MacOSX14.4.sdk/usr/include/sys/_pthread/_pthread_mutex_t.h
[E 16:49:24 77682] Already archived /Users/sheenie/Desktop/my_cases/taint+buffer_trimmed/cwe121-db/src/Library/Developer/CommandLineTools/SDKs/MacOSX14.4.sdk/usr/include/sys/_pthread/_pthread_mutexattr_t.h
[E 16:49:24 77682] Already archived /Users/sheenie/Desktop/my_cases/taint+buffer_trimmed/cwe121-db/src/Library/Developer/CommandLineTools/SDKs/MacOSX14.4.sdk/usr/include/sys/_pthread/_pthread_once_t.h
[E 16:49:24 77682] Already archived /Users/sheenie/Desktop/my_cases/taint+buffer_trimmed/cwe121-db/src/Library/Developer/CommandLineTools/SDKs/MacOSX14.4.sdk/usr/include/sys/_pthread/_pthread_rwlock_t.h
[E 16:49:24 77682] Already archived /Users/sheenie/Desktop/my_cases/taint+buffer_trimmed/cwe121-db/src/Library/Developer/CommandLineTools/SDKs/MacOSX14.4.sdk/usr/include/sys/_pthread/_pthread_rwlockattr_t.h
[E 16:49:24 77682] Already archived /Users/sheenie/Desktop/my_cases/taint+buffer_trimmed/cwe121-db/src/Library/Developer/CommandLineTools/SDKs/MacOSX14.4.sdk/usr/include/sys/_pthread/_pthread_t.h
[E 16:49:24 77682] Already archived /Users/sheenie/Desktop/my_cases/taint+buffer_trimmed/cwe121-db/src/Library/Developer/CommandLineTools/SDKs/MacOSX14.4.sdk/usr/include/sys/_pthread/_pthread_key_t.h
[E 16:49:24 77682] Already archived /Users/sheenie/Desktop/my_cases/taint+buffer_trimmed/cwe121-db/src/Library/Developer/CommandLineTools/SDKs/MacOSX14.4.sdk/usr/include/sys/_types/_fsblkcnt_t.h
[E 16:49:24 77682] Already archived /Users/sheenie/Desktop/my_cases/taint+buffer_trimmed/cwe121-db/src/Library/Developer/CommandLineTools/SDKs/MacOSX14.4.sdk/usr/include/sys/_types/_fsfilcnt_t.h
[E 16:49:24 77682] Already archived /Users/sheenie/Desktop/my_cases/taint+buffer_trimmed/cwe121-db/src/Library/Developer/CommandLineTools/SDKs/MacOSX14.4.sdk/usr/include/sys/stat.h
[E 16:49:24 77682] Already archived /Users/sheenie/Desktop/my_cases/taint+buffer_trimmed/cwe121-db/src/Users/sheenie/Desktop/my_cases/taint+buffer_trimmed/std_testcase_io.h
[E 16:49:24 77682] Already archived /Users/sheenie/Desktop/my_cases/taint+buffer_trimmed/cwe121-db/src/Users/sheenie/Desktop/my_cases/taint+buffer_trimmed/std_testcase.h
[E 16:49:24 77682] Already archived /Users/sheenie/Desktop/my_cases/taint+buffer_trimmed/cwe121-db/src/Library/Developer/CommandLineTools/SDKs/MacOSX14.4.sdk/usr/include/wchar.h
[E 16:49:24 77682] Already archived /Users/sheenie/Desktop/my_cases/taint+buffer_trimmed/cwe121-db/src/Library/Developer/CommandLineTools/SDKs/MacOSX14.4.sdk/usr/include/sys/_types/_mbstate_t.h
[E 16:49:24 77682] Already archived /Users/sheenie/Desktop/my_cases/taint+buffer_trimmed/cwe121-db/src/Library/Developer/CommandLineTools/SDKs/MacOSX14.4.sdk/usr/include/sys/_types/_wchar_t.h
[E 16:49:24 77682] Already archived /Users/sheenie/Desktop/my_cases/taint+buffer_trimmed/cwe121-db/src/Library/Developer/CommandLineTools/usr/lib/clang/15.0.0/include/stdarg.h
[E 16:49:24 77682] Already archived /Users/sheenie/Desktop/my_cases/taint+buffer_trimmed/cwe121-db/src/Library/Developer/CommandLineTools/SDKs/MacOSX14.4.sdk/usr/include/_wctype.h
[E 16:49:24 77682] Already archived /Users/sheenie/Desktop/my_cases/taint+buffer_trimmed/cwe121-db/src/Library/Developer/CommandLineTools/SDKs/MacOSX14.4.sdk/usr/include/__wctype.h
[E 16:49:24 77682] Already archived /Users/sheenie/Desktop/my_cases/taint+buffer_trimmed/cwe121-db/src/Library/Developer/CommandLineTools/SDKs/MacOSX14.4.sdk/usr/include/_types/_wctype_t.h
[E 16:49:24 77682] Creating trap tarball /Users/sheenie/Desktop/my_cases/taint+buffer_trimmed/cwe121-db/trap/cpp/tarballs/Users/sheenie/Desktop/my_cases/taint+buffer_trimmed/CWE121_Stack_Based_Buffer_Overflow__char_type_overrun_memcpy_05.c.b43c7840_0.trap.tar.zst
[E 16:49:24 77682] Emitting trap files for CWE121_Stack_Based_Buffer_Overflow__char_type_overrun_memcpy_05.c
[E 16:49:24 77682] Opening existencedb in /Users/sheenie/Desktop/my_cases/taint+buffer_trimmed/cwe121-db/working/existencedb/db
[E 16:49:24 77682] Wrote 1 files to /Users/sheenie/Desktop/my_cases/taint+buffer_trimmed/cwe121-db/trap/cpp/tarballs/Users/sheenie/Desktop/my_cases/taint+buffer_trimmed/CWE121_Stack_Based_Buffer_Overflow__char_type_overrun_memcpy_05.c.b43c7840_0.trap.tar.zst
[E 16:49:24 77682] Finished compilation TRAP /Users/sheenie/Desktop/my_cases/taint+buffer_trimmed/cwe121-db/trap/cpp/compilations/40/3053301_0.trap.zst
[E 16:49:24 77682] Marking C compilation as happened.
[E 16:49:24 77682] Setting tag c-compilation-happened
[E 16:49:24 77682] Starting from CODEQL_TRACER_DB_ID 0000000000012F70_0000000000000001
[E 16:49:24 77682] Locking DB /Users/sheenie/Desktop/my_cases/taint+buffer_trimmed/cwe121-db/working/tags.db
[E 16:49:24 77682] Locked DB /Users/sheenie/Desktop/my_cases/taint+buffer_trimmed/cwe121-db/working/tags.db
[E 16:49:24 77682] Set tag for 0000000000012F70_0000000000000001
[E 16:49:24 77682] Set tag for 0000000000012F6E_0000000000000002
[E 16:49:24 77682] Set tag for 0000000000012F6E_0000000000000001
[E 16:49:24 77682] Set tag for 0000000000012F6D_0000000000000001
[E 16:49:24 77682] Set tag for 0000000000012F6C_0000000000000001
[E 16:49:24 77682] Set tag for 0000000000012E85_0000000000000004
[E 16:49:24 77682] Set tag for 0000000000012E85_0000000000000003
[E 16:49:24 77682] Set tag for 0000000000012E85_0000000000000002
[E 16:49:24 77682] Set tag for root
[E 16:49:24 77682] Unlocking DB
[E 16:49:24 77682] Unlocked DB
[E 16:49:24 77682] Extractor exited successfully
[T 16:49:24 77680] Extractor /Users/sheenie/Desktop/codeql/cpp/tools/osx64/extractor terminated with exit code 0.
[T 16:49:24 77683] Attempting to switch stdout/stderr to 4...
[T 16:49:24 77683] Initializing tracer.
[T 16:49:24 77683] Initializing tags.
[T 16:49:24 77683] ID set to 0000000000012F73_0000000000000001 (parent 0000000000012F6E_0000000000000002)
[E 16:49:24 77683] CodeQL C/C++ Extractor 2.25.4
[E 16:49:24 77683] Current directory: /Users/sheenie/Desktop/my_cases/taint+buffer_trimmed
[E 16:49:24 77683] Command: /Users/sheenie/Desktop/codeql/cpp/tools/osx64/extractor --mimic /library/developer/commandlinetools/usr/bin/clang -c CWE121_Stack_Based_Buffer_Overflow__char_type_overrun_memcpy_05.c
[E 16:49:24 77683] Checking whether C compilation already happened.
[E 16:49:24 77683] Checking for tag c-compilation-happened
[E 16:49:24 77683] Checking CODEQL_TRACER_DB_ID 0000000000012F6E_0000000000000002
[E 16:49:24 77683] Locking DB /Users/sheenie/Desktop/my_cases/taint+buffer_trimmed/cwe121-db/working/tags.db
[E 16:49:24 77683] Locked DB /Users/sheenie/Desktop/my_cases/taint+buffer_trimmed/cwe121-db/working/tags.db
[E 16:49:24 77683] Unlocking DB
[E 16:49:24 77683] Unlocked DB
[E 16:49:24 77683] Exiting as C compilation already happened.
[T 16:49:24 77678] Extractor /Users/sheenie/Desktop/codeql/cpp/tools/osx64/extractor terminated with exit code 0.
[T 16:49:24 77684] Attempting to switch stdout/stderr to 4...
[T 16:49:24 77684] Initializing tracer.
[T 16:49:24 77684] Initializing tags.
[T 16:49:24 77684] ID set to 0000000000012F74_0000000000000001 (parent 0000000000012F6D_0000000000000001)
[E 16:49:24 77684] CodeQL C/C++ Extractor 2.25.4
[E 16:49:24 77684] Current directory: /Users/sheenie/Desktop/my_cases/taint+buffer_trimmed
[E 16:49:24 77684] Command: /Users/sheenie/Desktop/codeql/cpp/tools/osx64/extractor --mimic /library/developer/commandlinetools/usr/bin/gcc -c CWE121_Stack_Based_Buffer_Overflow__char_type_overrun_memcpy_05.c
[E 16:49:24 77684] Checking whether C compilation already happened.
[E 16:49:24 77684] Checking for tag c-compilation-happened
[E 16:49:24 77684] Checking CODEQL_TRACER_DB_ID 0000000000012F6D_0000000000000001
[E 16:49:24 77684] Locking DB /Users/sheenie/Desktop/my_cases/taint+buffer_trimmed/cwe121-db/working/tags.db
[E 16:49:24 77684] Locked DB /Users/sheenie/Desktop/my_cases/taint+buffer_trimmed/cwe121-db/working/tags.db
[E 16:49:24 77684] Unlocking DB
[E 16:49:24 77684] Unlocked DB
[E 16:49:24 77684] Exiting as C compilation already happened.
[T 16:49:24 77677] Extractor /Users/sheenie/Desktop/codeql/cpp/tools/osx64/extractor terminated with exit code 0.
[T 16:49:24 77685] Attempting to switch stdout/stderr to 4...
[T 16:49:24 77685] Initializing tracer.
[T 16:49:24 77685] Initializing tags.
[T 16:49:24 77685] ID set to 0000000000012F75_0000000000000001 (parent 0000000000012F6C_0000000000000001)
[E 16:49:24 77685] CodeQL C/C++ Extractor 2.25.4
[E 16:49:24 77685] Current directory: /Users/sheenie/Desktop/my_cases/taint+buffer_trimmed
[E 16:49:24 77685] Command: /Users/sheenie/Desktop/codeql/cpp/tools/osx64/extractor --mimic /usr/bin/gcc -c CWE121_Stack_Based_Buffer_Overflow__char_type_overrun_memcpy_05.c
[E 16:49:24 77685] Checking whether C compilation already happened.
[E 16:49:24 77685] Checking for tag c-compilation-happened
[E 16:49:24 77685] Checking CODEQL_TRACER_DB_ID 0000000000012F6C_0000000000000001
[E 16:49:24 77685] Locking DB /Users/sheenie/Desktop/my_cases/taint+buffer_trimmed/cwe121-db/working/tags.db
[E 16:49:24 77685] Locked DB /Users/sheenie/Desktop/my_cases/taint+buffer_trimmed/cwe121-db/working/tags.db
[E 16:49:24 77685] Unlocking DB
[E 16:49:24 77685] Unlocked DB
[E 16:49:24 77685] Exiting as C compilation already happened.
[T 16:49:24 77676] Extractor /Users/sheenie/Desktop/codeql/cpp/tools/osx64/extractor terminated with exit code 0.
[T 16:49:24 77686] Initializing tracer.
[T 16:49:24 77686] Initializing tags.
[T 16:49:24 77686] ID set to 0000000000012F76_0000000000000001 (parent 0000000000012E85_0000000000000004)
[T 16:49:24 77686] ==== Candidate to intercept: /usr/bin/gcc (canonical: /usr/bin/gcc) ====
[T 16:49:24 77686] Lua: === Intercepted call to /usr/bin/gcc ===
[T 16:49:24 77686] Executing the following tracer actions:
[T 16:49:24 77686] Tracer actions:
[T 16:49:24 77686] pre_invocations(0)
[T 16:49:24 77686] post_invocations(1)
[T 16:49:24 77686] invocation: /Users/sheenie/Desktop/codeql/cpp/tools/osx64/extractor, args: [--mimic, /usr/bin/gcc, -c, CWE122_Heap_Based_Buffer_Overflow__char_type_overrun_memcpy_01.c]
[T 16:49:24 77686] trace_languages(1): [cpp]
[T 16:49:24 77687] Initializing tracer.
[T 16:49:24 77687] Initializing tags.
[T 16:49:24 77687] ID set to 0000000000012F77_0000000000000001 (parent 0000000000012F76_0000000000000001)
[T 16:49:24 77687] ==== Candidate to intercept: /Library/Developer/CommandLineTools/usr/bin/gcc (canonical: /Library/Developer/CommandLineTools/usr/bin/gcc) ====
[T 16:49:24 77687] Lua: === Intercepted call to /library/developer/commandlinetools/usr/bin/gcc ===
[T 16:49:24 77687] Executing the following tracer actions:
[T 16:49:24 77687] Tracer actions:
[T 16:49:24 77687] pre_invocations(0)
[T 16:49:24 77687] post_invocations(1)
[T 16:49:24 77687] invocation: /Users/sheenie/Desktop/codeql/cpp/tools/osx64/extractor, args: [--mimic, /library/developer/commandlinetools/usr/bin/gcc, -c, CWE122_Heap_Based_Buffer_Overflow__char_type_overrun_memcpy_01.c]
[T 16:49:24 77687] trace_languages(1): [cpp]
[T 16:49:24 77688] Initializing tracer.
[T 16:49:24 77688] Initializing tags.
[T 16:49:24 77688] ID set to 0000000000012F78_0000000000000001 (parent 0000000000012F77_0000000000000001)
[T 16:49:24 77688] ==== Candidate to intercept: /usr/bin/xcrun (canonical: /usr/bin/xcrun) ====
[T 16:49:24 77688] Executing the following tracer actions:
[T 16:49:24 77688] Tracer actions:
[T 16:49:24 77688] pre_invocations(0)
[T 16:49:24 77688] post_invocations(0)
[T 16:49:24 77688] trace_languages(1): [cpp]
[T 16:49:24 77688] Initializing tracer.
[T 16:49:24 77688] Initializing tags.
[T 16:49:24 77688] ID set to 0000000000012F78_0000000000000002 (parent 0000000000012F78_0000000000000001)
[T 16:49:24 77688] ==== Candidate to intercept: /Library/Developer/CommandLineTools/usr/bin/clang (canonical: /Library/Developer/CommandLineTools/usr/bin/clang) ====
[T 16:49:24 77688] Lua: === Intercepted call to /library/developer/commandlinetools/usr/bin/clang ===
[T 16:49:24 77688] Executing the following tracer actions:
[T 16:49:24 77688] Tracer actions:
[T 16:49:24 77688] pre_invocations(0)
[T 16:49:24 77688] post_invocations(1)
[T 16:49:24 77688] invocation: /Users/sheenie/Desktop/codeql/cpp/tools/osx64/extractor, args: [--mimic, /library/developer/commandlinetools/usr/bin/clang, -c, CWE122_Heap_Based_Buffer_Overflow__char_type_overrun_memcpy_01.c]
[T 16:49:24 77688] trace_languages(1): [cpp]
[T 16:49:24 77690] Initializing tracer.
[T 16:49:24 77690] Initializing tags.
[T 16:49:24 77690] ID set to 0000000000012F7A_0000000000000001 (parent 0000000000012F78_0000000000000002)
[T 16:49:24 77690] ==== Candidate to intercept: /Library/Developer/CommandLineTools/usr/bin/clang (canonical: /Library/Developer/CommandLineTools/usr/bin/clang) ====
[T 16:49:24 77690] Lua: === Intercepted call to /library/developer/commandlinetools/usr/bin/clang ===
[T 16:49:24 77690] Executing the following tracer actions:
[T 16:49:24 77690] Tracer actions:
[T 16:49:24 77690] pre_invocations(0)
[T 16:49:24 77690] post_invocations(1)
[T 16:49:24 77690] invocation: /Users/sheenie/Desktop/codeql/cpp/tools/osx64/extractor, args: [--mimic, /library/developer/commandlinetools/usr/bin/clang, -cc1, -triple, x86_64-apple-macosx14.4.0, -Wundef-prefix=TARGET_OS_, -Wdeprecated-objc-isa-usage, -Werror=deprecated-objc-isa-usage, -Werror=implicit-function-declaration, -emit-obj, -mrelax-all, --mrelax-relocations, -disable-free, -clear-ast-before-backend, -disable-llvm-verifier, -discard-value-names, -main-file-name, CWE122_Heap_Based_Buffer_Overflow__char_type_overrun_memcpy_01.c, -mrelocation-model, pic, -pic-level, 2, -mframe-pointer=all, -fno-strict-return, -ffp-contract=on, -fno-rounding-math, -funwind-tables=2, -target-sdk-version=14.4, -fvisibility-inlines-hidden-static-local-var, -target-cpu, penryn, -tune-cpu, generic, -debugger-tuning=lldb, -target-linker-version, 1053.12, -fcoverage-compilation-dir=/Users/sheenie/Desktop/my_cases/taint+buffer_trimmed, -resource-dir, /Library/Developer/CommandLineTools/usr/lib/clang/15.0.0, -isysroot, /Library/Developer/CommandLineTools/SDKs/MacOSX.sdk, -I/usr/local/include, -internal-isystem, /Library/Developer/CommandLineTools/SDKs/MacOSX.sdk/usr/local/include, -internal-isystem, /Library/Developer/CommandLineTools/usr/lib/clang/15.0.0/include, -internal-externc-isystem, /Library/Developer/CommandLineTools/SDKs/MacOSX.sdk/usr/include, -internal-externc-isystem, /Library/Developer/CommandLineTools/usr/include, -Wno-reorder-init-list, -Wno-implicit-int-float-conversion, -Wno-c99-designator, -Wno-final-dtor-non-final-class, -Wno-extra-semi-stmt, -Wno-misleading-indentation, -Wno-quoted-include-in-framework-header, -Wno-implicit-fallthrough, -Wno-enum-enum-conversion, -Wno-enum-float-conversion, -Wno-elaborated-enum-base, -Wno-reserved-identifier, -Wno-gnu-folding-constant, -fdebug-compilation-dir=/Users/sheenie/Desktop/my_cases/taint+buffer_trimmed, -ferror-limit, 19, -stack-protector, 1, -fstack-check, -mdarwin-stkchk-strong-link, -fblocks, -fencode-extended-block-signature, -fregister-global-dtors-with-atexit, -fgnuc-version=4.2.1, -fmax-type-align=16, -fcommon, -clang-vendor-feature=+disableNonDependentMemberExprInCurrentInstantiation, -fno-odr-hash-protocols, -clang-vendor-feature=+enableAggressiveVLAFolding, -clang-vendor-feature=+revert09abecef7bbf, -clang-vendor-feature=+thisNoAlignAttr, -clang-vendor-feature=+thisNoNullAttr, -mllvm, -disable-aligned-alloc-awareness=1, -D__GCC_HAVE_DWARF2_CFI_ASM=1, -o, CWE122_Heap_Based_Buffer_Overflow__char_type_overrun_memcpy_01.o, -x, c, CWE122_Heap_Based_Buffer_Overflow__char_type_overrun_memcpy_01.c]
[T 16:49:24 77690] trace_languages(1): [cpp]
[T 16:49:24 77692] Attempting to switch stdout/stderr to 4...
[T 16:49:24 77692] Initializing tracer.
[T 16:49:24 77692] Initializing tags.
[T 16:49:24 77692] ID set to 0000000000012F7C_0000000000000001 (parent 0000000000012F7A_0000000000000001)
[E 16:49:24 77692] CodeQL C/C++ Extractor 2.25.4
[E 16:49:24 77692] Current directory: /Users/sheenie/Desktop/my_cases/taint+buffer_trimmed
[E 16:49:24 77692] Command: /Users/sheenie/Desktop/codeql/cpp/tools/osx64/extractor --mimic /library/developer/commandlinetools/usr/bin/clang -cc1 -triple x86_64-apple-macosx14.4.0 -Wundef-prefix=TARGET_OS_ -Wdeprecated-objc-isa-usage -Werror=deprecated-objc-isa-usage -Werror=implicit-function-declaration -emit-obj -mrelax-all --mrelax-relocations -disable-free -clear-ast-before-backend -disable-llvm-verifier -discard-value-names -main-file-name CWE122_Heap_Based_Buffer_Overflow__char_type_overrun_memcpy_01.c -mrelocation-model pic -pic-level 2 -mframe-pointer=all -fno-strict-return -ffp-contract=on -fno-rounding-math -funwind-tables=2 -target-sdk-version=14.4 -fvisibility-inlines-hidden-static-local-var -target-cpu penryn -tune-cpu generic -debugger-tuning=lldb -target-linker-version 1053.12 -fcoverage-compilation-dir=/Users/sheenie/Desktop/my_cases/taint+buffer_trimmed -resource-dir /Library/Developer/CommandLineTools/usr/lib/clang/15.0.0 -isysroot /Library/Developer/CommandLineTools/SDKs/MacOSX.sdk -I/usr/local/include -internal-isystem /Library/Developer/CommandLineTools/SDKs/MacOSX.sdk/usr/local/include -internal-isystem /Library/Developer/CommandLineTools/usr/lib/clang/15.0.0/include -internal-externc-isystem /Library/Developer/CommandLineTools/SDKs/MacOSX.sdk/usr/include -internal-externc-isystem /Library/Developer/CommandLineTools/usr/include -Wno-reorder-init-list -Wno-implicit-int-float-conversion -Wno-c99-designator -Wno-final-dtor-non-final-class -Wno-extra-semi-stmt -Wno-misleading-indentation -Wno-quoted-include-in-framework-header -Wno-implicit-fallthrough -Wno-enum-enum-conversion -Wno-enum-float-conversion -Wno-elaborated-enum-base -Wno-reserved-identifier -Wno-gnu-folding-constant -fdebug-compilation-dir=/Users/sheenie/Desktop/my_cases/taint+buffer_trimmed -ferror-limit 19 -stack-protector 1 -fstack-check -mdarwin-stkchk-strong-link -fblocks -fencode-extended-block-signature -fregister-global-dtors-with-atexit -fgnuc-version=4.2.1 -fmax-type-align=16 -fcommon -clang-vendor-feature=+disableNonDependentMemberExprInCurrentInstantiation -fno-odr-hash-protocols -clang-vendor-feature=+enableAggressiveVLAFolding -clang-vendor-feature=+revert09abecef7bbf -clang-vendor-feature=+thisNoAlignAttr -clang-vendor-feature=+thisNoNullAttr -mllvm -disable-aligned-alloc-awareness=1 -D__GCC_HAVE_DWARF2_CFI_ASM=1 -o CWE122_Heap_Based_Buffer_Overflow__char_type_overrun_memcpy_01.o -x c CWE122_Heap_Based_Buffer_Overflow__char_type_overrun_memcpy_01.c
[E 16:49:24 77692] Warning: Unrecognized command line argument -mllvm
[E 16:49:24 77692] Warning: Unrecognized command line argument -disable-aligned-alloc-awareness=1
[E 16:49:24 77692] Checking whether C compilation already happened.
[E 16:49:24 77692] Checking for tag c-compilation-happened
[E 16:49:24 77692] Checking CODEQL_TRACER_DB_ID 0000000000012F7A_0000000000000001
[E 16:49:24 77692] Locking DB /Users/sheenie/Desktop/my_cases/taint+buffer_trimmed/cwe121-db/working/tags.db
[E 16:49:24 77692] Locked DB /Users/sheenie/Desktop/my_cases/taint+buffer_trimmed/cwe121-db/working/tags.db
[E 16:49:24 77692] Unlocking DB
[E 16:49:24 77692] Unlocked DB
[E 16:49:24 77692] Looks like C compilation didn't already happen.
[E 16:49:24 77692] Checking whether C compilation has been attempted.
[E 16:49:24 77692] Checking for tag c-compilation-attempted
[E 16:49:24 77692] Checking CODEQL_TRACER_DB_ID 0000000000012F7A_0000000000000001
[E 16:49:24 77692] Locking DB /Users/sheenie/Desktop/my_cases/taint+buffer_trimmed/cwe121-db/working/tags.db
[E 16:49:24 77692] Locked DB /Users/sheenie/Desktop/my_cases/taint+buffer_trimmed/cwe121-db/working/tags.db
[E 16:49:24 77692] Unlocking DB
[E 16:49:24 77692] Unlocked DB
[E 16:49:24 77692] Marking C compilation as attempted.
[E 16:49:24 77692] Setting tag c-compilation-attempted
[E 16:49:24 77692] Starting from CODEQL_TRACER_DB_ID 0000000000012F7A_0000000000000001
[E 16:49:24 77692] Locking DB /Users/sheenie/Desktop/my_cases/taint+buffer_trimmed/cwe121-db/working/tags.db
[E 16:49:24 77692] Locked DB /Users/sheenie/Desktop/my_cases/taint+buffer_trimmed/cwe121-db/working/tags.db
[E 16:49:24 77692] Set tag for 0000000000012F7A_0000000000000001
[E 16:49:24 77692] Set tag for 0000000000012F78_0000000000000002
[E 16:49:24 77692] Set tag for 0000000000012F78_0000000000000001
[E 16:49:24 77692] Set tag for 0000000000012F77_0000000000000001
[E 16:49:24 77692] Set tag for 0000000000012F76_0000000000000001
[E 16:49:24 77692] Set tag for 0000000000012E85_0000000000000004
[E 16:49:24 77692] Set tag for 0000000000012E85_0000000000000003
[E 16:49:24 77692] Set tag for 0000000000012E85_0000000000000002
[E 16:49:24 77692] Set tag for root
[E 16:49:24 77692] Unlocking DB
[E 16:49:24 77692] Unlocked DB
[E 16:49:24 77692] Processed command line: /Users/sheenie/Desktop/codeql/cpp/tools/osx64/extractor --trapfolder /Users/sheenie/Desktop/my_cases/taint+buffer_trimmed/cwe121-db/trap/cpp --src_archive /Users/sheenie/Desktop/my_cases/taint+buffer_trimmed/cwe121-db/src --object_filename CWE122_Heap_Based_Buffer_Overflow__char_type_overrun_memcpy_01.o --no_warnings_and_discretionary_errors --error_limit 1000 --disable_system_macros --variadic_macros --incognito --gcc --clang_version 160000 --gnu_version 40801 --has_feature_vector 11111111111111111000000000000000000000000000000000000000000000000000011 --clang --target linux_x86_64 -D_LP64=1 -D__APPLE_CC__=6000 -D__APPLE__=1 -D__ATOMIC_ACQUIRE=2 -D__ATOMIC_ACQ_REL=4 -D__ATOMIC_CONSUME=1 -D__ATOMIC_RELAXED=0 -D__ATOMIC_RELEASE=3 -D__ATOMIC_SEQ_CST=5 -D__BIGGEST_ALIGNMENT__=16 -D__BITINT_MAXWIDTH__=128 -D__BLOCKS__=1 -D__BOOL_WIDTH__=8 -D__BYTE_ORDER__=__ORDER_LITTLE_ENDIAN__ -D__CHAR_BIT__=8 -D__CLANG_ATOMIC_BOOL_LOCK_FREE=2 -D__CLANG_ATOMIC_CHAR16_T_LOCK_FREE=2 -D__CLANG_ATOMIC_CHAR32_T_LOCK_FREE=2 -D__CLANG_ATOMIC_CHAR_LOCK_FREE=2 -D__CLANG_ATOMIC_INT_LOCK_FREE=2 -D__CLANG_ATOMIC_LLONG_LOCK_FREE=2 -D__CLANG_ATOMIC_LONG_LOCK_FREE=2 -D__CLANG_ATOMIC_POINTER_LOCK_FREE=2 -D__CLANG_ATOMIC_SHORT_LOCK_FREE=2 -D__CLANG_ATOMIC_WCHAR_T_LOCK_FREE=2 -D__CONSTANT_CFSTRINGS__=1 -D__DBL_DECIMAL_DIG__=17 -D__DBL_DENORM_MIN__=4.9406564584124654e-324 -D__DBL_DIG__=15 -D__DBL_EPSILON__=2.2204460492503131e-16 -D__DBL_HAS_DENORM__=1 -D__DBL_HAS_INFINITY__=1 -D__DBL_HAS_QUIET_NAN__=1 -D__DBL_MANT_DIG__=53 -D__DBL_MAX_10_EXP__=308 -D__DBL_MAX_EXP__=1024 -D__DBL_MAX__=1.7976931348623157e+308 '-D__DBL_MIN_10_EXP__=(-307)' '-D__DBL_MIN_EXP__=(-1021)' -D__DBL_MIN__=2.2250738585072014e-308 -D__DECIMAL_DIG__=__LDBL_DECIMAL_DIG__ -D__DYNAMIC__=1 -D__ENVIRONMENT_MAC_OS_X_VERSION_MIN_REQUIRED__=140400 -D__ENVIRONMENT_OS_VERSION_MIN_REQUIRED__=140400 -D__FINITE_MATH_ONLY__=0 -D__FLT16_DECIMAL_DIG__=5 -D__FLT16_DENORM_MIN__=5.9604644775390625e-8F16 -D__FLT16_DIG__=3 -D__FLT16_EPSILON__=9.765625e-4F16 -D__FLT16_HAS_DENORM__=1 -D__FLT16_HAS_INFINITY__=1 -D__FLT16_HAS_QUIET_NAN__=1 -D__FLT16_MANT_DIG__=11 -D__FLT16_MAX_10_EXP__=4 -D__FLT16_MAX_EXP__=16 -D__FLT16_MAX__=6.5504e+4F16 '-D__FLT16_MIN_10_EXP__=(-4)' '-D__FLT16_MIN_EXP__=(-13)' -D__FLT16_MIN__=6.103515625e-5F16 -D__FLT_DECIMAL_DIG__=9 -D__FLT_DENORM_MIN__=1.40129846e-45F -D__FLT_DIG__=6 -D__FLT_EPSILON__=1.19209290e-7F -D__FLT_HAS_DENORM__=1 -D__FLT_HAS_INFINITY__=1 -D__FLT_HAS_QUIET_NAN__=1 -D__FLT_MANT_DIG__=24 -D__FLT_MAX_10_EXP__=38 -D__FLT_MAX_EXP__=128 -D__FLT_MAX__=3.40282347e+38F '-D__FLT_MIN_10_EXP__=(-37)' '-D__FLT_MIN_EXP__=(-125)' -D__FLT_MIN__=1.17549435e-38F -D__FLT_RADIX__=2 -D__FXSR__=1 -D__GCC_ASM_FLAG_OUTPUTS__=1 -D__GCC_ATOMIC_BOOL_LOCK_FREE=2 -D__GCC_ATOMIC_CHAR16_T_LOCK_FREE=2 -D__GCC_ATOMIC_CHAR32_T_LOCK_FREE=2 -D__GCC_ATOMIC_CHAR_LOCK_FREE=2 -D__GCC_ATOMIC_INT_LOCK_FREE=2 -D__GCC_ATOMIC_LLONG_LOCK_FREE=2 -D__GCC_ATOMIC_LONG_LOCK_FREE=2 -D__GCC_ATOMIC_POINTER_LOCK_FREE=2 -D__GCC_ATOMIC_SHORT_LOCK_FREE=2 -D__GCC_ATOMIC_TEST_AND_SET_TRUEVAL=1 -D__GCC_ATOMIC_WCHAR_T_LOCK_FREE=2 -D__GCC_HAVE_SYNC_COMPARE_AND_SWAP_1=1 -D__GCC_HAVE_SYNC_COMPARE_AND_SWAP_16=1 -D__GCC_HAVE_SYNC_COMPARE_AND_SWAP_2=1 -D__GCC_HAVE_SYNC_COMPARE_AND_SWAP_4=1 -D__GCC_HAVE_SYNC_COMPARE_AND_SWAP_8=1 -D__GNUC_MINOR__=2 -D__GNUC_PATCHLEVEL__=1 -D__GNUC__=4 -D__GXX_ABI_VERSION=1002 -D__INT16_C_SUFFIX__= '-D__INT16_FMTd__="hd"' '-D__INT16_FMTi__="hi"' -D__INT16_MAX__=32767 -D__INT16_TYPE__=short -D__INT32_C_SUFFIX__= '-D__INT32_FMTd__="d"' '-D__INT32_FMTi__="i"' -D__INT32_MAX__=2147483647 -D__INT32_TYPE__=int -D__INT64_C_SUFFIX__=LL '-D__INT64_FMTd__="lld"' '-D__INT64_FMTi__="lli"' -D__INT64_MAX__=9223372036854775807LL '-D__INT64_TYPE__=long long int' -D__INT8_C_SUFFIX__= '-D__INT8_FMTd__="hhd"' '-D__INT8_FMTi__="hhi"' -D__INT8_MAX__=127 '-D__INT8_TYPE__=signed char' -D__INTMAX_C_SUFFIX__=L '-D__INTMAX_FMTd__="ld"' '-D__INTMAX_FMTi__="li"' -D__INTMAX_MAX__=9223372036854775807L '-D__INTMAX_TYPE__=long int' -D__INTMAX_WIDTH__=64 '-D__INTPTR_FMTd__="ld"' '-D__INTPTR_FMTi__="li"' -D__INTPTR_MAX__=9223372036854775807L '-D__INTPTR_TYPE__=long int' -D__INTPTR_WIDTH__=64 '-D__INT_FAST16_FMTd__="hd"' '-D__INT_FAST16_FMTi__="hi"' -D__INT_FAST16_MAX__=32767 -D__INT_FAST16_TYPE__=short -D__INT_FAST16_WIDTH__=16 '-D__INT_FAST32_FMTd__="d"' '-D__INT_FAST32_FMTi__="i"' -D__INT_FAST32_MAX__=2147483647 -D__INT_FAST32_TYPE__=int -D__INT_FAST32_WIDTH__=32 '-D__INT_FAST64_FMTd__="lld"' '-D__INT_FAST64_FMTi__="lli"' -D__INT_FAST64_MAX__=9223372036854775807LL '-D__INT_FAST64_TYPE__=long long int' -D__INT_FAST64_WIDTH__=64 '-D__INT_FAST8_FMTd__="hhd"' '-D__INT_FAST8_FMTi__="hhi"' -D__INT_FAST8_MAX__=127 '-D__INT_FAST8_TYPE__=signed char' -D__INT_FAST8_WIDTH__=8 '-D__INT_LEAST16_FMTd__="hd"' '-D__INT_LEAST16_FMTi__="hi"' -D__INT_LEAST16_MAX__=32767 -D__INT_LEAST16_TYPE__=short -D__INT_LEAST16_WIDTH__=16 '-D__INT_LEAST32_FMTd__="d"' '-D__INT_LEAST32_FMTi__="i"' -D__INT_LEAST32_MAX__=2147483647 -D__INT_LEAST32_TYPE__=int -D__INT_LEAST32_WIDTH__=32 '-D__INT_LEAST64_FMTd__="lld"' '-D__INT_LEAST64_FMTi__="lli"' -D__INT_LEAST64_MAX__=9223372036854775807LL '-D__INT_LEAST64_TYPE__=long long int' -D__INT_LEAST64_WIDTH__=64 '-D__INT_LEAST8_FMTd__="hhd"' '-D__INT_LEAST8_FMTi__="hhi"' -D__INT_LEAST8_MAX__=127 '-D__INT_LEAST8_TYPE__=signed char' -D__INT_LEAST8_WIDTH__=8 -D__INT_MAX__=2147483647 -D__INT_WIDTH__=32 -D__LAHF_SAHF__=1 -D__LDBL_DECIMAL_DIG__=21 -D__LDBL_DENORM_MIN__=3.64519953188247460253e-4951L -D__LDBL_DIG__=18 -D__LDBL_EPSILON__=1.08420217248550443401e-19L -D__LDBL_HAS_DENORM__=1 -D__LDBL_HAS_INFINITY__=1 -D__LDBL_HAS_QUIET_NAN__=1 -D__LDBL_MANT_DIG__=64 -D__LDBL_MAX_10_EXP__=4932 -D__LDBL_MAX_EXP__=16384 -D__LDBL_MAX__=1.18973149535723176502e+4932L '-D__LDBL_MIN_10_EXP__=(-4931)' '-D__LDBL_MIN_EXP__=(-16381)' -D__LDBL_MIN__=3.36210314311209350626e-4932L -D__LITTLE_ENDIAN__=1 -D__LLONG_WIDTH__=64 -D__LONG_LONG_MAX__=9223372036854775807LL -D__LONG_MAX__=9223372036854775807L -D__LONG_WIDTH__=64 -D__LP64__=1 -D__MACH__=1 -D__MMX__=1 -D__NO_INLINE__=1 -D__NO_MATH_ERRNO__=1 -D__NO_MATH_INLINES=1 -D__OBJC_BOOL_IS_BOOL=0 -D__OPENCL_MEMORY_SCOPE_ALL_SVM_DEVICES=3 -D__OPENCL_MEMORY_SCOPE_DEVICE=2 -D__OPENCL_MEMORY_SCOPE_SUB_GROUP=4 -D__OPENCL_MEMORY_SCOPE_WORK_GROUP=1 -D__OPENCL_MEMORY_SCOPE_WORK_ITEM=0 -D__ORDER_BIG_ENDIAN__=4321 -D__ORDER_LITTLE_ENDIAN__=1234 -D__ORDER_PDP_ENDIAN__=3412 -D__PIC__=2 -D__POINTER_WIDTH__=64 -D__PRAGMA_REDEFINE_EXTNAME=1 '-D__PTRDIFF_FMTd__="ld"' '-D__PTRDIFF_FMTi__="li"' -D__PTRDIFF_MAX__=9223372036854775807L '-D__PTRDIFF_TYPE__=long int' -D__PTRDIFF_WIDTH__=64 -D__REGISTER_PREFIX__= -D__SCHAR_MAX__=127 -D__SEG_FS=1 -D__SEG_GS=1 -D__SHRT_MAX__=32767 -D__SHRT_WIDTH__=16 -D__SIG_ATOMIC_MAX__=2147483647 -D__SIG_ATOMIC_WIDTH__=32 -D__SIZEOF_DOUBLE__=8 -D__SIZEOF_FLOAT__=4 -D__SIZEOF_INT128__=16 -D__SIZEOF_INT__=4 -D__SIZEOF_LONG_DOUBLE__=16 -D__SIZEOF_LONG_LONG__=8 -D__SIZEOF_LONG__=8 -D__SIZEOF_POINTER__=8 -D__SIZEOF_PTRDIFF_T__=8 -D__SIZEOF_SHORT__=2 -D__SIZEOF_SIZE_T__=8 -D__SIZEOF_WCHAR_T__=4 -D__SIZEOF_WINT_T__=4 '-D__SIZE_FMTX__="lX"' '-D__SIZE_FMTo__="lo"' '-D__SIZE_FMTu__="lu"' '-D__SIZE_FMTx__="lx"' -D__SIZE_MAX__=18446744073709551615UL '-D__SIZE_TYPE__=long unsigned int' -D__SIZE_WIDTH__=64 -D__SSE2_MATH__=1 -D__SSE2__=1 -D__SSE3__=1 -D__SSE4_1__=1 -D__SSE_MATH__=1 -D__SSE__=1 -D__SSSE3__=1 -D__STDC_NO_THREADS__=1 -D__STDC_UTF_16__=1 -D__STDC_UTF_32__=1 -D__UINT16_C_SUFFIX__= '-D__UINT16_FMTX__="hX"' '-D__UINT16_FMTo__="ho"' '-D__UINT16_FMTu__="hu"' '-D__UINT16_FMTx__="hx"' -D__UINT16_MAX__=65535 '-D__UINT16_TYPE__=unsigned short' -D__UINT32_C_SUFFIX__=U '-D__UINT32_FMTX__="X"' '-D__UINT32_FMTo__="o"' '-D__UINT32_FMTu__="u"' '-D__UINT32_FMTx__="x"' -D__UINT32_MAX__=4294967295U '-D__UINT32_TYPE__=unsigned int' -D__UINT64_C_SUFFIX__=ULL '-D__UINT64_FMTX__="llX"' '-D__UINT64_FMTo__="llo"' '-D__UINT64_FMTu__="llu"' '-D__UINT64_FMTx__="llx"' -D__UINT64_MAX__=18446744073709551615ULL '-D__UINT64_TYPE__=long long unsigned int' -D__UINT8_C_SUFFIX__= '-D__UINT8_FMTX__="hhX"' '-D__UINT8_FMTo__="hho"' '-D__UINT8_FMTu__="hhu"' '-D__UINT8_FMTx__="hhx"' -D__UINT8_MAX__=255 '-D__UINT8_TYPE__=unsigned char' -D__UINTMAX_C_SUFFIX__=UL '-D__UINTMAX_FMTX__="lX"' '-D__UINTMAX_FMTo__="lo"' '-D__UINTMAX_FMTu__="lu"' '-D__UINTMAX_FMTx__="lx"' -D__UINTMAX_MAX__=18446744073709551615UL '-D__UINTMAX_TYPE__=long unsigned int' -D__UINTMAX_WIDTH__=64 '-D__UINTPTR_FMTX__="lX"' '-D__UINTPTR_FMTo__="lo"' '-D__UINTPTR_FMTu__="lu"' '-D__UINTPTR_FMTx__="lx"' -D__UINTPTR_MAX__=18446744073709551615UL '-D__UINTPTR_TYPE__=long unsigned int' -D__UINTPTR_WIDTH__=64 '-D__UINT_FAST16_FMTX__="hX"' '-D__UINT_FAST16_FMTo__="ho"' '-D__UINT_FAST16_FMTu__="hu"' '-D__UINT_FAST16_FMTx__="hx"' -D__UINT_FAST16_MAX__=65535 '-D__UINT_FAST16_TYPE__=unsigned short' '-D__UINT_FAST32_FMTX__="X"' '-D__UINT_FAST32_FMTo__="o"' '-D__UINT_FAST32_FMTu__="u"' '-D__UINT_FAST32_FMTx__="x"' -D__UINT_FAST32_MAX__=4294967295U '-D__UINT_FAST32_TYPE__=unsigned int' '-D__UINT_FAST64_FMTX__="llX"' '-D__UINT_FAST64_FMTo__="llo"' '-D__UINT_FAST64_FMTu__="llu"' '-D__UINT_FAST64_FMTx__="llx"' -D__UINT_FAST64_MAX__=18446744073709551615ULL '-D__UINT_FAST64_TYPE__=long long unsigned int' '-D__UINT_FAST8_FMTX__="hhX"' '-D__UINT_FAST8_FMTo__="hho"' '-D__UINT_FAST8_FMTu__="hhu"' '-D__UINT_FAST8_FMTx__="hhx"' -D__UINT_FAST8_MAX__=255 '-D__UINT_FAST8_TYPE__=unsigned char' '-D__UINT_LEAST16_FMTX__="hX"' '-D__UINT_LEAST16_FMTo__="ho"' '-D__UINT_LEAST16_FMTu__="hu"' '-D__UINT_LEAST16_FMTx__="hx"' -D__UINT_LEAST16_MAX__=65535 '-D__UINT_LEAST16_TYPE__=unsigned short' '-D__UINT_LEAST32_FMTX__="X"' '-D__UINT_LEAST32_FMTo__="o"' '-D__UINT_LEAST32_FMTu__="u"' '-D__UINT_LEAST32_FMTx__="x"' -D__UINT_LEAST32_MAX__=4294967295U '-D__UINT_LEAST32_TYPE__=unsigned int' '-D__UINT_LEAST64_FMTX__="llX"' '-D__UINT_LEAST64_FMTo__="llo"' '-D__UINT_LEAST64_FMTu__="llu"' '-D__UINT_LEAST64_FMTx__="llx"' -D__UINT_LEAST64_MAX__=18446744073709551615ULL '-D__UINT_LEAST64_TYPE__=long long unsigned int' '-D__UINT_LEAST8_FMTX__="hhX"' '-D__UINT_LEAST8_FMTo__="hho"' '-D__UINT_LEAST8_FMTu__="hhu"' '-D__UINT_LEAST8_FMTx__="hhx"' -D__UINT_LEAST8_MAX__=255 '-D__UINT_LEAST8_TYPE__=unsigned char' -D__USER_LABEL_PREFIX__=_ '-D__VERSION__="Apple LLVM 15.0.0 (clang-1500.3.9.4)"' -D__WCHAR_MAX__=2147483647 -D__WCHAR_TYPE__=int -D__WCHAR_WIDTH__=32 -D__WINT_MAX__=2147483647 -D__WINT_TYPE__=int -D__WINT_WIDTH__=32 -D__amd64=1 -D__amd64__=1 -D__apple_build_version__=15000309 '-D__block=__attribute__((__blocks__(byref)))' -D__clang__=1 '-D__clang_literal_encoding__="UTF-8"' -D__clang_major__=15 -D__clang_minor__=0 -D__clang_patchlevel__=0 '-D__clang_version__="15.0.0 (clang-1500.3.9.4)"' '-D__clang_wide_literal_encoding__="UTF-32"' -D__code_model_small__=1 -D__core2=1 -D__core2__=1 -D__llvm__=1 -D__nonnull=_Nonnull -D__null_unspecified=_Null_unspecified -D__nullable=_Nullable -D__pic__=2 '-D__seg_fs=__attribute__((address_space(257)))' '-D__seg_gs=__attribute__((address_space(256)))' -D__strong= -D__tune_core2__=1 -D__unsafe_unretained= '-D__weak=__attribute__((objc_gc(weak)))' -D__x86_64=1 -D__x86_64__=1 '-D__private_extern__=extern __attribute__((visibility("hidden")))' --blocks -D__GCC_HAVE_DWARF2_CFI_ASM=1 -I/usr/local/include -I/Library/Developer/CommandLineTools/usr/lib/clang/15.0.0/include -I/Library/Developer/CommandLineTools/SDKs/MacOSX.sdk/usr/include -I/Library/Developer/CommandLineTools/usr/include -F/Library/Developer/CommandLineTools/SDKs/MacOSX.sdk/System/Library/Frameworks -- CWE122_Heap_Based_Buffer_Overflow__char_type_overrun_memcpy_01.c
[E 16:49:24 77692] CODEQL_EXTRACTOR_CPP_TRAP_CACHING is not set
[E 16:49:24 77692] CODEQL_EXTRACTOR_CPP_OPTION_TRAP_CACHE_WRITE is not set
[E 16:49:24 77692] CODEQL_EXTRACTOR_CPP_OPTION_TRAP_CACHE_DIR is not set
[E 16:49:24 77692] Initialising TRAP cache at path: 07/d8de/deed86fc6f2db455d3cee746f2e6
[E 16:49:24 77692] Not using TRAP cache
[E 16:49:24 77692] TRAP cache miss
[E 16:49:24 77692] Starting compilation TRAP /Users/sheenie/Desktop/my_cases/taint+buffer_trimmed/cwe121-db/trap/cpp/compilations/26/7913149_0.trap.zst
[E 16:49:24 77692] Archiving /Users/sheenie/Desktop/my_cases/taint+buffer_trimmed/cwe121-db/src/Users/sheenie/Desktop/my_cases/taint+buffer_trimmed/CWE122_Heap_Based_Buffer_Overflow__char_type_overrun_memcpy_01.c
[E 16:49:24 77692] Already archived /Users/sheenie/Desktop/my_cases/taint+buffer_trimmed/cwe121-db/src/Users/sheenie/Desktop/my_cases/taint+buffer_trimmed/std_testcase.h
[E 16:49:24 77692] Already archived /Users/sheenie/Desktop/my_cases/taint+buffer_trimmed/cwe121-db/src/Library/Developer/CommandLineTools/SDKs/MacOSX14.4.sdk/usr/include/stdio.h
[E 16:49:24 77692] Already archived /Users/sheenie/Desktop/my_cases/taint+buffer_trimmed/cwe121-db/src/Library/Developer/CommandLineTools/SDKs/MacOSX14.4.sdk/usr/include/_stdio.h
[E 16:49:24 77692] Already archived /Users/sheenie/Desktop/my_cases/taint+buffer_trimmed/cwe121-db/src/Library/Developer/CommandLineTools/SDKs/MacOSX14.4.sdk/usr/include/sys/cdefs.h
[E 16:49:24 77692] Already archived /Users/sheenie/Desktop/my_cases/taint+buffer_trimmed/cwe121-db/src/Library/Developer/CommandLineTools/SDKs/MacOSX14.4.sdk/usr/include/sys/_symbol_aliasing.h
[E 16:49:24 77692] Already archived /Users/sheenie/Desktop/my_cases/taint+buffer_trimmed/cwe121-db/src/Library/Developer/CommandLineTools/SDKs/MacOSX14.4.sdk/usr/include/sys/_posix_availability.h
[E 16:49:24 77692] Already archived /Users/sheenie/Desktop/my_cases/taint+buffer_trimmed/cwe121-db/src/Library/Developer/CommandLineTools/SDKs/MacOSX14.4.sdk/usr/include/Availability.h
[E 16:49:24 77692] Already archived /Users/sheenie/Desktop/my_cases/taint+buffer_trimmed/cwe121-db/src/Library/Developer/CommandLineTools/SDKs/MacOSX14.4.sdk/usr/include/AvailabilityVersions.h
[E 16:49:24 77692] Already archived /Users/sheenie/Desktop/my_cases/taint+buffer_trimmed/cwe121-db/src/Library/Developer/CommandLineTools/SDKs/MacOSX14.4.sdk/usr/include/AvailabilityInternal.h
[E 16:49:24 77692] Already archived /Users/sheenie/Desktop/my_cases/taint+buffer_trimmed/cwe121-db/src/Library/Developer/CommandLineTools/SDKs/MacOSX14.4.sdk/usr/include/AvailabilityInternalLegacy.h
[E 16:49:24 77692] Already archived /Users/sheenie/Desktop/my_cases/taint+buffer_trimmed/cwe121-db/src/Library/Developer/CommandLineTools/SDKs/MacOSX14.4.sdk/usr/include/_types.h
[E 16:49:24 77692] Already archived /Users/sheenie/Desktop/my_cases/taint+buffer_trimmed/cwe121-db/src/Library/Developer/CommandLineTools/SDKs/MacOSX14.4.sdk/usr/include/sys/_types.h
[E 16:49:24 77692] Already archived /Users/sheenie/Desktop/my_cases/taint+buffer_trimmed/cwe121-db/src/Library/Developer/CommandLineTools/SDKs/MacOSX14.4.sdk/usr/include/machine/_types.h
[E 16:49:24 77692] Already archived /Users/sheenie/Desktop/my_cases/taint+buffer_trimmed/cwe121-db/src/Library/Developer/CommandLineTools/SDKs/MacOSX14.4.sdk/usr/include/i386/_types.h
[E 16:49:24 77692] Already archived /Users/sheenie/Desktop/my_cases/taint+buffer_trimmed/cwe121-db/src/Library/Developer/CommandLineTools/SDKs/MacOSX14.4.sdk/usr/include/sys/_pthread/_pthread_types.h
[E 16:49:24 77692] Already archived /Users/sheenie/Desktop/my_cases/taint+buffer_trimmed/cwe121-db/src/Library/Developer/CommandLineTools/SDKs/MacOSX14.4.sdk/usr/include/sys/_types/_va_list.h
[E 16:49:24 77692] Already archived /Users/sheenie/Desktop/my_cases/taint+buffer_trimmed/cwe121-db/src/Library/Developer/CommandLineTools/SDKs/MacOSX14.4.sdk/usr/include/machine/types.h
[E 16:49:24 77692] Already archived /Users/sheenie/Desktop/my_cases/taint+buffer_trimmed/cwe121-db/src/Library/Developer/CommandLineTools/SDKs/MacOSX14.4.sdk/usr/include/i386/types.h
[E 16:49:24 77692] Already archived /Users/sheenie/Desktop/my_cases/taint+buffer_trimmed/cwe121-db/src/Library/Developer/CommandLineTools/SDKs/MacOSX14.4.sdk/usr/include/sys/_types/_int8_t.h
[E 16:49:24 77692] Already archived /Users/sheenie/Desktop/my_cases/taint+buffer_trimmed/cwe121-db/src/Library/Developer/CommandLineTools/SDKs/MacOSX14.4.sdk/usr/include/sys/_types/_int16_t.h
[E 16:49:24 77692] Already archived /Users/sheenie/Desktop/my_cases/taint+buffer_trimmed/cwe121-db/src/Library/Developer/CommandLineTools/SDKs/MacOSX14.4.sdk/usr/include/sys/_types/_int32_t.h
[E 16:49:24 77692] Already archived /Users/sheenie/Desktop/my_cases/taint+buffer_trimmed/cwe121-db/src/Library/Developer/CommandLineTools/SDKs/MacOSX14.4.sdk/usr/include/sys/_types/_int64_t.h
[E 16:49:24 77692] Already archived /Users/sheenie/Desktop/my_cases/taint+buffer_trimmed/cwe121-db/src/Library/Developer/CommandLineTools/SDKs/MacOSX14.4.sdk/usr/include/sys/_types/_u_int8_t.h
[E 16:49:24 77692] Already archived /Users/sheenie/Desktop/my_cases/taint+buffer_trimmed/cwe121-db/src/Library/Developer/CommandLineTools/SDKs/MacOSX14.4.sdk/usr/include/sys/_types/_u_int16_t.h
[E 16:49:24 77692] Already archived /Users/sheenie/Desktop/my_cases/taint+buffer_trimmed/cwe121-db/src/Library/Developer/CommandLineTools/SDKs/MacOSX14.4.sdk/usr/include/sys/_types/_u_int32_t.h
[E 16:49:24 77692] Already archived /Users/sheenie/Desktop/my_cases/taint+buffer_trimmed/cwe121-db/src/Library/Developer/CommandLineTools/SDKs/MacOSX14.4.sdk/usr/include/sys/_types/_u_int64_t.h
[E 16:49:24 77692] Already archived /Users/sheenie/Desktop/my_cases/taint+buffer_trimmed/cwe121-db/src/Library/Developer/CommandLineTools/SDKs/MacOSX14.4.sdk/usr/include/sys/_types/_intptr_t.h
[E 16:49:24 77692] Already archived /Users/sheenie/Desktop/my_cases/taint+buffer_trimmed/cwe121-db/src/Library/Developer/CommandLineTools/SDKs/MacOSX14.4.sdk/usr/include/machine/types.h
[E 16:49:24 77692] Already archived /Users/sheenie/Desktop/my_cases/taint+buffer_trimmed/cwe121-db/src/Library/Developer/CommandLineTools/SDKs/MacOSX14.4.sdk/usr/include/sys/_types/_uintptr_t.h
[E 16:49:24 77692] Already archived /Users/sheenie/Desktop/my_cases/taint+buffer_trimmed/cwe121-db/src/Library/Developer/CommandLineTools/SDKs/MacOSX14.4.sdk/usr/include/sys/_types/_size_t.h
[E 16:49:24 77692] Already archived /Users/sheenie/Desktop/my_cases/taint+buffer_trimmed/cwe121-db/src/Library/Developer/CommandLineTools/SDKs/MacOSX14.4.sdk/usr/include/sys/_types/_null.h
[E 16:49:24 77692] Already archived /Users/sheenie/Desktop/my_cases/taint+buffer_trimmed/cwe121-db/src/Library/Developer/CommandLineTools/SDKs/MacOSX14.4.sdk/usr/include/sys/stdio.h
[E 16:49:24 77692] Already archived /Users/sheenie/Desktop/my_cases/taint+buffer_trimmed/cwe121-db/src/Library/Developer/CommandLineTools/SDKs/MacOSX14.4.sdk/usr/include/sys/_types/_seek_set.h
[E 16:49:24 77692] Already archived /Users/sheenie/Desktop/my_cases/taint+buffer_trimmed/cwe121-db/src/Library/Developer/CommandLineTools/SDKs/MacOSX14.4.sdk/usr/include/_ctermid.h
[E 16:49:24 77692] Already archived /Users/sheenie/Desktop/my_cases/taint+buffer_trimmed/cwe121-db/src/Library/Developer/CommandLineTools/SDKs/MacOSX14.4.sdk/usr/include/sys/_types/_off_t.h
[E 16:49:24 77692] Already archived /Users/sheenie/Desktop/my_cases/taint+buffer_trimmed/cwe121-db/src/Library/Developer/CommandLineTools/SDKs/MacOSX14.4.sdk/usr/include/sys/_types/_ssize_t.h
[E 16:49:24 77692] Already archived /Users/sheenie/Desktop/my_cases/taint+buffer_trimmed/cwe121-db/src/Library/Developer/CommandLineTools/SDKs/MacOSX14.4.sdk/usr/include/secure/_stdio.h
[E 16:49:24 77692] Already archived /Users/sheenie/Desktop/my_cases/taint+buffer_trimmed/cwe121-db/src/Library/Developer/CommandLineTools/SDKs/MacOSX14.4.sdk/usr/include/secure/_common.h
[E 16:49:24 77692] Already archived /Users/sheenie/Desktop/my_cases/taint+buffer_trimmed/cwe121-db/src/Library/Developer/CommandLineTools/SDKs/MacOSX14.4.sdk/usr/include/stdlib.h
[E 16:49:24 77692] Already archived /Users/sheenie/Desktop/my_cases/taint+buffer_trimmed/cwe121-db/src/Library/Developer/CommandLineTools/SDKs/MacOSX14.4.sdk/usr/include/sys/wait.h
[E 16:49:24 77692] Already archived /Users/sheenie/Desktop/my_cases/taint+buffer_trimmed/cwe121-db/src/Library/Developer/CommandLineTools/SDKs/MacOSX14.4.sdk/usr/include/sys/_types/_pid_t.h
[E 16:49:24 77692] Already archived /Users/sheenie/Desktop/my_cases/taint+buffer_trimmed/cwe121-db/src/Library/Developer/CommandLineTools/SDKs/MacOSX14.4.sdk/usr/include/sys/_types/_id_t.h
[E 16:49:24 77692] Already archived /Users/sheenie/Desktop/my_cases/taint+buffer_trimmed/cwe121-db/src/Library/Developer/CommandLineTools/SDKs/MacOSX14.4.sdk/usr/include/sys/signal.h
[E 16:49:24 77692] Already archived /Users/sheenie/Desktop/my_cases/taint+buffer_trimmed/cwe121-db/src/Library/Developer/CommandLineTools/SDKs/MacOSX14.4.sdk/usr/include/sys/appleapiopts.h
[E 16:49:24 77692] Already archived /Users/sheenie/Desktop/my_cases/taint+buffer_trimmed/cwe121-db/src/Library/Developer/CommandLineTools/SDKs/MacOSX14.4.sdk/usr/include/machine/signal.h
[E 16:49:24 77692] Already archived /Users/sheenie/Desktop/my_cases/taint+buffer_trimmed/cwe121-db/src/Library/Developer/CommandLineTools/SDKs/MacOSX14.4.sdk/usr/include/i386/signal.h
[E 16:49:24 77692] Already archived /Users/sheenie/Desktop/my_cases/taint+buffer_trimmed/cwe121-db/src/Library/Developer/CommandLineTools/SDKs/MacOSX14.4.sdk/usr/include/machine/_mcontext.h
[E 16:49:24 77692] Already archived /Users/sheenie/Desktop/my_cases/taint+buffer_trimmed/cwe121-db/src/Library/Developer/CommandLineTools/SDKs/MacOSX14.4.sdk/usr/include/i386/_mcontext.h
[E 16:49:24 77692] Already archived /Users/sheenie/Desktop/my_cases/taint+buffer_trimmed/cwe121-db/src/Library/Developer/CommandLineTools/SDKs/MacOSX14.4.sdk/usr/include/mach/machine/_structs.h
[E 16:49:24 77692] Already archived /Users/sheenie/Desktop/my_cases/taint+buffer_trimmed/cwe121-db/src/Library/Developer/CommandLineTools/SDKs/MacOSX14.4.sdk/usr/include/mach/i386/_structs.h
[E 16:49:24 77692] Already archived /Users/sheenie/Desktop/my_cases/taint+buffer_trimmed/cwe121-db/src/Library/Developer/CommandLineTools/SDKs/MacOSX14.4.sdk/usr/include/sys/_pthread/_pthread_attr_t.h
[E 16:49:24 77692] Already archived /Users/sheenie/Desktop/my_cases/taint+buffer_trimmed/cwe121-db/src/Library/Developer/CommandLineTools/SDKs/MacOSX14.4.sdk/usr/include/sys/_types/_sigaltstack.h
[E 16:49:24 77692] Already archived /Users/sheenie/Desktop/my_cases/taint+buffer_trimmed/cwe121-db/src/Library/Developer/CommandLineTools/SDKs/MacOSX14.4.sdk/usr/include/sys/_types/_ucontext.h
[E 16:49:24 77692] Already archived /Users/sheenie/Desktop/my_cases/taint+buffer_trimmed/cwe121-db/src/Library/Developer/CommandLineTools/SDKs/MacOSX14.4.sdk/usr/include/sys/_types/_sigset_t.h
[E 16:49:24 77692] Already archived /Users/sheenie/Desktop/my_cases/taint+buffer_trimmed/cwe121-db/src/Library/Developer/CommandLineTools/SDKs/MacOSX14.4.sdk/usr/include/sys/_types/_uid_t.h
[E 16:49:24 77692] Already archived /Users/sheenie/Desktop/my_cases/taint+buffer_trimmed/cwe121-db/src/Library/Developer/CommandLineTools/SDKs/MacOSX14.4.sdk/usr/include/sys/resource.h
[E 16:49:24 77692] Already archived /Users/sheenie/Desktop/my_cases/taint+buffer_trimmed/cwe121-db/src/Library/Developer/CommandLineTools/usr/lib/clang/15.0.0/include/stdint.h
[E 16:49:24 77692] Already archived /Users/sheenie/Desktop/my_cases/taint+buffer_trimmed/cwe121-db/src/Library/Developer/CommandLineTools/SDKs/MacOSX14.4.sdk/usr/include/stdint.h
[E 16:49:24 77692] Already archived /Users/sheenie/Desktop/my_cases/taint+buffer_trimmed/cwe121-db/src/Library/Developer/CommandLineTools/SDKs/MacOSX14.4.sdk/usr/include/_types/_uint8_t.h
[E 16:49:24 77692] Already archived /Users/sheenie/Desktop/my_cases/taint+buffer_trimmed/cwe121-db/src/Library/Developer/CommandLineTools/SDKs/MacOSX14.4.sdk/usr/include/_types/_uint16_t.h
[E 16:49:24 77692] Already archived /Users/sheenie/Desktop/my_cases/taint+buffer_trimmed/cwe121-db/src/Library/Developer/CommandLineTools/SDKs/MacOSX14.4.sdk/usr/include/_types/_uint32_t.h
[E 16:49:24 77692] Already archived /Users/sheenie/Desktop/my_cases/taint+buffer_trimmed/cwe121-db/src/Library/Developer/CommandLineTools/SDKs/MacOSX14.4.sdk/usr/include/_types/_uint64_t.h
[E 16:49:24 77692] Already archived /Users/sheenie/Desktop/my_cases/taint+buffer_trimmed/cwe121-db/src/Library/Developer/CommandLineTools/SDKs/MacOSX14.4.sdk/usr/include/_types/_intmax_t.h
[E 16:49:24 77692] Already archived /Users/sheenie/Desktop/my_cases/taint+buffer_trimmed/cwe121-db/src/Library/Developer/CommandLineTools/SDKs/MacOSX14.4.sdk/usr/include/_types/_uintmax_t.h
[E 16:49:24 77692] Already archived /Users/sheenie/Desktop/my_cases/taint+buffer_trimmed/cwe121-db/src/Library/Developer/CommandLineTools/SDKs/MacOSX14.4.sdk/usr/include/sys/_types/_timeval.h
[E 16:49:24 77692] Already archived /Users/sheenie/Desktop/my_cases/taint+buffer_trimmed/cwe121-db/src/Library/Developer/CommandLineTools/SDKs/MacOSX14.4.sdk/usr/include/machine/endian.h
[E 16:49:24 77692] Already archived /Users/sheenie/Desktop/my_cases/taint+buffer_trimmed/cwe121-db/src/Library/Developer/CommandLineTools/SDKs/MacOSX14.4.sdk/usr/include/i386/endian.h
[E 16:49:24 77692] Already archived /Users/sheenie/Desktop/my_cases/taint+buffer_trimmed/cwe121-db/src/Library/Developer/CommandLineTools/SDKs/MacOSX14.4.sdk/usr/include/sys/_endian.h
[E 16:49:24 77692] Already archived /Users/sheenie/Desktop/my_cases/taint+buffer_trimmed/cwe121-db/src/Library/Developer/CommandLineTools/SDKs/MacOSX14.4.sdk/usr/include/machine/endian.h
[E 16:49:24 77692] Already archived /Users/sheenie/Desktop/my_cases/taint+buffer_trimmed/cwe121-db/src/Library/Developer/CommandLineTools/SDKs/MacOSX14.4.sdk/usr/include/libkern/_OSByteOrder.h
[E 16:49:24 77692] Already archived /Users/sheenie/Desktop/my_cases/taint+buffer_trimmed/cwe121-db/src/Library/Developer/CommandLineTools/SDKs/MacOSX14.4.sdk/usr/include/libkern/i386/_OSByteOrder.h
[E 16:49:24 77692] Already archived /Users/sheenie/Desktop/my_cases/taint+buffer_trimmed/cwe121-db/src/Library/Developer/CommandLineTools/SDKs/MacOSX14.4.sdk/usr/include/alloca.h
[E 16:49:24 77692] Already archived /Users/sheenie/Desktop/my_cases/taint+buffer_trimmed/cwe121-db/src/Library/Developer/CommandLineTools/SDKs/MacOSX14.4.sdk/usr/include/sys/_types/_ct_rune_t.h
[E 16:49:24 77692] Already archived /Users/sheenie/Desktop/my_cases/taint+buffer_trimmed/cwe121-db/src/Library/Developer/CommandLineTools/SDKs/MacOSX14.4.sdk/usr/include/sys/_types/_rune_t.h
[E 16:49:24 77692] Already archived /Users/sheenie/Desktop/my_cases/taint+buffer_trimmed/cwe121-db/src/Library/Developer/CommandLineTools/SDKs/MacOSX14.4.sdk/usr/include/sys/_types/_wchar_t.h
[E 16:49:24 77692] Already archived /Users/sheenie/Desktop/my_cases/taint+buffer_trimmed/cwe121-db/src/Library/Developer/CommandLineTools/SDKs/MacOSX14.4.sdk/usr/include/malloc/_malloc.h
[E 16:49:24 77692] Already archived /Users/sheenie/Desktop/my_cases/taint+buffer_trimmed/cwe121-db/src/Library/Developer/CommandLineTools/SDKs/MacOSX14.4.sdk/usr/include/malloc/_malloc_type.h
[E 16:49:24 77692] Already archived /Users/sheenie/Desktop/my_cases/taint+buffer_trimmed/cwe121-db/src/Library/Developer/CommandLineTools/SDKs/MacOSX14.4.sdk/usr/include/malloc/_ptrcheck.h
[E 16:49:24 77692] Already archived /Users/sheenie/Desktop/my_cases/taint+buffer_trimmed/cwe121-db/src/Library/Developer/CommandLineTools/SDKs/MacOSX14.4.sdk/usr/include/sys/_types/_dev_t.h
[E 16:49:24 77692] Already archived /Users/sheenie/Desktop/my_cases/taint+buffer_trimmed/cwe121-db/src/Library/Developer/CommandLineTools/SDKs/MacOSX14.4.sdk/usr/include/sys/_types/_mode_t.h
[E 16:49:24 77692] Already archived /Users/sheenie/Desktop/my_cases/taint+buffer_trimmed/cwe121-db/src/Library/Developer/CommandLineTools/usr/lib/clang/15.0.0/include/stddef.h
[E 16:49:24 77692] Already archived /Users/sheenie/Desktop/my_cases/taint+buffer_trimmed/cwe121-db/src/Library/Developer/CommandLineTools/usr/lib/clang/15.0.0/include/__stddef_max_align_t.h
[E 16:49:24 77692] Already archived /Users/sheenie/Desktop/my_cases/taint+buffer_trimmed/cwe121-db/src/Library/Developer/CommandLineTools/SDKs/MacOSX14.4.sdk/usr/include/time.h
[E 16:49:24 77692] Already archived /Users/sheenie/Desktop/my_cases/taint+buffer_trimmed/cwe121-db/src/Library/Developer/CommandLineTools/SDKs/MacOSX14.4.sdk/usr/include/sys/_types/_clock_t.h
[E 16:49:24 77692] Already archived /Users/sheenie/Desktop/my_cases/taint+buffer_trimmed/cwe121-db/src/Library/Developer/CommandLineTools/SDKs/MacOSX14.4.sdk/usr/include/sys/_types/_time_t.h
[E 16:49:24 77692] Already archived /Users/sheenie/Desktop/my_cases/taint+buffer_trimmed/cwe121-db/src/Library/Developer/CommandLineTools/SDKs/MacOSX14.4.sdk/usr/include/sys/_types/_timespec.h
[E 16:49:24 77692] Already archived /Users/sheenie/Desktop/my_cases/taint+buffer_trimmed/cwe121-db/src/Library/Developer/CommandLineTools/usr/lib/clang/15.0.0/include/limits.h
[E 16:49:24 77692] Already archived /Users/sheenie/Desktop/my_cases/taint+buffer_trimmed/cwe121-db/src/Library/Developer/CommandLineTools/SDKs/MacOSX14.4.sdk/usr/include/limits.h
[E 16:49:24 77692] Already archived /Users/sheenie/Desktop/my_cases/taint+buffer_trimmed/cwe121-db/src/Library/Developer/CommandLineTools/SDKs/MacOSX14.4.sdk/usr/include/machine/limits.h
[E 16:49:24 77692] Already archived /Users/sheenie/Desktop/my_cases/taint+buffer_trimmed/cwe121-db/src/Library/Developer/CommandLineTools/SDKs/MacOSX14.4.sdk/usr/include/i386/limits.h
[E 16:49:24 77692] Already archived /Users/sheenie/Desktop/my_cases/taint+buffer_trimmed/cwe121-db/src/Library/Developer/CommandLineTools/SDKs/MacOSX14.4.sdk/usr/include/i386/_limits.h
[E 16:49:24 77692] Already archived /Users/sheenie/Desktop/my_cases/taint+buffer_trimmed/cwe121-db/src/Library/Developer/CommandLineTools/SDKs/MacOSX14.4.sdk/usr/include/sys/syslimits.h
[E 16:49:24 77692] Already archived /Users/sheenie/Desktop/my_cases/taint+buffer_trimmed/cwe121-db/src/Library/Developer/CommandLineTools/SDKs/MacOSX14.4.sdk/usr/include/string.h
[E 16:49:24 77692] Already archived /Users/sheenie/Desktop/my_cases/taint+buffer_trimmed/cwe121-db/src/Library/Developer/CommandLineTools/SDKs/MacOSX14.4.sdk/usr/include/sys/_types/_rsize_t.h
[E 16:49:24 77692] Already archived /Users/sheenie/Desktop/my_cases/taint+buffer_trimmed/cwe121-db/src/Library/Developer/CommandLineTools/SDKs/MacOSX14.4.sdk/usr/include/sys/_types/_errno_t.h
[E 16:49:24 77692] Already archived /Users/sheenie/Desktop/my_cases/taint+buffer_trimmed/cwe121-db/src/Library/Developer/CommandLineTools/SDKs/MacOSX14.4.sdk/usr/include/strings.h
[E 16:49:24 77692] Already archived /Users/sheenie/Desktop/my_cases/taint+buffer_trimmed/cwe121-db/src/Library/Developer/CommandLineTools/SDKs/MacOSX14.4.sdk/usr/include/string.h
[E 16:49:24 77692] Already archived /Users/sheenie/Desktop/my_cases/taint+buffer_trimmed/cwe121-db/src/Library/Developer/CommandLineTools/SDKs/MacOSX14.4.sdk/usr/include/secure/_strings.h
[E 16:49:24 77692] Already archived /Users/sheenie/Desktop/my_cases/taint+buffer_trimmed/cwe121-db/src/Library/Developer/CommandLineTools/SDKs/MacOSX14.4.sdk/usr/include/secure/_string.h
[E 16:49:24 77692] Already archived /Users/sheenie/Desktop/my_cases/taint+buffer_trimmed/cwe121-db/src/Library/Developer/CommandLineTools/SDKs/MacOSX14.4.sdk/usr/include/ctype.h
[E 16:49:24 77692] Already archived /Users/sheenie/Desktop/my_cases/taint+buffer_trimmed/cwe121-db/src/Library/Developer/CommandLineTools/SDKs/MacOSX14.4.sdk/usr/include/_ctype.h
[E 16:49:24 77692] Already archived /Users/sheenie/Desktop/my_cases/taint+buffer_trimmed/cwe121-db/src/Library/Developer/CommandLineTools/SDKs/MacOSX14.4.sdk/usr/include/runetype.h
[E 16:49:24 77692] Already archived /Users/sheenie/Desktop/my_cases/taint+buffer_trimmed/cwe121-db/src/Library/Developer/CommandLineTools/SDKs/MacOSX14.4.sdk/usr/include/sys/_types/_wchar_t.h
[E 16:49:24 77692] Already archived /Users/sheenie/Desktop/my_cases/taint+buffer_trimmed/cwe121-db/src/Library/Developer/CommandLineTools/SDKs/MacOSX14.4.sdk/usr/include/sys/_types/_wint_t.h
[E 16:49:24 77692] Already archived /Users/sheenie/Desktop/my_cases/taint+buffer_trimmed/cwe121-db/src/Library/Developer/CommandLineTools/SDKs/MacOSX14.4.sdk/usr/include/fcntl.h
[E 16:49:24 77692] Already archived /Users/sheenie/Desktop/my_cases/taint+buffer_trimmed/cwe121-db/src/Library/Developer/CommandLineTools/SDKs/MacOSX14.4.sdk/usr/include/sys/fcntl.h
[E 16:49:24 77692] Already archived /Users/sheenie/Desktop/my_cases/taint+buffer_trimmed/cwe121-db/src/Library/Developer/CommandLineTools/SDKs/MacOSX14.4.sdk/usr/include/sys/_types/_o_sync.h
[E 16:49:24 77692] Already archived /Users/sheenie/Desktop/my_cases/taint+buffer_trimmed/cwe121-db/src/Library/Developer/CommandLineTools/SDKs/MacOSX14.4.sdk/usr/include/sys/_types/_o_dsync.h
[E 16:49:24 77692] Already archived /Users/sheenie/Desktop/my_cases/taint+buffer_trimmed/cwe121-db/src/Library/Developer/CommandLineTools/SDKs/MacOSX14.4.sdk/usr/include/sys/_types/_s_ifmt.h
[E 16:49:24 77692] Already archived /Users/sheenie/Desktop/my_cases/taint+buffer_trimmed/cwe121-db/src/Library/Developer/CommandLineTools/SDKs/MacOSX14.4.sdk/usr/include/sys/_types/_filesec_t.h
[E 16:49:24 77692] Already archived /Users/sheenie/Desktop/my_cases/taint+buffer_trimmed/cwe121-db/src/Library/Developer/CommandLineTools/SDKs/MacOSX14.4.sdk/usr/include/sys/types.h
[E 16:49:24 77692] Already archived /Users/sheenie/Desktop/my_cases/taint+buffer_trimmed/cwe121-db/src/Library/Developer/CommandLineTools/SDKs/MacOSX14.4.sdk/usr/include/sys/_types/_u_char.h
[E 16:49:24 77692] Already archived /Users/sheenie/Desktop/my_cases/taint+buffer_trimmed/cwe121-db/src/Library/Developer/CommandLineTools/SDKs/MacOSX14.4.sdk/usr/include/sys/_types/_u_short.h
[E 16:49:24 77692] Already archived /Users/sheenie/Desktop/my_cases/taint+buffer_trimmed/cwe121-db/src/Library/Developer/CommandLineTools/SDKs/MacOSX14.4.sdk/usr/include/sys/_types/_u_int.h
[E 16:49:24 77692] Already archived /Users/sheenie/Desktop/my_cases/taint+buffer_trimmed/cwe121-db/src/Library/Developer/CommandLineTools/SDKs/MacOSX14.4.sdk/usr/include/sys/_types/_caddr_t.h
[E 16:49:24 77692] Already archived /Users/sheenie/Desktop/my_cases/taint+buffer_trimmed/cwe121-db/src/Library/Developer/CommandLineTools/SDKs/MacOSX14.4.sdk/usr/include/sys/_types/_blkcnt_t.h
[E 16:49:24 77692] Already archived /Users/sheenie/Desktop/my_cases/taint+buffer_trimmed/cwe121-db/src/Library/Developer/CommandLineTools/SDKs/MacOSX14.4.sdk/usr/include/sys/_types/_blksize_t.h
[E 16:49:24 77692] Already archived /Users/sheenie/Desktop/my_cases/taint+buffer_trimmed/cwe121-db/src/Library/Developer/CommandLineTools/SDKs/MacOSX14.4.sdk/usr/include/sys/_types/_gid_t.h
[E 16:49:24 77692] Already archived /Users/sheenie/Desktop/my_cases/taint+buffer_trimmed/cwe121-db/src/Library/Developer/CommandLineTools/SDKs/MacOSX14.4.sdk/usr/include/sys/_types/_in_addr_t.h
[E 16:49:24 77692] Already archived /Users/sheenie/Desktop/my_cases/taint+buffer_trimmed/cwe121-db/src/Library/Developer/CommandLineTools/SDKs/MacOSX14.4.sdk/usr/include/sys/_types/_in_port_t.h
[E 16:49:24 77692] Already archived /Users/sheenie/Desktop/my_cases/taint+buffer_trimmed/cwe121-db/src/Library/Developer/CommandLineTools/SDKs/MacOSX14.4.sdk/usr/include/sys/_types/_ino_t.h
[E 16:49:24 77692] Already archived /Users/sheenie/Desktop/my_cases/taint+buffer_trimmed/cwe121-db/src/Library/Developer/CommandLineTools/SDKs/MacOSX14.4.sdk/usr/include/sys/_types/_ino64_t.h
[E 16:49:24 77692] Already archived /Users/sheenie/Desktop/my_cases/taint+buffer_trimmed/cwe121-db/src/Library/Developer/CommandLineTools/SDKs/MacOSX14.4.sdk/usr/include/sys/_types/_key_t.h
[E 16:49:24 77692] Already archived /Users/sheenie/Desktop/my_cases/taint+buffer_trimmed/cwe121-db/src/Library/Developer/CommandLineTools/SDKs/MacOSX14.4.sdk/usr/include/sys/_types/_nlink_t.h
[E 16:49:24 77692] Already archived /Users/sheenie/Desktop/my_cases/taint+buffer_trimmed/cwe121-db/src/Library/Developer/CommandLineTools/SDKs/MacOSX14.4.sdk/usr/include/sys/_types/_useconds_t.h
[E 16:49:24 77692] Already archived /Users/sheenie/Desktop/my_cases/taint+buffer_trimmed/cwe121-db/src/Library/Developer/CommandLineTools/SDKs/MacOSX14.4.sdk/usr/include/sys/_types/_suseconds_t.h
[E 16:49:24 77692] Already archived /Users/sheenie/Desktop/my_cases/taint+buffer_trimmed/cwe121-db/src/Library/Developer/CommandLineTools/SDKs/MacOSX14.4.sdk/usr/include/sys/_types/_fd_def.h
[E 16:49:24 77692] Already archived /Users/sheenie/Desktop/my_cases/taint+buffer_trimmed/cwe121-db/src/Library/Developer/CommandLineTools/SDKs/MacOSX14.4.sdk/usr/include/sys/_types/_fd_setsize.h
[E 16:49:24 77692] Already archived /Users/sheenie/Desktop/my_cases/taint+buffer_trimmed/cwe121-db/src/Library/Developer/CommandLineTools/SDKs/MacOSX14.4.sdk/usr/include/sys/_types/_fd_set.h
[E 16:49:24 77692] Already archived /Users/sheenie/Desktop/my_cases/taint+buffer_trimmed/cwe121-db/src/Library/Developer/CommandLineTools/SDKs/MacOSX14.4.sdk/usr/include/sys/_types/_fd_clr.h
[E 16:49:24 77692] Already archived /Users/sheenie/Desktop/my_cases/taint+buffer_trimmed/cwe121-db/src/Library/Developer/CommandLineTools/SDKs/MacOSX14.4.sdk/usr/include/sys/_types/_fd_zero.h
[E 16:49:24 77692] Already archived /Users/sheenie/Desktop/my_cases/taint+buffer_trimmed/cwe121-db/src/Library/Developer/CommandLineTools/SDKs/MacOSX14.4.sdk/usr/include/sys/_types/_fd_isset.h
[E 16:49:24 77692] Already archived /Users/sheenie/Desktop/my_cases/taint+buffer_trimmed/cwe121-db/src/Library/Developer/CommandLineTools/SDKs/MacOSX14.4.sdk/usr/include/sys/_types/_fd_copy.h
[E 16:49:24 77692] Already archived /Users/sheenie/Desktop/my_cases/taint+buffer_trimmed/cwe121-db/src/Library/Developer/CommandLineTools/SDKs/MacOSX14.4.sdk/usr/include/sys/_pthread/_pthread_cond_t.h
[E 16:49:24 77692] Already archived /Users/sheenie/Desktop/my_cases/taint+buffer_trimmed/cwe121-db/src/Library/Developer/CommandLineTools/SDKs/MacOSX14.4.sdk/usr/include/sys/_pthread/_pthread_condattr_t.h
[E 16:49:24 77692] Already archived /Users/sheenie/Desktop/my_cases/taint+buffer_trimmed/cwe121-db/src/Library/Developer/CommandLineTools/SDKs/MacOSX14.4.sdk/usr/include/sys/_pthread/_pthread_mutex_t.h
[E 16:49:24 77692] Already archived /Users/sheenie/Desktop/my_cases/taint+buffer_trimmed/cwe121-db/src/Library/Developer/CommandLineTools/SDKs/MacOSX14.4.sdk/usr/include/sys/_pthread/_pthread_mutexattr_t.h
[E 16:49:24 77692] Already archived /Users/sheenie/Desktop/my_cases/taint+buffer_trimmed/cwe121-db/src/Library/Developer/CommandLineTools/SDKs/MacOSX14.4.sdk/usr/include/sys/_pthread/_pthread_once_t.h
[E 16:49:24 77692] Already archived /Users/sheenie/Desktop/my_cases/taint+buffer_trimmed/cwe121-db/src/Library/Developer/CommandLineTools/SDKs/MacOSX14.4.sdk/usr/include/sys/_pthread/_pthread_rwlock_t.h
[E 16:49:24 77692] Already archived /Users/sheenie/Desktop/my_cases/taint+buffer_trimmed/cwe121-db/src/Library/Developer/CommandLineTools/SDKs/MacOSX14.4.sdk/usr/include/sys/_pthread/_pthread_rwlockattr_t.h
[E 16:49:24 77692] Already archived /Users/sheenie/Desktop/my_cases/taint+buffer_trimmed/cwe121-db/src/Library/Developer/CommandLineTools/SDKs/MacOSX14.4.sdk/usr/include/sys/_pthread/_pthread_t.h
[E 16:49:24 77692] Already archived /Users/sheenie/Desktop/my_cases/taint+buffer_trimmed/cwe121-db/src/Library/Developer/CommandLineTools/SDKs/MacOSX14.4.sdk/usr/include/sys/_pthread/_pthread_key_t.h
[E 16:49:24 77692] Already archived /Users/sheenie/Desktop/my_cases/taint+buffer_trimmed/cwe121-db/src/Library/Developer/CommandLineTools/SDKs/MacOSX14.4.sdk/usr/include/sys/_types/_fsblkcnt_t.h
[E 16:49:24 77692] Already archived /Users/sheenie/Desktop/my_cases/taint+buffer_trimmed/cwe121-db/src/Library/Developer/CommandLineTools/SDKs/MacOSX14.4.sdk/usr/include/sys/_types/_fsfilcnt_t.h
[E 16:49:24 77692] Already archived /Users/sheenie/Desktop/my_cases/taint+buffer_trimmed/cwe121-db/src/Library/Developer/CommandLineTools/SDKs/MacOSX14.4.sdk/usr/include/sys/stat.h
[E 16:49:24 77692] Already archived /Users/sheenie/Desktop/my_cases/taint+buffer_trimmed/cwe121-db/src/Users/sheenie/Desktop/my_cases/taint+buffer_trimmed/std_testcase_io.h
[E 16:49:24 77692] Already archived /Users/sheenie/Desktop/my_cases/taint+buffer_trimmed/cwe121-db/src/Users/sheenie/Desktop/my_cases/taint+buffer_trimmed/std_testcase.h
[E 16:49:24 77692] Already archived /Users/sheenie/Desktop/my_cases/taint+buffer_trimmed/cwe121-db/src/Library/Developer/CommandLineTools/SDKs/MacOSX14.4.sdk/usr/include/wchar.h
[E 16:49:24 77692] Already archived /Users/sheenie/Desktop/my_cases/taint+buffer_trimmed/cwe121-db/src/Library/Developer/CommandLineTools/SDKs/MacOSX14.4.sdk/usr/include/sys/_types/_mbstate_t.h
[E 16:49:24 77692] Already archived /Users/sheenie/Desktop/my_cases/taint+buffer_trimmed/cwe121-db/src/Library/Developer/CommandLineTools/SDKs/MacOSX14.4.sdk/usr/include/sys/_types/_wchar_t.h
[E 16:49:24 77692] Already archived /Users/sheenie/Desktop/my_cases/taint+buffer_trimmed/cwe121-db/src/Library/Developer/CommandLineTools/usr/lib/clang/15.0.0/include/stdarg.h
[E 16:49:24 77692] Already archived /Users/sheenie/Desktop/my_cases/taint+buffer_trimmed/cwe121-db/src/Library/Developer/CommandLineTools/SDKs/MacOSX14.4.sdk/usr/include/_wctype.h
[E 16:49:24 77692] Already archived /Users/sheenie/Desktop/my_cases/taint+buffer_trimmed/cwe121-db/src/Library/Developer/CommandLineTools/SDKs/MacOSX14.4.sdk/usr/include/__wctype.h
[E 16:49:24 77692] Already archived /Users/sheenie/Desktop/my_cases/taint+buffer_trimmed/cwe121-db/src/Library/Developer/CommandLineTools/SDKs/MacOSX14.4.sdk/usr/include/_types/_wctype_t.h
[E 16:49:24 77692] Creating trap tarball /Users/sheenie/Desktop/my_cases/taint+buffer_trimmed/cwe121-db/trap/cpp/tarballs/Users/sheenie/Desktop/my_cases/taint+buffer_trimmed/CWE122_Heap_Based_Buffer_Overflow__char_type_overrun_memcpy_01.c.268adb3d_0.trap.tar.zst
[E 16:49:24 77692] Emitting trap files for CWE122_Heap_Based_Buffer_Overflow__char_type_overrun_memcpy_01.c
[E 16:49:24 77692] Opening existencedb in /Users/sheenie/Desktop/my_cases/taint+buffer_trimmed/cwe121-db/working/existencedb/db
[E 16:49:24 77692] Wrote 1 files to /Users/sheenie/Desktop/my_cases/taint+buffer_trimmed/cwe121-db/trap/cpp/tarballs/Users/sheenie/Desktop/my_cases/taint+buffer_trimmed/CWE122_Heap_Based_Buffer_Overflow__char_type_overrun_memcpy_01.c.268adb3d_0.trap.tar.zst
[E 16:49:24 77692] Finished compilation TRAP /Users/sheenie/Desktop/my_cases/taint+buffer_trimmed/cwe121-db/trap/cpp/compilations/26/7913149_0.trap.zst
[E 16:49:24 77692] Marking C compilation as happened.
[E 16:49:24 77692] Setting tag c-compilation-happened
[E 16:49:24 77692] Starting from CODEQL_TRACER_DB_ID 0000000000012F7A_0000000000000001
[E 16:49:24 77692] Locking DB /Users/sheenie/Desktop/my_cases/taint+buffer_trimmed/cwe121-db/working/tags.db
[E 16:49:24 77692] Locked DB /Users/sheenie/Desktop/my_cases/taint+buffer_trimmed/cwe121-db/working/tags.db
[E 16:49:24 77692] Set tag for 0000000000012F7A_0000000000000001
[E 16:49:24 77692] Set tag for 0000000000012F78_0000000000000002
[E 16:49:24 77692] Set tag for 0000000000012F78_0000000000000001
[E 16:49:24 77692] Set tag for 0000000000012F77_0000000000000001
[E 16:49:24 77692] Set tag for 0000000000012F76_0000000000000001
[E 16:49:24 77692] Set tag for 0000000000012E85_0000000000000004
[E 16:49:24 77692] Set tag for 0000000000012E85_0000000000000003
[E 16:49:24 77692] Set tag for 0000000000012E85_0000000000000002
[E 16:49:24 77692] Set tag for root
[E 16:49:24 77692] Unlocking DB
[E 16:49:24 77692] Unlocked DB
[E 16:49:24 77692] Extractor exited successfully
[T 16:49:24 77690] Extractor /Users/sheenie/Desktop/codeql/cpp/tools/osx64/extractor terminated with exit code 0.
[T 16:49:24 77693] Attempting to switch stdout/stderr to 4...
[T 16:49:24 77693] Initializing tracer.
[T 16:49:24 77693] Initializing tags.
[T 16:49:24 77693] ID set to 0000000000012F7D_0000000000000001 (parent 0000000000012F78_0000000000000002)
[E 16:49:24 77693] CodeQL C/C++ Extractor 2.25.4
[E 16:49:24 77693] Current directory: /Users/sheenie/Desktop/my_cases/taint+buffer_trimmed
[E 16:49:24 77693] Command: /Users/sheenie/Desktop/codeql/cpp/tools/osx64/extractor --mimic /library/developer/commandlinetools/usr/bin/clang -c CWE122_Heap_Based_Buffer_Overflow__char_type_overrun_memcpy_01.c
[E 16:49:24 77693] Checking whether C compilation already happened.
[E 16:49:24 77693] Checking for tag c-compilation-happened
[E 16:49:24 77693] Checking CODEQL_TRACER_DB_ID 0000000000012F78_0000000000000002
[E 16:49:24 77693] Locking DB /Users/sheenie/Desktop/my_cases/taint+buffer_trimmed/cwe121-db/working/tags.db
[E 16:49:24 77693] Locked DB /Users/sheenie/Desktop/my_cases/taint+buffer_trimmed/cwe121-db/working/tags.db
[E 16:49:24 77693] Unlocking DB
[E 16:49:24 77693] Unlocked DB
[E 16:49:24 77693] Exiting as C compilation already happened.
[T 16:49:24 77688] Extractor /Users/sheenie/Desktop/codeql/cpp/tools/osx64/extractor terminated with exit code 0.
[T 16:49:24 77694] Attempting to switch stdout/stderr to 4...
[T 16:49:24 77694] Initializing tracer.
[T 16:49:24 77694] Initializing tags.
[T 16:49:24 77694] ID set to 0000000000012F7E_0000000000000001 (parent 0000000000012F77_0000000000000001)
[E 16:49:24 77694] CodeQL C/C++ Extractor 2.25.4
[E 16:49:24 77694] Current directory: /Users/sheenie/Desktop/my_cases/taint+buffer_trimmed
[E 16:49:24 77694] Command: /Users/sheenie/Desktop/codeql/cpp/tools/osx64/extractor --mimic /library/developer/commandlinetools/usr/bin/gcc -c CWE122_Heap_Based_Buffer_Overflow__char_type_overrun_memcpy_01.c
[E 16:49:24 77694] Checking whether C compilation already happened.
[E 16:49:24 77694] Checking for tag c-compilation-happened
[E 16:49:24 77694] Checking CODEQL_TRACER_DB_ID 0000000000012F77_0000000000000001
[E 16:49:24 77694] Locking DB /Users/sheenie/Desktop/my_cases/taint+buffer_trimmed/cwe121-db/working/tags.db
[E 16:49:24 77694] Locked DB /Users/sheenie/Desktop/my_cases/taint+buffer_trimmed/cwe121-db/working/tags.db
[E 16:49:24 77694] Unlocking DB
[E 16:49:24 77694] Unlocked DB
[E 16:49:24 77694] Exiting as C compilation already happened.
[T 16:49:24 77687] Extractor /Users/sheenie/Desktop/codeql/cpp/tools/osx64/extractor terminated with exit code 0.
[T 16:49:24 77695] Attempting to switch stdout/stderr to 4...
[T 16:49:24 77695] Initializing tracer.
[T 16:49:24 77695] Initializing tags.
[T 16:49:24 77695] ID set to 0000000000012F7F_0000000000000001 (parent 0000000000012F76_0000000000000001)
[E 16:49:24 77695] CodeQL C/C++ Extractor 2.25.4
[E 16:49:24 77695] Current directory: /Users/sheenie/Desktop/my_cases/taint+buffer_trimmed
[E 16:49:24 77695] Command: /Users/sheenie/Desktop/codeql/cpp/tools/osx64/extractor --mimic /usr/bin/gcc -c CWE122_Heap_Based_Buffer_Overflow__char_type_overrun_memcpy_01.c
[E 16:49:24 77695] Checking whether C compilation already happened.
[E 16:49:24 77695] Checking for tag c-compilation-happened
[E 16:49:24 77695] Checking CODEQL_TRACER_DB_ID 0000000000012F76_0000000000000001
[E 16:49:24 77695] Locking DB /Users/sheenie/Desktop/my_cases/taint+buffer_trimmed/cwe121-db/working/tags.db
[E 16:49:24 77695] Locked DB /Users/sheenie/Desktop/my_cases/taint+buffer_trimmed/cwe121-db/working/tags.db
[E 16:49:24 77695] Unlocking DB
[E 16:49:24 77695] Unlocked DB
[E 16:49:24 77695] Exiting as C compilation already happened.
[T 16:49:24 77686] Extractor /Users/sheenie/Desktop/codeql/cpp/tools/osx64/extractor terminated with exit code 0.
[T 16:49:24 77696] Initializing tracer.
[T 16:49:24 77696] Initializing tags.
[T 16:49:24 77696] ID set to 0000000000012F80_0000000000000001 (parent 0000000000012E85_0000000000000004)
[T 16:49:24 77696] ==== Candidate to intercept: /usr/bin/gcc (canonical: /usr/bin/gcc) ====
[T 16:49:24 77696] Lua: === Intercepted call to /usr/bin/gcc ===
[T 16:49:24 77696] Executing the following tracer actions:
[T 16:49:24 77696] Tracer actions:
[T 16:49:24 77696] pre_invocations(0)
[T 16:49:24 77696] post_invocations(1)
[T 16:49:24 77696] invocation: /Users/sheenie/Desktop/codeql/cpp/tools/osx64/extractor, args: [--mimic, /usr/bin/gcc, -c, CWE122_Heap_Based_Buffer_Overflow__char_type_overrun_memcpy_02.c]
[T 16:49:24 77696] trace_languages(1): [cpp]
[T 16:49:24 77697] Initializing tracer.
[T 16:49:24 77697] Initializing tags.
[T 16:49:24 77697] ID set to 0000000000012F81_0000000000000001 (parent 0000000000012F80_0000000000000001)
[T 16:49:24 77697] ==== Candidate to intercept: /Library/Developer/CommandLineTools/usr/bin/gcc (canonical: /Library/Developer/CommandLineTools/usr/bin/gcc) ====
[T 16:49:24 77697] Lua: === Intercepted call to /library/developer/commandlinetools/usr/bin/gcc ===
[T 16:49:24 77697] Executing the following tracer actions:
[T 16:49:24 77697] Tracer actions:
[T 16:49:24 77697] pre_invocations(0)
[T 16:49:24 77697] post_invocations(1)
[T 16:49:24 77697] invocation: /Users/sheenie/Desktop/codeql/cpp/tools/osx64/extractor, args: [--mimic, /library/developer/commandlinetools/usr/bin/gcc, -c, CWE122_Heap_Based_Buffer_Overflow__char_type_overrun_memcpy_02.c]
[T 16:49:24 77697] trace_languages(1): [cpp]
[T 16:49:24 77698] Initializing tracer.
[T 16:49:24 77698] Initializing tags.
[T 16:49:24 77698] ID set to 0000000000012F82_0000000000000001 (parent 0000000000012F81_0000000000000001)
[T 16:49:24 77698] ==== Candidate to intercept: /usr/bin/xcrun (canonical: /usr/bin/xcrun) ====
[T 16:49:25 77698] Executing the following tracer actions:
[T 16:49:25 77698] Tracer actions:
[T 16:49:25 77698] pre_invocations(0)
[T 16:49:25 77698] post_invocations(0)
[T 16:49:25 77698] trace_languages(1): [cpp]
[T 16:49:25 77698] Initializing tracer.
[T 16:49:25 77698] Initializing tags.
[T 16:49:25 77698] ID set to 0000000000012F82_0000000000000002 (parent 0000000000012F82_0000000000000001)
[T 16:49:25 77698] ==== Candidate to intercept: /Library/Developer/CommandLineTools/usr/bin/clang (canonical: /Library/Developer/CommandLineTools/usr/bin/clang) ====
[T 16:49:25 77698] Lua: === Intercepted call to /library/developer/commandlinetools/usr/bin/clang ===
[T 16:49:25 77698] Executing the following tracer actions:
[T 16:49:25 77698] Tracer actions:
[T 16:49:25 77698] pre_invocations(0)
[T 16:49:25 77698] post_invocations(1)
[T 16:49:25 77698] invocation: /Users/sheenie/Desktop/codeql/cpp/tools/osx64/extractor, args: [--mimic, /library/developer/commandlinetools/usr/bin/clang, -c, CWE122_Heap_Based_Buffer_Overflow__char_type_overrun_memcpy_02.c]
[T 16:49:25 77698] trace_languages(1): [cpp]
[T 16:49:25 77700] Initializing tracer.
[T 16:49:25 77700] Initializing tags.
[T 16:49:25 77700] ID set to 0000000000012F84_0000000000000001 (parent 0000000000012F82_0000000000000002)
[T 16:49:25 77700] ==== Candidate to intercept: /Library/Developer/CommandLineTools/usr/bin/clang (canonical: /Library/Developer/CommandLineTools/usr/bin/clang) ====
[T 16:49:25 77700] Lua: === Intercepted call to /library/developer/commandlinetools/usr/bin/clang ===
[T 16:49:25 77700] Executing the following tracer actions:
[T 16:49:25 77700] Tracer actions:
[T 16:49:25 77700] pre_invocations(0)
[T 16:49:25 77700] post_invocations(1)
[T 16:49:25 77700] invocation: /Users/sheenie/Desktop/codeql/cpp/tools/osx64/extractor, args: [--mimic, /library/developer/commandlinetools/usr/bin/clang, -cc1, -triple, x86_64-apple-macosx14.4.0, -Wundef-prefix=TARGET_OS_, -Wdeprecated-objc-isa-usage, -Werror=deprecated-objc-isa-usage, -Werror=implicit-function-declaration, -emit-obj, -mrelax-all, --mrelax-relocations, -disable-free, -clear-ast-before-backend, -disable-llvm-verifier, -discard-value-names, -main-file-name, CWE122_Heap_Based_Buffer_Overflow__char_type_overrun_memcpy_02.c, -mrelocation-model, pic, -pic-level, 2, -mframe-pointer=all, -fno-strict-return, -ffp-contract=on, -fno-rounding-math, -funwind-tables=2, -target-sdk-version=14.4, -fvisibility-inlines-hidden-static-local-var, -target-cpu, penryn, -tune-cpu, generic, -debugger-tuning=lldb, -target-linker-version, 1053.12, -fcoverage-compilation-dir=/Users/sheenie/Desktop/my_cases/taint+buffer_trimmed, -resource-dir, /Library/Developer/CommandLineTools/usr/lib/clang/15.0.0, -isysroot, /Library/Developer/CommandLineTools/SDKs/MacOSX.sdk, -I/usr/local/include, -internal-isystem, /Library/Developer/CommandLineTools/SDKs/MacOSX.sdk/usr/local/include, -internal-isystem, /Library/Developer/CommandLineTools/usr/lib/clang/15.0.0/include, -internal-externc-isystem, /Library/Developer/CommandLineTools/SDKs/MacOSX.sdk/usr/include, -internal-externc-isystem, /Library/Developer/CommandLineTools/usr/include, -Wno-reorder-init-list, -Wno-implicit-int-float-conversion, -Wno-c99-designator, -Wno-final-dtor-non-final-class, -Wno-extra-semi-stmt, -Wno-misleading-indentation, -Wno-quoted-include-in-framework-header, -Wno-implicit-fallthrough, -Wno-enum-enum-conversion, -Wno-enum-float-conversion, -Wno-elaborated-enum-base, -Wno-reserved-identifier, -Wno-gnu-folding-constant, -fdebug-compilation-dir=/Users/sheenie/Desktop/my_cases/taint+buffer_trimmed, -ferror-limit, 19, -stack-protector, 1, -fstack-check, -mdarwin-stkchk-strong-link, -fblocks, -fencode-extended-block-signature, -fregister-global-dtors-with-atexit, -fgnuc-version=4.2.1, -fmax-type-align=16, -fcommon, -clang-vendor-feature=+disableNonDependentMemberExprInCurrentInstantiation, -fno-odr-hash-protocols, -clang-vendor-feature=+enableAggressiveVLAFolding, -clang-vendor-feature=+revert09abecef7bbf, -clang-vendor-feature=+thisNoAlignAttr, -clang-vendor-feature=+thisNoNullAttr, -mllvm, -disable-aligned-alloc-awareness=1, -D__GCC_HAVE_DWARF2_CFI_ASM=1, -o, CWE122_Heap_Based_Buffer_Overflow__char_type_overrun_memcpy_02.o, -x, c, CWE122_Heap_Based_Buffer_Overflow__char_type_overrun_memcpy_02.c]
[T 16:49:25 77700] trace_languages(1): [cpp]
[T 16:49:25 77702] Attempting to switch stdout/stderr to 4...
[T 16:49:25 77702] Initializing tracer.
[T 16:49:25 77702] Initializing tags.
[T 16:49:25 77702] ID set to 0000000000012F86_0000000000000001 (parent 0000000000012F84_0000000000000001)
[E 16:49:25 77702] CodeQL C/C++ Extractor 2.25.4
[E 16:49:25 77702] Current directory: /Users/sheenie/Desktop/my_cases/taint+buffer_trimmed
[E 16:49:25 77702] Command: /Users/sheenie/Desktop/codeql/cpp/tools/osx64/extractor --mimic /library/developer/commandlinetools/usr/bin/clang -cc1 -triple x86_64-apple-macosx14.4.0 -Wundef-prefix=TARGET_OS_ -Wdeprecated-objc-isa-usage -Werror=deprecated-objc-isa-usage -Werror=implicit-function-declaration -emit-obj -mrelax-all --mrelax-relocations -disable-free -clear-ast-before-backend -disable-llvm-verifier -discard-value-names -main-file-name CWE122_Heap_Based_Buffer_Overflow__char_type_overrun_memcpy_02.c -mrelocation-model pic -pic-level 2 -mframe-pointer=all -fno-strict-return -ffp-contract=on -fno-rounding-math -funwind-tables=2 -target-sdk-version=14.4 -fvisibility-inlines-hidden-static-local-var -target-cpu penryn -tune-cpu generic -debugger-tuning=lldb -target-linker-version 1053.12 -fcoverage-compilation-dir=/Users/sheenie/Desktop/my_cases/taint+buffer_trimmed -resource-dir /Library/Developer/CommandLineTools/usr/lib/clang/15.0.0 -isysroot /Library/Developer/CommandLineTools/SDKs/MacOSX.sdk -I/usr/local/include -internal-isystem /Library/Developer/CommandLineTools/SDKs/MacOSX.sdk/usr/local/include -internal-isystem /Library/Developer/CommandLineTools/usr/lib/clang/15.0.0/include -internal-externc-isystem /Library/Developer/CommandLineTools/SDKs/MacOSX.sdk/usr/include -internal-externc-isystem /Library/Developer/CommandLineTools/usr/include -Wno-reorder-init-list -Wno-implicit-int-float-conversion -Wno-c99-designator -Wno-final-dtor-non-final-class -Wno-extra-semi-stmt -Wno-misleading-indentation -Wno-quoted-include-in-framework-header -Wno-implicit-fallthrough -Wno-enum-enum-conversion -Wno-enum-float-conversion -Wno-elaborated-enum-base -Wno-reserved-identifier -Wno-gnu-folding-constant -fdebug-compilation-dir=/Users/sheenie/Desktop/my_cases/taint+buffer_trimmed -ferror-limit 19 -stack-protector 1 -fstack-check -mdarwin-stkchk-strong-link -fblocks -fencode-extended-block-signature -fregister-global-dtors-with-atexit -fgnuc-version=4.2.1 -fmax-type-align=16 -fcommon -clang-vendor-feature=+disableNonDependentMemberExprInCurrentInstantiation -fno-odr-hash-protocols -clang-vendor-feature=+enableAggressiveVLAFolding -clang-vendor-feature=+revert09abecef7bbf -clang-vendor-feature=+thisNoAlignAttr -clang-vendor-feature=+thisNoNullAttr -mllvm -disable-aligned-alloc-awareness=1 -D__GCC_HAVE_DWARF2_CFI_ASM=1 -o CWE122_Heap_Based_Buffer_Overflow__char_type_overrun_memcpy_02.o -x c CWE122_Heap_Based_Buffer_Overflow__char_type_overrun_memcpy_02.c
[E 16:49:25 77702] Warning: Unrecognized command line argument -mllvm
[E 16:49:25 77702] Warning: Unrecognized command line argument -disable-aligned-alloc-awareness=1
[E 16:49:25 77702] Checking whether C compilation already happened.
[E 16:49:25 77702] Checking for tag c-compilation-happened
[E 16:49:25 77702] Checking CODEQL_TRACER_DB_ID 0000000000012F84_0000000000000001
[E 16:49:25 77702] Locking DB /Users/sheenie/Desktop/my_cases/taint+buffer_trimmed/cwe121-db/working/tags.db
[E 16:49:25 77702] Locked DB /Users/sheenie/Desktop/my_cases/taint+buffer_trimmed/cwe121-db/working/tags.db
[E 16:49:25 77702] Unlocking DB
[E 16:49:25 77702] Unlocked DB
[E 16:49:25 77702] Looks like C compilation didn't already happen.
[E 16:49:25 77702] Checking whether C compilation has been attempted.
[E 16:49:25 77702] Checking for tag c-compilation-attempted
[E 16:49:25 77702] Checking CODEQL_TRACER_DB_ID 0000000000012F84_0000000000000001
[E 16:49:25 77702] Locking DB /Users/sheenie/Desktop/my_cases/taint+buffer_trimmed/cwe121-db/working/tags.db
[E 16:49:25 77702] Locked DB /Users/sheenie/Desktop/my_cases/taint+buffer_trimmed/cwe121-db/working/tags.db
[E 16:49:25 77702] Unlocking DB
[E 16:49:25 77702] Unlocked DB
[E 16:49:25 77702] Marking C compilation as attempted.
[E 16:49:25 77702] Setting tag c-compilation-attempted
[E 16:49:25 77702] Starting from CODEQL_TRACER_DB_ID 0000000000012F84_0000000000000001
[E 16:49:25 77702] Locking DB /Users/sheenie/Desktop/my_cases/taint+buffer_trimmed/cwe121-db/working/tags.db
[E 16:49:25 77702] Locked DB /Users/sheenie/Desktop/my_cases/taint+buffer_trimmed/cwe121-db/working/tags.db
[E 16:49:25 77702] Set tag for 0000000000012F84_0000000000000001
[E 16:49:25 77702] Set tag for 0000000000012F82_0000000000000002
[E 16:49:25 77702] Set tag for 0000000000012F82_0000000000000001
[E 16:49:25 77702] Set tag for 0000000000012F81_0000000000000001
[E 16:49:25 77702] Set tag for 0000000000012F80_0000000000000001
[E 16:49:25 77702] Set tag for 0000000000012E85_0000000000000004
[E 16:49:25 77702] Set tag for 0000000000012E85_0000000000000003
[E 16:49:25 77702] Set tag for 0000000000012E85_0000000000000002
[E 16:49:25 77702] Set tag for root
[E 16:49:25 77702] Unlocking DB
[E 16:49:25 77702] Unlocked DB
[E 16:49:25 77702] Processed command line: /Users/sheenie/Desktop/codeql/cpp/tools/osx64/extractor --trapfolder /Users/sheenie/Desktop/my_cases/taint+buffer_trimmed/cwe121-db/trap/cpp --src_archive /Users/sheenie/Desktop/my_cases/taint+buffer_trimmed/cwe121-db/src --object_filename CWE122_Heap_Based_Buffer_Overflow__char_type_overrun_memcpy_02.o --no_warnings_and_discretionary_errors --error_limit 1000 --disable_system_macros --variadic_macros --incognito --gcc --clang_version 160000 --gnu_version 40801 --has_feature_vector 11111111111111111000000000000000000000000000000000000000000000000000011 --clang --target linux_x86_64 -D_LP64=1 -D__APPLE_CC__=6000 -D__APPLE__=1 -D__ATOMIC_ACQUIRE=2 -D__ATOMIC_ACQ_REL=4 -D__ATOMIC_CONSUME=1 -D__ATOMIC_RELAXED=0 -D__ATOMIC_RELEASE=3 -D__ATOMIC_SEQ_CST=5 -D__BIGGEST_ALIGNMENT__=16 -D__BITINT_MAXWIDTH__=128 -D__BLOCKS__=1 -D__BOOL_WIDTH__=8 -D__BYTE_ORDER__=__ORDER_LITTLE_ENDIAN__ -D__CHAR_BIT__=8 -D__CLANG_ATOMIC_BOOL_LOCK_FREE=2 -D__CLANG_ATOMIC_CHAR16_T_LOCK_FREE=2 -D__CLANG_ATOMIC_CHAR32_T_LOCK_FREE=2 -D__CLANG_ATOMIC_CHAR_LOCK_FREE=2 -D__CLANG_ATOMIC_INT_LOCK_FREE=2 -D__CLANG_ATOMIC_LLONG_LOCK_FREE=2 -D__CLANG_ATOMIC_LONG_LOCK_FREE=2 -D__CLANG_ATOMIC_POINTER_LOCK_FREE=2 -D__CLANG_ATOMIC_SHORT_LOCK_FREE=2 -D__CLANG_ATOMIC_WCHAR_T_LOCK_FREE=2 -D__CONSTANT_CFSTRINGS__=1 -D__DBL_DECIMAL_DIG__=17 -D__DBL_DENORM_MIN__=4.9406564584124654e-324 -D__DBL_DIG__=15 -D__DBL_EPSILON__=2.2204460492503131e-16 -D__DBL_HAS_DENORM__=1 -D__DBL_HAS_INFINITY__=1 -D__DBL_HAS_QUIET_NAN__=1 -D__DBL_MANT_DIG__=53 -D__DBL_MAX_10_EXP__=308 -D__DBL_MAX_EXP__=1024 -D__DBL_MAX__=1.7976931348623157e+308 '-D__DBL_MIN_10_EXP__=(-307)' '-D__DBL_MIN_EXP__=(-1021)' -D__DBL_MIN__=2.2250738585072014e-308 -D__DECIMAL_DIG__=__LDBL_DECIMAL_DIG__ -D__DYNAMIC__=1 -D__ENVIRONMENT_MAC_OS_X_VERSION_MIN_REQUIRED__=140400 -D__ENVIRONMENT_OS_VERSION_MIN_REQUIRED__=140400 -D__FINITE_MATH_ONLY__=0 -D__FLT16_DECIMAL_DIG__=5 -D__FLT16_DENORM_MIN__=5.9604644775390625e-8F16 -D__FLT16_DIG__=3 -D__FLT16_EPSILON__=9.765625e-4F16 -D__FLT16_HAS_DENORM__=1 -D__FLT16_HAS_INFINITY__=1 -D__FLT16_HAS_QUIET_NAN__=1 -D__FLT16_MANT_DIG__=11 -D__FLT16_MAX_10_EXP__=4 -D__FLT16_MAX_EXP__=16 -D__FLT16_MAX__=6.5504e+4F16 '-D__FLT16_MIN_10_EXP__=(-4)' '-D__FLT16_MIN_EXP__=(-13)' -D__FLT16_MIN__=6.103515625e-5F16 -D__FLT_DECIMAL_DIG__=9 -D__FLT_DENORM_MIN__=1.40129846e-45F -D__FLT_DIG__=6 -D__FLT_EPSILON__=1.19209290e-7F -D__FLT_HAS_DENORM__=1 -D__FLT_HAS_INFINITY__=1 -D__FLT_HAS_QUIET_NAN__=1 -D__FLT_MANT_DIG__=24 -D__FLT_MAX_10_EXP__=38 -D__FLT_MAX_EXP__=128 -D__FLT_MAX__=3.40282347e+38F '-D__FLT_MIN_10_EXP__=(-37)' '-D__FLT_MIN_EXP__=(-125)' -D__FLT_MIN__=1.17549435e-38F -D__FLT_RADIX__=2 -D__FXSR__=1 -D__GCC_ASM_FLAG_OUTPUTS__=1 -D__GCC_ATOMIC_BOOL_LOCK_FREE=2 -D__GCC_ATOMIC_CHAR16_T_LOCK_FREE=2 -D__GCC_ATOMIC_CHAR32_T_LOCK_FREE=2 -D__GCC_ATOMIC_CHAR_LOCK_FREE=2 -D__GCC_ATOMIC_INT_LOCK_FREE=2 -D__GCC_ATOMIC_LLONG_LOCK_FREE=2 -D__GCC_ATOMIC_LONG_LOCK_FREE=2 -D__GCC_ATOMIC_POINTER_LOCK_FREE=2 -D__GCC_ATOMIC_SHORT_LOCK_FREE=2 -D__GCC_ATOMIC_TEST_AND_SET_TRUEVAL=1 -D__GCC_ATOMIC_WCHAR_T_LOCK_FREE=2 -D__GCC_HAVE_SYNC_COMPARE_AND_SWAP_1=1 -D__GCC_HAVE_SYNC_COMPARE_AND_SWAP_16=1 -D__GCC_HAVE_SYNC_COMPARE_AND_SWAP_2=1 -D__GCC_HAVE_SYNC_COMPARE_AND_SWAP_4=1 -D__GCC_HAVE_SYNC_COMPARE_AND_SWAP_8=1 -D__GNUC_MINOR__=2 -D__GNUC_PATCHLEVEL__=1 -D__GNUC__=4 -D__GXX_ABI_VERSION=1002 -D__INT16_C_SUFFIX__= '-D__INT16_FMTd__="hd"' '-D__INT16_FMTi__="hi"' -D__INT16_MAX__=32767 -D__INT16_TYPE__=short -D__INT32_C_SUFFIX__= '-D__INT32_FMTd__="d"' '-D__INT32_FMTi__="i"' -D__INT32_MAX__=2147483647 -D__INT32_TYPE__=int -D__INT64_C_SUFFIX__=LL '-D__INT64_FMTd__="lld"' '-D__INT64_FMTi__="lli"' -D__INT64_MAX__=9223372036854775807LL '-D__INT64_TYPE__=long long int' -D__INT8_C_SUFFIX__= '-D__INT8_FMTd__="hhd"' '-D__INT8_FMTi__="hhi"' -D__INT8_MAX__=127 '-D__INT8_TYPE__=signed char' -D__INTMAX_C_SUFFIX__=L '-D__INTMAX_FMTd__="ld"' '-D__INTMAX_FMTi__="li"' -D__INTMAX_MAX__=9223372036854775807L '-D__INTMAX_TYPE__=long int' -D__INTMAX_WIDTH__=64 '-D__INTPTR_FMTd__="ld"' '-D__INTPTR_FMTi__="li"' -D__INTPTR_MAX__=9223372036854775807L '-D__INTPTR_TYPE__=long int' -D__INTPTR_WIDTH__=64 '-D__INT_FAST16_FMTd__="hd"' '-D__INT_FAST16_FMTi__="hi"' -D__INT_FAST16_MAX__=32767 -D__INT_FAST16_TYPE__=short -D__INT_FAST16_WIDTH__=16 '-D__INT_FAST32_FMTd__="d"' '-D__INT_FAST32_FMTi__="i"' -D__INT_FAST32_MAX__=2147483647 -D__INT_FAST32_TYPE__=int -D__INT_FAST32_WIDTH__=32 '-D__INT_FAST64_FMTd__="lld"' '-D__INT_FAST64_FMTi__="lli"' -D__INT_FAST64_MAX__=9223372036854775807LL '-D__INT_FAST64_TYPE__=long long int' -D__INT_FAST64_WIDTH__=64 '-D__INT_FAST8_FMTd__="hhd"' '-D__INT_FAST8_FMTi__="hhi"' -D__INT_FAST8_MAX__=127 '-D__INT_FAST8_TYPE__=signed char' -D__INT_FAST8_WIDTH__=8 '-D__INT_LEAST16_FMTd__="hd"' '-D__INT_LEAST16_FMTi__="hi"' -D__INT_LEAST16_MAX__=32767 -D__INT_LEAST16_TYPE__=short -D__INT_LEAST16_WIDTH__=16 '-D__INT_LEAST32_FMTd__="d"' '-D__INT_LEAST32_FMTi__="i"' -D__INT_LEAST32_MAX__=2147483647 -D__INT_LEAST32_TYPE__=int -D__INT_LEAST32_WIDTH__=32 '-D__INT_LEAST64_FMTd__="lld"' '-D__INT_LEAST64_FMTi__="lli"' -D__INT_LEAST64_MAX__=9223372036854775807LL '-D__INT_LEAST64_TYPE__=long long int' -D__INT_LEAST64_WIDTH__=64 '-D__INT_LEAST8_FMTd__="hhd"' '-D__INT_LEAST8_FMTi__="hhi"' -D__INT_LEAST8_MAX__=127 '-D__INT_LEAST8_TYPE__=signed char' -D__INT_LEAST8_WIDTH__=8 -D__INT_MAX__=2147483647 -D__INT_WIDTH__=32 -D__LAHF_SAHF__=1 -D__LDBL_DECIMAL_DIG__=21 -D__LDBL_DENORM_MIN__=3.64519953188247460253e-4951L -D__LDBL_DIG__=18 -D__LDBL_EPSILON__=1.08420217248550443401e-19L -D__LDBL_HAS_DENORM__=1 -D__LDBL_HAS_INFINITY__=1 -D__LDBL_HAS_QUIET_NAN__=1 -D__LDBL_MANT_DIG__=64 -D__LDBL_MAX_10_EXP__=4932 -D__LDBL_MAX_EXP__=16384 -D__LDBL_MAX__=1.18973149535723176502e+4932L '-D__LDBL_MIN_10_EXP__=(-4931)' '-D__LDBL_MIN_EXP__=(-16381)' -D__LDBL_MIN__=3.36210314311209350626e-4932L -D__LITTLE_ENDIAN__=1 -D__LLONG_WIDTH__=64 -D__LONG_LONG_MAX__=9223372036854775807LL -D__LONG_MAX__=9223372036854775807L -D__LONG_WIDTH__=64 -D__LP64__=1 -D__MACH__=1 -D__MMX__=1 -D__NO_INLINE__=1 -D__NO_MATH_ERRNO__=1 -D__NO_MATH_INLINES=1 -D__OBJC_BOOL_IS_BOOL=0 -D__OPENCL_MEMORY_SCOPE_ALL_SVM_DEVICES=3 -D__OPENCL_MEMORY_SCOPE_DEVICE=2 -D__OPENCL_MEMORY_SCOPE_SUB_GROUP=4 -D__OPENCL_MEMORY_SCOPE_WORK_GROUP=1 -D__OPENCL_MEMORY_SCOPE_WORK_ITEM=0 -D__ORDER_BIG_ENDIAN__=4321 -D__ORDER_LITTLE_ENDIAN__=1234 -D__ORDER_PDP_ENDIAN__=3412 -D__PIC__=2 -D__POINTER_WIDTH__=64 -D__PRAGMA_REDEFINE_EXTNAME=1 '-D__PTRDIFF_FMTd__="ld"' '-D__PTRDIFF_FMTi__="li"' -D__PTRDIFF_MAX__=9223372036854775807L '-D__PTRDIFF_TYPE__=long int' -D__PTRDIFF_WIDTH__=64 -D__REGISTER_PREFIX__= -D__SCHAR_MAX__=127 -D__SEG_FS=1 -D__SEG_GS=1 -D__SHRT_MAX__=32767 -D__SHRT_WIDTH__=16 -D__SIG_ATOMIC_MAX__=2147483647 -D__SIG_ATOMIC_WIDTH__=32 -D__SIZEOF_DOUBLE__=8 -D__SIZEOF_FLOAT__=4 -D__SIZEOF_INT128__=16 -D__SIZEOF_INT__=4 -D__SIZEOF_LONG_DOUBLE__=16 -D__SIZEOF_LONG_LONG__=8 -D__SIZEOF_LONG__=8 -D__SIZEOF_POINTER__=8 -D__SIZEOF_PTRDIFF_T__=8 -D__SIZEOF_SHORT__=2 -D__SIZEOF_SIZE_T__=8 -D__SIZEOF_WCHAR_T__=4 -D__SIZEOF_WINT_T__=4 '-D__SIZE_FMTX__="lX"' '-D__SIZE_FMTo__="lo"' '-D__SIZE_FMTu__="lu"' '-D__SIZE_FMTx__="lx"' -D__SIZE_MAX__=18446744073709551615UL '-D__SIZE_TYPE__=long unsigned int' -D__SIZE_WIDTH__=64 -D__SSE2_MATH__=1 -D__SSE2__=1 -D__SSE3__=1 -D__SSE4_1__=1 -D__SSE_MATH__=1 -D__SSE__=1 -D__SSSE3__=1 -D__STDC_NO_THREADS__=1 -D__STDC_UTF_16__=1 -D__STDC_UTF_32__=1 -D__UINT16_C_SUFFIX__= '-D__UINT16_FMTX__="hX"' '-D__UINT16_FMTo__="ho"' '-D__UINT16_FMTu__="hu"' '-D__UINT16_FMTx__="hx"' -D__UINT16_MAX__=65535 '-D__UINT16_TYPE__=unsigned short' -D__UINT32_C_SUFFIX__=U '-D__UINT32_FMTX__="X"' '-D__UINT32_FMTo__="o"' '-D__UINT32_FMTu__="u"' '-D__UINT32_FMTx__="x"' -D__UINT32_MAX__=4294967295U '-D__UINT32_TYPE__=unsigned int' -D__UINT64_C_SUFFIX__=ULL '-D__UINT64_FMTX__="llX"' '-D__UINT64_FMTo__="llo"' '-D__UINT64_FMTu__="llu"' '-D__UINT64_FMTx__="llx"' -D__UINT64_MAX__=18446744073709551615ULL '-D__UINT64_TYPE__=long long unsigned int' -D__UINT8_C_SUFFIX__= '-D__UINT8_FMTX__="hhX"' '-D__UINT8_FMTo__="hho"' '-D__UINT8_FMTu__="hhu"' '-D__UINT8_FMTx__="hhx"' -D__UINT8_MAX__=255 '-D__UINT8_TYPE__=unsigned char' -D__UINTMAX_C_SUFFIX__=UL '-D__UINTMAX_FMTX__="lX"' '-D__UINTMAX_FMTo__="lo"' '-D__UINTMAX_FMTu__="lu"' '-D__UINTMAX_FMTx__="lx"' -D__UINTMAX_MAX__=18446744073709551615UL '-D__UINTMAX_TYPE__=long unsigned int' -D__UINTMAX_WIDTH__=64 '-D__UINTPTR_FMTX__="lX"' '-D__UINTPTR_FMTo__="lo"' '-D__UINTPTR_FMTu__="lu"' '-D__UINTPTR_FMTx__="lx"' -D__UINTPTR_MAX__=18446744073709551615UL '-D__UINTPTR_TYPE__=long unsigned int' -D__UINTPTR_WIDTH__=64 '-D__UINT_FAST16_FMTX__="hX"' '-D__UINT_FAST16_FMTo__="ho"' '-D__UINT_FAST16_FMTu__="hu"' '-D__UINT_FAST16_FMTx__="hx"' -D__UINT_FAST16_MAX__=65535 '-D__UINT_FAST16_TYPE__=unsigned short' '-D__UINT_FAST32_FMTX__="X"' '-D__UINT_FAST32_FMTo__="o"' '-D__UINT_FAST32_FMTu__="u"' '-D__UINT_FAST32_FMTx__="x"' -D__UINT_FAST32_MAX__=4294967295U '-D__UINT_FAST32_TYPE__=unsigned int' '-D__UINT_FAST64_FMTX__="llX"' '-D__UINT_FAST64_FMTo__="llo"' '-D__UINT_FAST64_FMTu__="llu"' '-D__UINT_FAST64_FMTx__="llx"' -D__UINT_FAST64_MAX__=18446744073709551615ULL '-D__UINT_FAST64_TYPE__=long long unsigned int' '-D__UINT_FAST8_FMTX__="hhX"' '-D__UINT_FAST8_FMTo__="hho"' '-D__UINT_FAST8_FMTu__="hhu"' '-D__UINT_FAST8_FMTx__="hhx"' -D__UINT_FAST8_MAX__=255 '-D__UINT_FAST8_TYPE__=unsigned char' '-D__UINT_LEAST16_FMTX__="hX"' '-D__UINT_LEAST16_FMTo__="ho"' '-D__UINT_LEAST16_FMTu__="hu"' '-D__UINT_LEAST16_FMTx__="hx"' -D__UINT_LEAST16_MAX__=65535 '-D__UINT_LEAST16_TYPE__=unsigned short' '-D__UINT_LEAST32_FMTX__="X"' '-D__UINT_LEAST32_FMTo__="o"' '-D__UINT_LEAST32_FMTu__="u"' '-D__UINT_LEAST32_FMTx__="x"' -D__UINT_LEAST32_MAX__=4294967295U '-D__UINT_LEAST32_TYPE__=unsigned int' '-D__UINT_LEAST64_FMTX__="llX"' '-D__UINT_LEAST64_FMTo__="llo"' '-D__UINT_LEAST64_FMTu__="llu"' '-D__UINT_LEAST64_FMTx__="llx"' -D__UINT_LEAST64_MAX__=18446744073709551615ULL '-D__UINT_LEAST64_TYPE__=long long unsigned int' '-D__UINT_LEAST8_FMTX__="hhX"' '-D__UINT_LEAST8_FMTo__="hho"' '-D__UINT_LEAST8_FMTu__="hhu"' '-D__UINT_LEAST8_FMTx__="hhx"' -D__UINT_LEAST8_MAX__=255 '-D__UINT_LEAST8_TYPE__=unsigned char' -D__USER_LABEL_PREFIX__=_ '-D__VERSION__="Apple LLVM 15.0.0 (clang-1500.3.9.4)"' -D__WCHAR_MAX__=2147483647 -D__WCHAR_TYPE__=int -D__WCHAR_WIDTH__=32 -D__WINT_MAX__=2147483647 -D__WINT_TYPE__=int -D__WINT_WIDTH__=32 -D__amd64=1 -D__amd64__=1 -D__apple_build_version__=15000309 '-D__block=__attribute__((__blocks__(byref)))' -D__clang__=1 '-D__clang_literal_encoding__="UTF-8"' -D__clang_major__=15 -D__clang_minor__=0 -D__clang_patchlevel__=0 '-D__clang_version__="15.0.0 (clang-1500.3.9.4)"' '-D__clang_wide_literal_encoding__="UTF-32"' -D__code_model_small__=1 -D__core2=1 -D__core2__=1 -D__llvm__=1 -D__nonnull=_Nonnull -D__null_unspecified=_Null_unspecified -D__nullable=_Nullable -D__pic__=2 '-D__seg_fs=__attribute__((address_space(257)))' '-D__seg_gs=__attribute__((address_space(256)))' -D__strong= -D__tune_core2__=1 -D__unsafe_unretained= '-D__weak=__attribute__((objc_gc(weak)))' -D__x86_64=1 -D__x86_64__=1 '-D__private_extern__=extern __attribute__((visibility("hidden")))' --blocks -D__GCC_HAVE_DWARF2_CFI_ASM=1 -I/usr/local/include -I/Library/Developer/CommandLineTools/usr/lib/clang/15.0.0/include -I/Library/Developer/CommandLineTools/SDKs/MacOSX.sdk/usr/include -I/Library/Developer/CommandLineTools/usr/include -F/Library/Developer/CommandLineTools/SDKs/MacOSX.sdk/System/Library/Frameworks -- CWE122_Heap_Based_Buffer_Overflow__char_type_overrun_memcpy_02.c
[E 16:49:25 77702] CODEQL_EXTRACTOR_CPP_TRAP_CACHING is not set
[E 16:49:25 77702] CODEQL_EXTRACTOR_CPP_OPTION_TRAP_CACHE_WRITE is not set
[E 16:49:25 77702] CODEQL_EXTRACTOR_CPP_OPTION_TRAP_CACHE_DIR is not set
[E 16:49:25 77702] Initialising TRAP cache at path: 5a/8635/35e9d78d8e90a7bd7e756b03e80a
[E 16:49:25 77702] Not using TRAP cache
[E 16:49:25 77702] TRAP cache miss
[E 16:49:25 77702] Starting compilation TRAP /Users/sheenie/Desktop/my_cases/taint+buffer_trimmed/cwe121-db/trap/cpp/compilations/55/61638574_0.trap.zst
[E 16:49:25 77702] Archiving /Users/sheenie/Desktop/my_cases/taint+buffer_trimmed/cwe121-db/src/Users/sheenie/Desktop/my_cases/taint+buffer_trimmed/CWE122_Heap_Based_Buffer_Overflow__char_type_overrun_memcpy_02.c
[E 16:49:25 77702] Already archived /Users/sheenie/Desktop/my_cases/taint+buffer_trimmed/cwe121-db/src/Users/sheenie/Desktop/my_cases/taint+buffer_trimmed/std_testcase.h
[E 16:49:25 77702] Already archived /Users/sheenie/Desktop/my_cases/taint+buffer_trimmed/cwe121-db/src/Library/Developer/CommandLineTools/SDKs/MacOSX14.4.sdk/usr/include/stdio.h
[E 16:49:25 77702] Already archived /Users/sheenie/Desktop/my_cases/taint+buffer_trimmed/cwe121-db/src/Library/Developer/CommandLineTools/SDKs/MacOSX14.4.sdk/usr/include/_stdio.h
[E 16:49:25 77702] Already archived /Users/sheenie/Desktop/my_cases/taint+buffer_trimmed/cwe121-db/src/Library/Developer/CommandLineTools/SDKs/MacOSX14.4.sdk/usr/include/sys/cdefs.h
[E 16:49:25 77702] Already archived /Users/sheenie/Desktop/my_cases/taint+buffer_trimmed/cwe121-db/src/Library/Developer/CommandLineTools/SDKs/MacOSX14.4.sdk/usr/include/sys/_symbol_aliasing.h
[E 16:49:25 77702] Already archived /Users/sheenie/Desktop/my_cases/taint+buffer_trimmed/cwe121-db/src/Library/Developer/CommandLineTools/SDKs/MacOSX14.4.sdk/usr/include/sys/_posix_availability.h
[E 16:49:25 77702] Already archived /Users/sheenie/Desktop/my_cases/taint+buffer_trimmed/cwe121-db/src/Library/Developer/CommandLineTools/SDKs/MacOSX14.4.sdk/usr/include/Availability.h
[E 16:49:25 77702] Already archived /Users/sheenie/Desktop/my_cases/taint+buffer_trimmed/cwe121-db/src/Library/Developer/CommandLineTools/SDKs/MacOSX14.4.sdk/usr/include/AvailabilityVersions.h
[E 16:49:25 77702] Already archived /Users/sheenie/Desktop/my_cases/taint+buffer_trimmed/cwe121-db/src/Library/Developer/CommandLineTools/SDKs/MacOSX14.4.sdk/usr/include/AvailabilityInternal.h
[E 16:49:25 77702] Already archived /Users/sheenie/Desktop/my_cases/taint+buffer_trimmed/cwe121-db/src/Library/Developer/CommandLineTools/SDKs/MacOSX14.4.sdk/usr/include/AvailabilityInternalLegacy.h
[E 16:49:25 77702] Already archived /Users/sheenie/Desktop/my_cases/taint+buffer_trimmed/cwe121-db/src/Library/Developer/CommandLineTools/SDKs/MacOSX14.4.sdk/usr/include/_types.h
[E 16:49:25 77702] Already archived /Users/sheenie/Desktop/my_cases/taint+buffer_trimmed/cwe121-db/src/Library/Developer/CommandLineTools/SDKs/MacOSX14.4.sdk/usr/include/sys/_types.h
[E 16:49:25 77702] Already archived /Users/sheenie/Desktop/my_cases/taint+buffer_trimmed/cwe121-db/src/Library/Developer/CommandLineTools/SDKs/MacOSX14.4.sdk/usr/include/machine/_types.h
[E 16:49:25 77702] Already archived /Users/sheenie/Desktop/my_cases/taint+buffer_trimmed/cwe121-db/src/Library/Developer/CommandLineTools/SDKs/MacOSX14.4.sdk/usr/include/i386/_types.h
[E 16:49:25 77702] Already archived /Users/sheenie/Desktop/my_cases/taint+buffer_trimmed/cwe121-db/src/Library/Developer/CommandLineTools/SDKs/MacOSX14.4.sdk/usr/include/sys/_pthread/_pthread_types.h
[E 16:49:25 77702] Already archived /Users/sheenie/Desktop/my_cases/taint+buffer_trimmed/cwe121-db/src/Library/Developer/CommandLineTools/SDKs/MacOSX14.4.sdk/usr/include/sys/_types/_va_list.h
[E 16:49:25 77702] Already archived /Users/sheenie/Desktop/my_cases/taint+buffer_trimmed/cwe121-db/src/Library/Developer/CommandLineTools/SDKs/MacOSX14.4.sdk/usr/include/machine/types.h
[E 16:49:25 77702] Already archived /Users/sheenie/Desktop/my_cases/taint+buffer_trimmed/cwe121-db/src/Library/Developer/CommandLineTools/SDKs/MacOSX14.4.sdk/usr/include/i386/types.h
[E 16:49:25 77702] Already archived /Users/sheenie/Desktop/my_cases/taint+buffer_trimmed/cwe121-db/src/Library/Developer/CommandLineTools/SDKs/MacOSX14.4.sdk/usr/include/sys/_types/_int8_t.h
[E 16:49:25 77702] Already archived /Users/sheenie/Desktop/my_cases/taint+buffer_trimmed/cwe121-db/src/Library/Developer/CommandLineTools/SDKs/MacOSX14.4.sdk/usr/include/sys/_types/_int16_t.h
[E 16:49:25 77702] Already archived /Users/sheenie/Desktop/my_cases/taint+buffer_trimmed/cwe121-db/src/Library/Developer/CommandLineTools/SDKs/MacOSX14.4.sdk/usr/include/sys/_types/_int32_t.h
[E 16:49:25 77702] Already archived /Users/sheenie/Desktop/my_cases/taint+buffer_trimmed/cwe121-db/src/Library/Developer/CommandLineTools/SDKs/MacOSX14.4.sdk/usr/include/sys/_types/_int64_t.h
[E 16:49:25 77702] Already archived /Users/sheenie/Desktop/my_cases/taint+buffer_trimmed/cwe121-db/src/Library/Developer/CommandLineTools/SDKs/MacOSX14.4.sdk/usr/include/sys/_types/_u_int8_t.h
[E 16:49:25 77702] Already archived /Users/sheenie/Desktop/my_cases/taint+buffer_trimmed/cwe121-db/src/Library/Developer/CommandLineTools/SDKs/MacOSX14.4.sdk/usr/include/sys/_types/_u_int16_t.h
[E 16:49:25 77702] Already archived /Users/sheenie/Desktop/my_cases/taint+buffer_trimmed/cwe121-db/src/Library/Developer/CommandLineTools/SDKs/MacOSX14.4.sdk/usr/include/sys/_types/_u_int32_t.h
[E 16:49:25 77702] Already archived /Users/sheenie/Desktop/my_cases/taint+buffer_trimmed/cwe121-db/src/Library/Developer/CommandLineTools/SDKs/MacOSX14.4.sdk/usr/include/sys/_types/_u_int64_t.h
[E 16:49:25 77702] Already archived /Users/sheenie/Desktop/my_cases/taint+buffer_trimmed/cwe121-db/src/Library/Developer/CommandLineTools/SDKs/MacOSX14.4.sdk/usr/include/sys/_types/_intptr_t.h
[E 16:49:25 77702] Already archived /Users/sheenie/Desktop/my_cases/taint+buffer_trimmed/cwe121-db/src/Library/Developer/CommandLineTools/SDKs/MacOSX14.4.sdk/usr/include/machine/types.h
[E 16:49:25 77702] Already archived /Users/sheenie/Desktop/my_cases/taint+buffer_trimmed/cwe121-db/src/Library/Developer/CommandLineTools/SDKs/MacOSX14.4.sdk/usr/include/sys/_types/_uintptr_t.h
[E 16:49:25 77702] Already archived /Users/sheenie/Desktop/my_cases/taint+buffer_trimmed/cwe121-db/src/Library/Developer/CommandLineTools/SDKs/MacOSX14.4.sdk/usr/include/sys/_types/_size_t.h
[E 16:49:25 77702] Already archived /Users/sheenie/Desktop/my_cases/taint+buffer_trimmed/cwe121-db/src/Library/Developer/CommandLineTools/SDKs/MacOSX14.4.sdk/usr/include/sys/_types/_null.h
[E 16:49:25 77702] Already archived /Users/sheenie/Desktop/my_cases/taint+buffer_trimmed/cwe121-db/src/Library/Developer/CommandLineTools/SDKs/MacOSX14.4.sdk/usr/include/sys/stdio.h
[E 16:49:25 77702] Already archived /Users/sheenie/Desktop/my_cases/taint+buffer_trimmed/cwe121-db/src/Library/Developer/CommandLineTools/SDKs/MacOSX14.4.sdk/usr/include/sys/_types/_seek_set.h
[E 16:49:25 77702] Already archived /Users/sheenie/Desktop/my_cases/taint+buffer_trimmed/cwe121-db/src/Library/Developer/CommandLineTools/SDKs/MacOSX14.4.sdk/usr/include/_ctermid.h
[E 16:49:25 77702] Already archived /Users/sheenie/Desktop/my_cases/taint+buffer_trimmed/cwe121-db/src/Library/Developer/CommandLineTools/SDKs/MacOSX14.4.sdk/usr/include/sys/_types/_off_t.h
[E 16:49:25 77702] Already archived /Users/sheenie/Desktop/my_cases/taint+buffer_trimmed/cwe121-db/src/Library/Developer/CommandLineTools/SDKs/MacOSX14.4.sdk/usr/include/sys/_types/_ssize_t.h
[E 16:49:25 77702] Already archived /Users/sheenie/Desktop/my_cases/taint+buffer_trimmed/cwe121-db/src/Library/Developer/CommandLineTools/SDKs/MacOSX14.4.sdk/usr/include/secure/_stdio.h
[E 16:49:25 77702] Already archived /Users/sheenie/Desktop/my_cases/taint+buffer_trimmed/cwe121-db/src/Library/Developer/CommandLineTools/SDKs/MacOSX14.4.sdk/usr/include/secure/_common.h
[E 16:49:25 77702] Already archived /Users/sheenie/Desktop/my_cases/taint+buffer_trimmed/cwe121-db/src/Library/Developer/CommandLineTools/SDKs/MacOSX14.4.sdk/usr/include/stdlib.h
[E 16:49:25 77702] Already archived /Users/sheenie/Desktop/my_cases/taint+buffer_trimmed/cwe121-db/src/Library/Developer/CommandLineTools/SDKs/MacOSX14.4.sdk/usr/include/sys/wait.h
[E 16:49:25 77702] Already archived /Users/sheenie/Desktop/my_cases/taint+buffer_trimmed/cwe121-db/src/Library/Developer/CommandLineTools/SDKs/MacOSX14.4.sdk/usr/include/sys/_types/_pid_t.h
[E 16:49:25 77702] Already archived /Users/sheenie/Desktop/my_cases/taint+buffer_trimmed/cwe121-db/src/Library/Developer/CommandLineTools/SDKs/MacOSX14.4.sdk/usr/include/sys/_types/_id_t.h
[E 16:49:25 77702] Already archived /Users/sheenie/Desktop/my_cases/taint+buffer_trimmed/cwe121-db/src/Library/Developer/CommandLineTools/SDKs/MacOSX14.4.sdk/usr/include/sys/signal.h
[E 16:49:25 77702] Already archived /Users/sheenie/Desktop/my_cases/taint+buffer_trimmed/cwe121-db/src/Library/Developer/CommandLineTools/SDKs/MacOSX14.4.sdk/usr/include/sys/appleapiopts.h
[E 16:49:25 77702] Already archived /Users/sheenie/Desktop/my_cases/taint+buffer_trimmed/cwe121-db/src/Library/Developer/CommandLineTools/SDKs/MacOSX14.4.sdk/usr/include/machine/signal.h
[E 16:49:25 77702] Already archived /Users/sheenie/Desktop/my_cases/taint+buffer_trimmed/cwe121-db/src/Library/Developer/CommandLineTools/SDKs/MacOSX14.4.sdk/usr/include/i386/signal.h
[E 16:49:25 77702] Already archived /Users/sheenie/Desktop/my_cases/taint+buffer_trimmed/cwe121-db/src/Library/Developer/CommandLineTools/SDKs/MacOSX14.4.sdk/usr/include/machine/_mcontext.h
[E 16:49:25 77702] Already archived /Users/sheenie/Desktop/my_cases/taint+buffer_trimmed/cwe121-db/src/Library/Developer/CommandLineTools/SDKs/MacOSX14.4.sdk/usr/include/i386/_mcontext.h
[E 16:49:25 77702] Already archived /Users/sheenie/Desktop/my_cases/taint+buffer_trimmed/cwe121-db/src/Library/Developer/CommandLineTools/SDKs/MacOSX14.4.sdk/usr/include/mach/machine/_structs.h
[E 16:49:25 77702] Already archived /Users/sheenie/Desktop/my_cases/taint+buffer_trimmed/cwe121-db/src/Library/Developer/CommandLineTools/SDKs/MacOSX14.4.sdk/usr/include/mach/i386/_structs.h
[E 16:49:25 77702] Already archived /Users/sheenie/Desktop/my_cases/taint+buffer_trimmed/cwe121-db/src/Library/Developer/CommandLineTools/SDKs/MacOSX14.4.sdk/usr/include/sys/_pthread/_pthread_attr_t.h
[E 16:49:25 77702] Already archived /Users/sheenie/Desktop/my_cases/taint+buffer_trimmed/cwe121-db/src/Library/Developer/CommandLineTools/SDKs/MacOSX14.4.sdk/usr/include/sys/_types/_sigaltstack.h
[E 16:49:25 77702] Already archived /Users/sheenie/Desktop/my_cases/taint+buffer_trimmed/cwe121-db/src/Library/Developer/CommandLineTools/SDKs/MacOSX14.4.sdk/usr/include/sys/_types/_ucontext.h
[E 16:49:25 77702] Already archived /Users/sheenie/Desktop/my_cases/taint+buffer_trimmed/cwe121-db/src/Library/Developer/CommandLineTools/SDKs/MacOSX14.4.sdk/usr/include/sys/_types/_sigset_t.h
[E 16:49:25 77702] Already archived /Users/sheenie/Desktop/my_cases/taint+buffer_trimmed/cwe121-db/src/Library/Developer/CommandLineTools/SDKs/MacOSX14.4.sdk/usr/include/sys/_types/_uid_t.h
[E 16:49:25 77702] Already archived /Users/sheenie/Desktop/my_cases/taint+buffer_trimmed/cwe121-db/src/Library/Developer/CommandLineTools/SDKs/MacOSX14.4.sdk/usr/include/sys/resource.h
[E 16:49:25 77702] Already archived /Users/sheenie/Desktop/my_cases/taint+buffer_trimmed/cwe121-db/src/Library/Developer/CommandLineTools/usr/lib/clang/15.0.0/include/stdint.h
[E 16:49:25 77702] Already archived /Users/sheenie/Desktop/my_cases/taint+buffer_trimmed/cwe121-db/src/Library/Developer/CommandLineTools/SDKs/MacOSX14.4.sdk/usr/include/stdint.h
[E 16:49:25 77702] Already archived /Users/sheenie/Desktop/my_cases/taint+buffer_trimmed/cwe121-db/src/Library/Developer/CommandLineTools/SDKs/MacOSX14.4.sdk/usr/include/_types/_uint8_t.h
[E 16:49:25 77702] Already archived /Users/sheenie/Desktop/my_cases/taint+buffer_trimmed/cwe121-db/src/Library/Developer/CommandLineTools/SDKs/MacOSX14.4.sdk/usr/include/_types/_uint16_t.h
[E 16:49:25 77702] Already archived /Users/sheenie/Desktop/my_cases/taint+buffer_trimmed/cwe121-db/src/Library/Developer/CommandLineTools/SDKs/MacOSX14.4.sdk/usr/include/_types/_uint32_t.h
[E 16:49:25 77702] Already archived /Users/sheenie/Desktop/my_cases/taint+buffer_trimmed/cwe121-db/src/Library/Developer/CommandLineTools/SDKs/MacOSX14.4.sdk/usr/include/_types/_uint64_t.h
[E 16:49:25 77702] Already archived /Users/sheenie/Desktop/my_cases/taint+buffer_trimmed/cwe121-db/src/Library/Developer/CommandLineTools/SDKs/MacOSX14.4.sdk/usr/include/_types/_intmax_t.h
[E 16:49:25 77702] Already archived /Users/sheenie/Desktop/my_cases/taint+buffer_trimmed/cwe121-db/src/Library/Developer/CommandLineTools/SDKs/MacOSX14.4.sdk/usr/include/_types/_uintmax_t.h
[E 16:49:25 77702] Already archived /Users/sheenie/Desktop/my_cases/taint+buffer_trimmed/cwe121-db/src/Library/Developer/CommandLineTools/SDKs/MacOSX14.4.sdk/usr/include/sys/_types/_timeval.h
[E 16:49:25 77702] Already archived /Users/sheenie/Desktop/my_cases/taint+buffer_trimmed/cwe121-db/src/Library/Developer/CommandLineTools/SDKs/MacOSX14.4.sdk/usr/include/machine/endian.h
[E 16:49:25 77702] Already archived /Users/sheenie/Desktop/my_cases/taint+buffer_trimmed/cwe121-db/src/Library/Developer/CommandLineTools/SDKs/MacOSX14.4.sdk/usr/include/i386/endian.h
[E 16:49:25 77702] Already archived /Users/sheenie/Desktop/my_cases/taint+buffer_trimmed/cwe121-db/src/Library/Developer/CommandLineTools/SDKs/MacOSX14.4.sdk/usr/include/sys/_endian.h
[E 16:49:25 77702] Already archived /Users/sheenie/Desktop/my_cases/taint+buffer_trimmed/cwe121-db/src/Library/Developer/CommandLineTools/SDKs/MacOSX14.4.sdk/usr/include/machine/endian.h
[E 16:49:25 77702] Already archived /Users/sheenie/Desktop/my_cases/taint+buffer_trimmed/cwe121-db/src/Library/Developer/CommandLineTools/SDKs/MacOSX14.4.sdk/usr/include/libkern/_OSByteOrder.h
[E 16:49:25 77702] Already archived /Users/sheenie/Desktop/my_cases/taint+buffer_trimmed/cwe121-db/src/Library/Developer/CommandLineTools/SDKs/MacOSX14.4.sdk/usr/include/libkern/i386/_OSByteOrder.h
[E 16:49:25 77702] Already archived /Users/sheenie/Desktop/my_cases/taint+buffer_trimmed/cwe121-db/src/Library/Developer/CommandLineTools/SDKs/MacOSX14.4.sdk/usr/include/alloca.h
[E 16:49:25 77702] Already archived /Users/sheenie/Desktop/my_cases/taint+buffer_trimmed/cwe121-db/src/Library/Developer/CommandLineTools/SDKs/MacOSX14.4.sdk/usr/include/sys/_types/_ct_rune_t.h
[E 16:49:25 77702] Already archived /Users/sheenie/Desktop/my_cases/taint+buffer_trimmed/cwe121-db/src/Library/Developer/CommandLineTools/SDKs/MacOSX14.4.sdk/usr/include/sys/_types/_rune_t.h
[E 16:49:25 77702] Already archived /Users/sheenie/Desktop/my_cases/taint+buffer_trimmed/cwe121-db/src/Library/Developer/CommandLineTools/SDKs/MacOSX14.4.sdk/usr/include/sys/_types/_wchar_t.h
[E 16:49:25 77702] Already archived /Users/sheenie/Desktop/my_cases/taint+buffer_trimmed/cwe121-db/src/Library/Developer/CommandLineTools/SDKs/MacOSX14.4.sdk/usr/include/malloc/_malloc.h
[E 16:49:25 77702] Already archived /Users/sheenie/Desktop/my_cases/taint+buffer_trimmed/cwe121-db/src/Library/Developer/CommandLineTools/SDKs/MacOSX14.4.sdk/usr/include/malloc/_malloc_type.h
[E 16:49:25 77702] Already archived /Users/sheenie/Desktop/my_cases/taint+buffer_trimmed/cwe121-db/src/Library/Developer/CommandLineTools/SDKs/MacOSX14.4.sdk/usr/include/malloc/_ptrcheck.h
[E 16:49:25 77702] Already archived /Users/sheenie/Desktop/my_cases/taint+buffer_trimmed/cwe121-db/src/Library/Developer/CommandLineTools/SDKs/MacOSX14.4.sdk/usr/include/sys/_types/_dev_t.h
[E 16:49:25 77702] Already archived /Users/sheenie/Desktop/my_cases/taint+buffer_trimmed/cwe121-db/src/Library/Developer/CommandLineTools/SDKs/MacOSX14.4.sdk/usr/include/sys/_types/_mode_t.h
[E 16:49:25 77702] Already archived /Users/sheenie/Desktop/my_cases/taint+buffer_trimmed/cwe121-db/src/Library/Developer/CommandLineTools/usr/lib/clang/15.0.0/include/stddef.h
[E 16:49:25 77702] Already archived /Users/sheenie/Desktop/my_cases/taint+buffer_trimmed/cwe121-db/src/Library/Developer/CommandLineTools/usr/lib/clang/15.0.0/include/__stddef_max_align_t.h
[E 16:49:25 77702] Already archived /Users/sheenie/Desktop/my_cases/taint+buffer_trimmed/cwe121-db/src/Library/Developer/CommandLineTools/SDKs/MacOSX14.4.sdk/usr/include/time.h
[E 16:49:25 77702] Already archived /Users/sheenie/Desktop/my_cases/taint+buffer_trimmed/cwe121-db/src/Library/Developer/CommandLineTools/SDKs/MacOSX14.4.sdk/usr/include/sys/_types/_clock_t.h
[E 16:49:25 77702] Already archived /Users/sheenie/Desktop/my_cases/taint+buffer_trimmed/cwe121-db/src/Library/Developer/CommandLineTools/SDKs/MacOSX14.4.sdk/usr/include/sys/_types/_time_t.h
[E 16:49:25 77702] Already archived /Users/sheenie/Desktop/my_cases/taint+buffer_trimmed/cwe121-db/src/Library/Developer/CommandLineTools/SDKs/MacOSX14.4.sdk/usr/include/sys/_types/_timespec.h
[E 16:49:25 77702] Already archived /Users/sheenie/Desktop/my_cases/taint+buffer_trimmed/cwe121-db/src/Library/Developer/CommandLineTools/usr/lib/clang/15.0.0/include/limits.h
[E 16:49:25 77702] Already archived /Users/sheenie/Desktop/my_cases/taint+buffer_trimmed/cwe121-db/src/Library/Developer/CommandLineTools/SDKs/MacOSX14.4.sdk/usr/include/limits.h
[E 16:49:25 77702] Already archived /Users/sheenie/Desktop/my_cases/taint+buffer_trimmed/cwe121-db/src/Library/Developer/CommandLineTools/SDKs/MacOSX14.4.sdk/usr/include/machine/limits.h
[E 16:49:25 77702] Already archived /Users/sheenie/Desktop/my_cases/taint+buffer_trimmed/cwe121-db/src/Library/Developer/CommandLineTools/SDKs/MacOSX14.4.sdk/usr/include/i386/limits.h
[E 16:49:25 77702] Already archived /Users/sheenie/Desktop/my_cases/taint+buffer_trimmed/cwe121-db/src/Library/Developer/CommandLineTools/SDKs/MacOSX14.4.sdk/usr/include/i386/_limits.h
[E 16:49:25 77702] Already archived /Users/sheenie/Desktop/my_cases/taint+buffer_trimmed/cwe121-db/src/Library/Developer/CommandLineTools/SDKs/MacOSX14.4.sdk/usr/include/sys/syslimits.h
[E 16:49:25 77702] Already archived /Users/sheenie/Desktop/my_cases/taint+buffer_trimmed/cwe121-db/src/Library/Developer/CommandLineTools/SDKs/MacOSX14.4.sdk/usr/include/string.h
[E 16:49:25 77702] Already archived /Users/sheenie/Desktop/my_cases/taint+buffer_trimmed/cwe121-db/src/Library/Developer/CommandLineTools/SDKs/MacOSX14.4.sdk/usr/include/sys/_types/_rsize_t.h
[E 16:49:25 77702] Already archived /Users/sheenie/Desktop/my_cases/taint+buffer_trimmed/cwe121-db/src/Library/Developer/CommandLineTools/SDKs/MacOSX14.4.sdk/usr/include/sys/_types/_errno_t.h
[E 16:49:25 77702] Already archived /Users/sheenie/Desktop/my_cases/taint+buffer_trimmed/cwe121-db/src/Library/Developer/CommandLineTools/SDKs/MacOSX14.4.sdk/usr/include/strings.h
[E 16:49:25 77702] Already archived /Users/sheenie/Desktop/my_cases/taint+buffer_trimmed/cwe121-db/src/Library/Developer/CommandLineTools/SDKs/MacOSX14.4.sdk/usr/include/string.h
[E 16:49:25 77702] Already archived /Users/sheenie/Desktop/my_cases/taint+buffer_trimmed/cwe121-db/src/Library/Developer/CommandLineTools/SDKs/MacOSX14.4.sdk/usr/include/secure/_strings.h
[E 16:49:25 77702] Already archived /Users/sheenie/Desktop/my_cases/taint+buffer_trimmed/cwe121-db/src/Library/Developer/CommandLineTools/SDKs/MacOSX14.4.sdk/usr/include/secure/_string.h
[E 16:49:25 77702] Already archived /Users/sheenie/Desktop/my_cases/taint+buffer_trimmed/cwe121-db/src/Library/Developer/CommandLineTools/SDKs/MacOSX14.4.sdk/usr/include/ctype.h
[E 16:49:25 77702] Already archived /Users/sheenie/Desktop/my_cases/taint+buffer_trimmed/cwe121-db/src/Library/Developer/CommandLineTools/SDKs/MacOSX14.4.sdk/usr/include/_ctype.h
[E 16:49:25 77702] Already archived /Users/sheenie/Desktop/my_cases/taint+buffer_trimmed/cwe121-db/src/Library/Developer/CommandLineTools/SDKs/MacOSX14.4.sdk/usr/include/runetype.h
[E 16:49:25 77702] Already archived /Users/sheenie/Desktop/my_cases/taint+buffer_trimmed/cwe121-db/src/Library/Developer/CommandLineTools/SDKs/MacOSX14.4.sdk/usr/include/sys/_types/_wchar_t.h
[E 16:49:25 77702] Already archived /Users/sheenie/Desktop/my_cases/taint+buffer_trimmed/cwe121-db/src/Library/Developer/CommandLineTools/SDKs/MacOSX14.4.sdk/usr/include/sys/_types/_wint_t.h
[E 16:49:25 77702] Already archived /Users/sheenie/Desktop/my_cases/taint+buffer_trimmed/cwe121-db/src/Library/Developer/CommandLineTools/SDKs/MacOSX14.4.sdk/usr/include/fcntl.h
[E 16:49:25 77702] Already archived /Users/sheenie/Desktop/my_cases/taint+buffer_trimmed/cwe121-db/src/Library/Developer/CommandLineTools/SDKs/MacOSX14.4.sdk/usr/include/sys/fcntl.h
[E 16:49:25 77702] Already archived /Users/sheenie/Desktop/my_cases/taint+buffer_trimmed/cwe121-db/src/Library/Developer/CommandLineTools/SDKs/MacOSX14.4.sdk/usr/include/sys/_types/_o_sync.h
[E 16:49:25 77702] Already archived /Users/sheenie/Desktop/my_cases/taint+buffer_trimmed/cwe121-db/src/Library/Developer/CommandLineTools/SDKs/MacOSX14.4.sdk/usr/include/sys/_types/_o_dsync.h
[E 16:49:25 77702] Already archived /Users/sheenie/Desktop/my_cases/taint+buffer_trimmed/cwe121-db/src/Library/Developer/CommandLineTools/SDKs/MacOSX14.4.sdk/usr/include/sys/_types/_s_ifmt.h
[E 16:49:25 77702] Already archived /Users/sheenie/Desktop/my_cases/taint+buffer_trimmed/cwe121-db/src/Library/Developer/CommandLineTools/SDKs/MacOSX14.4.sdk/usr/include/sys/_types/_filesec_t.h
[E 16:49:25 77702] Already archived /Users/sheenie/Desktop/my_cases/taint+buffer_trimmed/cwe121-db/src/Library/Developer/CommandLineTools/SDKs/MacOSX14.4.sdk/usr/include/sys/types.h
[E 16:49:25 77702] Already archived /Users/sheenie/Desktop/my_cases/taint+buffer_trimmed/cwe121-db/src/Library/Developer/CommandLineTools/SDKs/MacOSX14.4.sdk/usr/include/sys/_types/_u_char.h
[E 16:49:25 77702] Already archived /Users/sheenie/Desktop/my_cases/taint+buffer_trimmed/cwe121-db/src/Library/Developer/CommandLineTools/SDKs/MacOSX14.4.sdk/usr/include/sys/_types/_u_short.h
[E 16:49:25 77702] Already archived /Users/sheenie/Desktop/my_cases/taint+buffer_trimmed/cwe121-db/src/Library/Developer/CommandLineTools/SDKs/MacOSX14.4.sdk/usr/include/sys/_types/_u_int.h
[E 16:49:25 77702] Already archived /Users/sheenie/Desktop/my_cases/taint+buffer_trimmed/cwe121-db/src/Library/Developer/CommandLineTools/SDKs/MacOSX14.4.sdk/usr/include/sys/_types/_caddr_t.h
[E 16:49:25 77702] Already archived /Users/sheenie/Desktop/my_cases/taint+buffer_trimmed/cwe121-db/src/Library/Developer/CommandLineTools/SDKs/MacOSX14.4.sdk/usr/include/sys/_types/_blkcnt_t.h
[E 16:49:25 77702] Already archived /Users/sheenie/Desktop/my_cases/taint+buffer_trimmed/cwe121-db/src/Library/Developer/CommandLineTools/SDKs/MacOSX14.4.sdk/usr/include/sys/_types/_blksize_t.h
[E 16:49:25 77702] Already archived /Users/sheenie/Desktop/my_cases/taint+buffer_trimmed/cwe121-db/src/Library/Developer/CommandLineTools/SDKs/MacOSX14.4.sdk/usr/include/sys/_types/_gid_t.h
[E 16:49:25 77702] Already archived /Users/sheenie/Desktop/my_cases/taint+buffer_trimmed/cwe121-db/src/Library/Developer/CommandLineTools/SDKs/MacOSX14.4.sdk/usr/include/sys/_types/_in_addr_t.h
[E 16:49:25 77702] Already archived /Users/sheenie/Desktop/my_cases/taint+buffer_trimmed/cwe121-db/src/Library/Developer/CommandLineTools/SDKs/MacOSX14.4.sdk/usr/include/sys/_types/_in_port_t.h
[E 16:49:25 77702] Already archived /Users/sheenie/Desktop/my_cases/taint+buffer_trimmed/cwe121-db/src/Library/Developer/CommandLineTools/SDKs/MacOSX14.4.sdk/usr/include/sys/_types/_ino_t.h
[E 16:49:25 77702] Already archived /Users/sheenie/Desktop/my_cases/taint+buffer_trimmed/cwe121-db/src/Library/Developer/CommandLineTools/SDKs/MacOSX14.4.sdk/usr/include/sys/_types/_ino64_t.h
[E 16:49:25 77702] Already archived /Users/sheenie/Desktop/my_cases/taint+buffer_trimmed/cwe121-db/src/Library/Developer/CommandLineTools/SDKs/MacOSX14.4.sdk/usr/include/sys/_types/_key_t.h
[E 16:49:25 77702] Already archived /Users/sheenie/Desktop/my_cases/taint+buffer_trimmed/cwe121-db/src/Library/Developer/CommandLineTools/SDKs/MacOSX14.4.sdk/usr/include/sys/_types/_nlink_t.h
[E 16:49:25 77702] Already archived /Users/sheenie/Desktop/my_cases/taint+buffer_trimmed/cwe121-db/src/Library/Developer/CommandLineTools/SDKs/MacOSX14.4.sdk/usr/include/sys/_types/_useconds_t.h
[E 16:49:25 77702] Already archived /Users/sheenie/Desktop/my_cases/taint+buffer_trimmed/cwe121-db/src/Library/Developer/CommandLineTools/SDKs/MacOSX14.4.sdk/usr/include/sys/_types/_suseconds_t.h
[E 16:49:25 77702] Already archived /Users/sheenie/Desktop/my_cases/taint+buffer_trimmed/cwe121-db/src/Library/Developer/CommandLineTools/SDKs/MacOSX14.4.sdk/usr/include/sys/_types/_fd_def.h
[E 16:49:25 77702] Already archived /Users/sheenie/Desktop/my_cases/taint+buffer_trimmed/cwe121-db/src/Library/Developer/CommandLineTools/SDKs/MacOSX14.4.sdk/usr/include/sys/_types/_fd_setsize.h
[E 16:49:25 77702] Already archived /Users/sheenie/Desktop/my_cases/taint+buffer_trimmed/cwe121-db/src/Library/Developer/CommandLineTools/SDKs/MacOSX14.4.sdk/usr/include/sys/_types/_fd_set.h
[E 16:49:25 77702] Already archived /Users/sheenie/Desktop/my_cases/taint+buffer_trimmed/cwe121-db/src/Library/Developer/CommandLineTools/SDKs/MacOSX14.4.sdk/usr/include/sys/_types/_fd_clr.h
[E 16:49:25 77702] Already archived /Users/sheenie/Desktop/my_cases/taint+buffer_trimmed/cwe121-db/src/Library/Developer/CommandLineTools/SDKs/MacOSX14.4.sdk/usr/include/sys/_types/_fd_zero.h
[E 16:49:25 77702] Already archived /Users/sheenie/Desktop/my_cases/taint+buffer_trimmed/cwe121-db/src/Library/Developer/CommandLineTools/SDKs/MacOSX14.4.sdk/usr/include/sys/_types/_fd_isset.h
[E 16:49:25 77702] Already archived /Users/sheenie/Desktop/my_cases/taint+buffer_trimmed/cwe121-db/src/Library/Developer/CommandLineTools/SDKs/MacOSX14.4.sdk/usr/include/sys/_types/_fd_copy.h
[E 16:49:25 77702] Already archived /Users/sheenie/Desktop/my_cases/taint+buffer_trimmed/cwe121-db/src/Library/Developer/CommandLineTools/SDKs/MacOSX14.4.sdk/usr/include/sys/_pthread/_pthread_cond_t.h
[E 16:49:25 77702] Already archived /Users/sheenie/Desktop/my_cases/taint+buffer_trimmed/cwe121-db/src/Library/Developer/CommandLineTools/SDKs/MacOSX14.4.sdk/usr/include/sys/_pthread/_pthread_condattr_t.h
[E 16:49:25 77702] Already archived /Users/sheenie/Desktop/my_cases/taint+buffer_trimmed/cwe121-db/src/Library/Developer/CommandLineTools/SDKs/MacOSX14.4.sdk/usr/include/sys/_pthread/_pthread_mutex_t.h
[E 16:49:25 77702] Already archived /Users/sheenie/Desktop/my_cases/taint+buffer_trimmed/cwe121-db/src/Library/Developer/CommandLineTools/SDKs/MacOSX14.4.sdk/usr/include/sys/_pthread/_pthread_mutexattr_t.h
[E 16:49:25 77702] Already archived /Users/sheenie/Desktop/my_cases/taint+buffer_trimmed/cwe121-db/src/Library/Developer/CommandLineTools/SDKs/MacOSX14.4.sdk/usr/include/sys/_pthread/_pthread_once_t.h
[E 16:49:25 77702] Already archived /Users/sheenie/Desktop/my_cases/taint+buffer_trimmed/cwe121-db/src/Library/Developer/CommandLineTools/SDKs/MacOSX14.4.sdk/usr/include/sys/_pthread/_pthread_rwlock_t.h
[E 16:49:25 77702] Already archived /Users/sheenie/Desktop/my_cases/taint+buffer_trimmed/cwe121-db/src/Library/Developer/CommandLineTools/SDKs/MacOSX14.4.sdk/usr/include/sys/_pthread/_pthread_rwlockattr_t.h
[E 16:49:25 77702] Already archived /Users/sheenie/Desktop/my_cases/taint+buffer_trimmed/cwe121-db/src/Library/Developer/CommandLineTools/SDKs/MacOSX14.4.sdk/usr/include/sys/_pthread/_pthread_t.h
[E 16:49:25 77702] Already archived /Users/sheenie/Desktop/my_cases/taint+buffer_trimmed/cwe121-db/src/Library/Developer/CommandLineTools/SDKs/MacOSX14.4.sdk/usr/include/sys/_pthread/_pthread_key_t.h
[E 16:49:25 77702] Already archived /Users/sheenie/Desktop/my_cases/taint+buffer_trimmed/cwe121-db/src/Library/Developer/CommandLineTools/SDKs/MacOSX14.4.sdk/usr/include/sys/_types/_fsblkcnt_t.h
[E 16:49:25 77702] Already archived /Users/sheenie/Desktop/my_cases/taint+buffer_trimmed/cwe121-db/src/Library/Developer/CommandLineTools/SDKs/MacOSX14.4.sdk/usr/include/sys/_types/_fsfilcnt_t.h
[E 16:49:25 77702] Already archived /Users/sheenie/Desktop/my_cases/taint+buffer_trimmed/cwe121-db/src/Library/Developer/CommandLineTools/SDKs/MacOSX14.4.sdk/usr/include/sys/stat.h
[E 16:49:25 77702] Already archived /Users/sheenie/Desktop/my_cases/taint+buffer_trimmed/cwe121-db/src/Users/sheenie/Desktop/my_cases/taint+buffer_trimmed/std_testcase_io.h
[E 16:49:25 77702] Already archived /Users/sheenie/Desktop/my_cases/taint+buffer_trimmed/cwe121-db/src/Users/sheenie/Desktop/my_cases/taint+buffer_trimmed/std_testcase.h
[E 16:49:25 77702] Already archived /Users/sheenie/Desktop/my_cases/taint+buffer_trimmed/cwe121-db/src/Library/Developer/CommandLineTools/SDKs/MacOSX14.4.sdk/usr/include/wchar.h
[E 16:49:25 77702] Already archived /Users/sheenie/Desktop/my_cases/taint+buffer_trimmed/cwe121-db/src/Library/Developer/CommandLineTools/SDKs/MacOSX14.4.sdk/usr/include/sys/_types/_mbstate_t.h
[E 16:49:25 77702] Already archived /Users/sheenie/Desktop/my_cases/taint+buffer_trimmed/cwe121-db/src/Library/Developer/CommandLineTools/SDKs/MacOSX14.4.sdk/usr/include/sys/_types/_wchar_t.h
[E 16:49:25 77702] Already archived /Users/sheenie/Desktop/my_cases/taint+buffer_trimmed/cwe121-db/src/Library/Developer/CommandLineTools/usr/lib/clang/15.0.0/include/stdarg.h
[E 16:49:25 77702] Already archived /Users/sheenie/Desktop/my_cases/taint+buffer_trimmed/cwe121-db/src/Library/Developer/CommandLineTools/SDKs/MacOSX14.4.sdk/usr/include/_wctype.h
[E 16:49:25 77702] Already archived /Users/sheenie/Desktop/my_cases/taint+buffer_trimmed/cwe121-db/src/Library/Developer/CommandLineTools/SDKs/MacOSX14.4.sdk/usr/include/__wctype.h
[E 16:49:25 77702] Already archived /Users/sheenie/Desktop/my_cases/taint+buffer_trimmed/cwe121-db/src/Library/Developer/CommandLineTools/SDKs/MacOSX14.4.sdk/usr/include/_types/_wctype_t.h
[E 16:49:25 77702] Creating trap tarball /Users/sheenie/Desktop/my_cases/taint+buffer_trimmed/cwe121-db/trap/cpp/tarballs/Users/sheenie/Desktop/my_cases/taint+buffer_trimmed/CWE122_Heap_Based_Buffer_Overflow__char_type_overrun_memcpy_02.c.5777367d_0.trap.tar.zst
[E 16:49:25 77702] Emitting trap files for CWE122_Heap_Based_Buffer_Overflow__char_type_overrun_memcpy_02.c
[E 16:49:25 77702] Opening existencedb in /Users/sheenie/Desktop/my_cases/taint+buffer_trimmed/cwe121-db/working/existencedb/db
[E 16:49:25 77702] Wrote 1 files to /Users/sheenie/Desktop/my_cases/taint+buffer_trimmed/cwe121-db/trap/cpp/tarballs/Users/sheenie/Desktop/my_cases/taint+buffer_trimmed/CWE122_Heap_Based_Buffer_Overflow__char_type_overrun_memcpy_02.c.5777367d_0.trap.tar.zst
[E 16:49:25 77702] Finished compilation TRAP /Users/sheenie/Desktop/my_cases/taint+buffer_trimmed/cwe121-db/trap/cpp/compilations/55/61638574_0.trap.zst
[E 16:49:25 77702] Marking C compilation as happened.
[E 16:49:25 77702] Setting tag c-compilation-happened
[E 16:49:25 77702] Starting from CODEQL_TRACER_DB_ID 0000000000012F84_0000000000000001
[E 16:49:25 77702] Locking DB /Users/sheenie/Desktop/my_cases/taint+buffer_trimmed/cwe121-db/working/tags.db
[E 16:49:25 77702] Locked DB /Users/sheenie/Desktop/my_cases/taint+buffer_trimmed/cwe121-db/working/tags.db
[E 16:49:25 77702] Set tag for 0000000000012F84_0000000000000001
[E 16:49:25 77702] Set tag for 0000000000012F82_0000000000000002
[E 16:49:25 77702] Set tag for 0000000000012F82_0000000000000001
[E 16:49:25 77702] Set tag for 0000000000012F81_0000000000000001
[E 16:49:25 77702] Set tag for 0000000000012F80_0000000000000001
[E 16:49:25 77702] Set tag for 0000000000012E85_0000000000000004
[E 16:49:25 77702] Set tag for 0000000000012E85_0000000000000003
[E 16:49:25 77702] Set tag for 0000000000012E85_0000000000000002
[E 16:49:25 77702] Set tag for root
[E 16:49:25 77702] Unlocking DB
[E 16:49:25 77702] Unlocked DB
[E 16:49:25 77702] Extractor exited successfully
[T 16:49:25 77700] Extractor /Users/sheenie/Desktop/codeql/cpp/tools/osx64/extractor terminated with exit code 0.
[T 16:49:25 77703] Attempting to switch stdout/stderr to 4...
[T 16:49:25 77703] Initializing tracer.
[T 16:49:25 77703] Initializing tags.
[T 16:49:25 77703] ID set to 0000000000012F87_0000000000000001 (parent 0000000000012F82_0000000000000002)
[E 16:49:25 77703] CodeQL C/C++ Extractor 2.25.4
[E 16:49:25 77703] Current directory: /Users/sheenie/Desktop/my_cases/taint+buffer_trimmed
[E 16:49:25 77703] Command: /Users/sheenie/Desktop/codeql/cpp/tools/osx64/extractor --mimic /library/developer/commandlinetools/usr/bin/clang -c CWE122_Heap_Based_Buffer_Overflow__char_type_overrun_memcpy_02.c
[E 16:49:25 77703] Checking whether C compilation already happened.
[E 16:49:25 77703] Checking for tag c-compilation-happened
[E 16:49:25 77703] Checking CODEQL_TRACER_DB_ID 0000000000012F82_0000000000000002
[E 16:49:25 77703] Locking DB /Users/sheenie/Desktop/my_cases/taint+buffer_trimmed/cwe121-db/working/tags.db
[E 16:49:25 77703] Locked DB /Users/sheenie/Desktop/my_cases/taint+buffer_trimmed/cwe121-db/working/tags.db
[E 16:49:25 77703] Unlocking DB
[E 16:49:25 77703] Unlocked DB
[E 16:49:25 77703] Exiting as C compilation already happened.
[T 16:49:25 77698] Extractor /Users/sheenie/Desktop/codeql/cpp/tools/osx64/extractor terminated with exit code 0.
[T 16:49:25 77704] Attempting to switch stdout/stderr to 4...
[T 16:49:25 77704] Initializing tracer.
[T 16:49:25 77704] Initializing tags.
[T 16:49:25 77704] ID set to 0000000000012F88_0000000000000001 (parent 0000000000012F81_0000000000000001)
[E 16:49:25 77704] CodeQL C/C++ Extractor 2.25.4
[E 16:49:25 77704] Current directory: /Users/sheenie/Desktop/my_cases/taint+buffer_trimmed
[E 16:49:25 77704] Command: /Users/sheenie/Desktop/codeql/cpp/tools/osx64/extractor --mimic /library/developer/commandlinetools/usr/bin/gcc -c CWE122_Heap_Based_Buffer_Overflow__char_type_overrun_memcpy_02.c
[E 16:49:25 77704] Checking whether C compilation already happened.
[E 16:49:25 77704] Checking for tag c-compilation-happened
[E 16:49:25 77704] Checking CODEQL_TRACER_DB_ID 0000000000012F81_0000000000000001
[E 16:49:25 77704] Locking DB /Users/sheenie/Desktop/my_cases/taint+buffer_trimmed/cwe121-db/working/tags.db
[E 16:49:25 77704] Locked DB /Users/sheenie/Desktop/my_cases/taint+buffer_trimmed/cwe121-db/working/tags.db
[E 16:49:25 77704] Unlocking DB
[E 16:49:25 77704] Unlocked DB
[E 16:49:25 77704] Exiting as C compilation already happened.
[T 16:49:25 77697] Extractor /Users/sheenie/Desktop/codeql/cpp/tools/osx64/extractor terminated with exit code 0.
[T 16:49:25 77705] Attempting to switch stdout/stderr to 4...
[T 16:49:25 77705] Initializing tracer.
[T 16:49:25 77705] Initializing tags.
[T 16:49:25 77705] ID set to 0000000000012F89_0000000000000001 (parent 0000000000012F80_0000000000000001)
[E 16:49:25 77705] CodeQL C/C++ Extractor 2.25.4
[E 16:49:25 77705] Current directory: /Users/sheenie/Desktop/my_cases/taint+buffer_trimmed
[E 16:49:25 77705] Command: /Users/sheenie/Desktop/codeql/cpp/tools/osx64/extractor --mimic /usr/bin/gcc -c CWE122_Heap_Based_Buffer_Overflow__char_type_overrun_memcpy_02.c
[E 16:49:25 77705] Checking whether C compilation already happened.
[E 16:49:25 77705] Checking for tag c-compilation-happened
[E 16:49:25 77705] Checking CODEQL_TRACER_DB_ID 0000000000012F80_0000000000000001
[E 16:49:25 77705] Locking DB /Users/sheenie/Desktop/my_cases/taint+buffer_trimmed/cwe121-db/working/tags.db
[E 16:49:25 77705] Locked DB /Users/sheenie/Desktop/my_cases/taint+buffer_trimmed/cwe121-db/working/tags.db
[E 16:49:25 77705] Unlocking DB
[E 16:49:25 77705] Unlocked DB
[E 16:49:25 77705] Exiting as C compilation already happened.
[T 16:49:25 77696] Extractor /Users/sheenie/Desktop/codeql/cpp/tools/osx64/extractor terminated with exit code 0.
[T 16:49:25 77706] Initializing tracer.
[T 16:49:25 77706] Initializing tags.
[T 16:49:25 77706] ID set to 0000000000012F8A_0000000000000001 (parent 0000000000012E85_0000000000000004)
[T 16:49:25 77706] ==== Candidate to intercept: /usr/bin/gcc (canonical: /usr/bin/gcc) ====
[T 16:49:25 77706] Lua: === Intercepted call to /usr/bin/gcc ===
[T 16:49:25 77706] Executing the following tracer actions:
[T 16:49:25 77706] Tracer actions:
[T 16:49:25 77706] pre_invocations(0)
[T 16:49:25 77706] post_invocations(1)
[T 16:49:25 77706] invocation: /Users/sheenie/Desktop/codeql/cpp/tools/osx64/extractor, args: [--mimic, /usr/bin/gcc, -c, CWE122_Heap_Based_Buffer_Overflow__char_type_overrun_memcpy_03.c]
[T 16:49:25 77706] trace_languages(1): [cpp]
[T 16:49:25 77707] Initializing tracer.
[T 16:49:25 77707] Initializing tags.
[T 16:49:25 77707] ID set to 0000000000012F8B_0000000000000001 (parent 0000000000012F8A_0000000000000001)
[T 16:49:25 77707] ==== Candidate to intercept: /Library/Developer/CommandLineTools/usr/bin/gcc (canonical: /Library/Developer/CommandLineTools/usr/bin/gcc) ====
[T 16:49:25 77707] Lua: === Intercepted call to /library/developer/commandlinetools/usr/bin/gcc ===
[T 16:49:25 77707] Executing the following tracer actions:
[T 16:49:25 77707] Tracer actions:
[T 16:49:25 77707] pre_invocations(0)
[T 16:49:25 77707] post_invocations(1)
[T 16:49:25 77707] invocation: /Users/sheenie/Desktop/codeql/cpp/tools/osx64/extractor, args: [--mimic, /library/developer/commandlinetools/usr/bin/gcc, -c, CWE122_Heap_Based_Buffer_Overflow__char_type_overrun_memcpy_03.c]
[T 16:49:25 77707] trace_languages(1): [cpp]
[T 16:49:25 77708] Initializing tracer.
[T 16:49:25 77708] Initializing tags.
[T 16:49:25 77708] ID set to 0000000000012F8C_0000000000000001 (parent 0000000000012F8B_0000000000000001)
[T 16:49:25 77708] ==== Candidate to intercept: /usr/bin/xcrun (canonical: /usr/bin/xcrun) ====
[T 16:49:25 77708] Executing the following tracer actions:
[T 16:49:25 77708] Tracer actions:
[T 16:49:25 77708] pre_invocations(0)
[T 16:49:25 77708] post_invocations(0)
[T 16:49:25 77708] trace_languages(1): [cpp]
[T 16:49:25 77708] Initializing tracer.
[T 16:49:25 77708] Initializing tags.
[T 16:49:25 77708] ID set to 0000000000012F8C_0000000000000002 (parent 0000000000012F8C_0000000000000001)
[T 16:49:25 77708] ==== Candidate to intercept: /Library/Developer/CommandLineTools/usr/bin/clang (canonical: /Library/Developer/CommandLineTools/usr/bin/clang) ====
[T 16:49:25 77708] Lua: === Intercepted call to /library/developer/commandlinetools/usr/bin/clang ===
[T 16:49:25 77708] Executing the following tracer actions:
[T 16:49:25 77708] Tracer actions:
[T 16:49:25 77708] pre_invocations(0)
[T 16:49:25 77708] post_invocations(1)
[T 16:49:25 77708] invocation: /Users/sheenie/Desktop/codeql/cpp/tools/osx64/extractor, args: [--mimic, /library/developer/commandlinetools/usr/bin/clang, -c, CWE122_Heap_Based_Buffer_Overflow__char_type_overrun_memcpy_03.c]
[T 16:49:25 77708] trace_languages(1): [cpp]
[T 16:49:25 77710] Initializing tracer.
[T 16:49:25 77710] Initializing tags.
[T 16:49:25 77710] ID set to 0000000000012F8E_0000000000000001 (parent 0000000000012F8C_0000000000000002)
[T 16:49:25 77710] ==== Candidate to intercept: /Library/Developer/CommandLineTools/usr/bin/clang (canonical: /Library/Developer/CommandLineTools/usr/bin/clang) ====
[T 16:49:25 77710] Lua: === Intercepted call to /library/developer/commandlinetools/usr/bin/clang ===
[T 16:49:25 77710] Executing the following tracer actions:
[T 16:49:25 77710] Tracer actions:
[T 16:49:25 77710] pre_invocations(0)
[T 16:49:25 77710] post_invocations(1)
[T 16:49:25 77710] invocation: /Users/sheenie/Desktop/codeql/cpp/tools/osx64/extractor, args: [--mimic, /library/developer/commandlinetools/usr/bin/clang, -cc1, -triple, x86_64-apple-macosx14.4.0, -Wundef-prefix=TARGET_OS_, -Wdeprecated-objc-isa-usage, -Werror=deprecated-objc-isa-usage, -Werror=implicit-function-declaration, -emit-obj, -mrelax-all, --mrelax-relocations, -disable-free, -clear-ast-before-backend, -disable-llvm-verifier, -discard-value-names, -main-file-name, CWE122_Heap_Based_Buffer_Overflow__char_type_overrun_memcpy_03.c, -mrelocation-model, pic, -pic-level, 2, -mframe-pointer=all, -fno-strict-return, -ffp-contract=on, -fno-rounding-math, -funwind-tables=2, -target-sdk-version=14.4, -fvisibility-inlines-hidden-static-local-var, -target-cpu, penryn, -tune-cpu, generic, -debugger-tuning=lldb, -target-linker-version, 1053.12, -fcoverage-compilation-dir=/Users/sheenie/Desktop/my_cases/taint+buffer_trimmed, -resource-dir, /Library/Developer/CommandLineTools/usr/lib/clang/15.0.0, -isysroot, /Library/Developer/CommandLineTools/SDKs/MacOSX.sdk, -I/usr/local/include, -internal-isystem, /Library/Developer/CommandLineTools/SDKs/MacOSX.sdk/usr/local/include, -internal-isystem, /Library/Developer/CommandLineTools/usr/lib/clang/15.0.0/include, -internal-externc-isystem, /Library/Developer/CommandLineTools/SDKs/MacOSX.sdk/usr/include, -internal-externc-isystem, /Library/Developer/CommandLineTools/usr/include, -Wno-reorder-init-list, -Wno-implicit-int-float-conversion, -Wno-c99-designator, -Wno-final-dtor-non-final-class, -Wno-extra-semi-stmt, -Wno-misleading-indentation, -Wno-quoted-include-in-framework-header, -Wno-implicit-fallthrough, -Wno-enum-enum-conversion, -Wno-enum-float-conversion, -Wno-elaborated-enum-base, -Wno-reserved-identifier, -Wno-gnu-folding-constant, -fdebug-compilation-dir=/Users/sheenie/Desktop/my_cases/taint+buffer_trimmed, -ferror-limit, 19, -stack-protector, 1, -fstack-check, -mdarwin-stkchk-strong-link, -fblocks, -fencode-extended-block-signature, -fregister-global-dtors-with-atexit, -fgnuc-version=4.2.1, -fmax-type-align=16, -fcommon, -clang-vendor-feature=+disableNonDependentMemberExprInCurrentInstantiation, -fno-odr-hash-protocols, -clang-vendor-feature=+enableAggressiveVLAFolding, -clang-vendor-feature=+revert09abecef7bbf, -clang-vendor-feature=+thisNoAlignAttr, -clang-vendor-feature=+thisNoNullAttr, -mllvm, -disable-aligned-alloc-awareness=1, -D__GCC_HAVE_DWARF2_CFI_ASM=1, -o, CWE122_Heap_Based_Buffer_Overflow__char_type_overrun_memcpy_03.o, -x, c, CWE122_Heap_Based_Buffer_Overflow__char_type_overrun_memcpy_03.c]
[T 16:49:25 77710] trace_languages(1): [cpp]
[T 16:49:25 77712] Attempting to switch stdout/stderr to 4...
[T 16:49:25 77712] Initializing tracer.
[T 16:49:25 77712] Initializing tags.
[T 16:49:25 77712] ID set to 0000000000012F90_0000000000000001 (parent 0000000000012F8E_0000000000000001)
[E 16:49:25 77712] CodeQL C/C++ Extractor 2.25.4
[E 16:49:25 77712] Current directory: /Users/sheenie/Desktop/my_cases/taint+buffer_trimmed
[E 16:49:25 77712] Command: /Users/sheenie/Desktop/codeql/cpp/tools/osx64/extractor --mimic /library/developer/commandlinetools/usr/bin/clang -cc1 -triple x86_64-apple-macosx14.4.0 -Wundef-prefix=TARGET_OS_ -Wdeprecated-objc-isa-usage -Werror=deprecated-objc-isa-usage -Werror=implicit-function-declaration -emit-obj -mrelax-all --mrelax-relocations -disable-free -clear-ast-before-backend -disable-llvm-verifier -discard-value-names -main-file-name CWE122_Heap_Based_Buffer_Overflow__char_type_overrun_memcpy_03.c -mrelocation-model pic -pic-level 2 -mframe-pointer=all -fno-strict-return -ffp-contract=on -fno-rounding-math -funwind-tables=2 -target-sdk-version=14.4 -fvisibility-inlines-hidden-static-local-var -target-cpu penryn -tune-cpu generic -debugger-tuning=lldb -target-linker-version 1053.12 -fcoverage-compilation-dir=/Users/sheenie/Desktop/my_cases/taint+buffer_trimmed -resource-dir /Library/Developer/CommandLineTools/usr/lib/clang/15.0.0 -isysroot /Library/Developer/CommandLineTools/SDKs/MacOSX.sdk -I/usr/local/include -internal-isystem /Library/Developer/CommandLineTools/SDKs/MacOSX.sdk/usr/local/include -internal-isystem /Library/Developer/CommandLineTools/usr/lib/clang/15.0.0/include -internal-externc-isystem /Library/Developer/CommandLineTools/SDKs/MacOSX.sdk/usr/include -internal-externc-isystem /Library/Developer/CommandLineTools/usr/include -Wno-reorder-init-list -Wno-implicit-int-float-conversion -Wno-c99-designator -Wno-final-dtor-non-final-class -Wno-extra-semi-stmt -Wno-misleading-indentation -Wno-quoted-include-in-framework-header -Wno-implicit-fallthrough -Wno-enum-enum-conversion -Wno-enum-float-conversion -Wno-elaborated-enum-base -Wno-reserved-identifier -Wno-gnu-folding-constant -fdebug-compilation-dir=/Users/sheenie/Desktop/my_cases/taint+buffer_trimmed -ferror-limit 19 -stack-protector 1 -fstack-check -mdarwin-stkchk-strong-link -fblocks -fencode-extended-block-signature -fregister-global-dtors-with-atexit -fgnuc-version=4.2.1 -fmax-type-align=16 -fcommon -clang-vendor-feature=+disableNonDependentMemberExprInCurrentInstantiation -fno-odr-hash-protocols -clang-vendor-feature=+enableAggressiveVLAFolding -clang-vendor-feature=+revert09abecef7bbf -clang-vendor-feature=+thisNoAlignAttr -clang-vendor-feature=+thisNoNullAttr -mllvm -disable-aligned-alloc-awareness=1 -D__GCC_HAVE_DWARF2_CFI_ASM=1 -o CWE122_Heap_Based_Buffer_Overflow__char_type_overrun_memcpy_03.o -x c CWE122_Heap_Based_Buffer_Overflow__char_type_overrun_memcpy_03.c
[E 16:49:25 77712] Warning: Unrecognized command line argument -mllvm
[E 16:49:25 77712] Warning: Unrecognized command line argument -disable-aligned-alloc-awareness=1
[E 16:49:25 77712] Checking whether C compilation already happened.
[E 16:49:25 77712] Checking for tag c-compilation-happened
[E 16:49:25 77712] Checking CODEQL_TRACER_DB_ID 0000000000012F8E_0000000000000001
[E 16:49:25 77712] Locking DB /Users/sheenie/Desktop/my_cases/taint+buffer_trimmed/cwe121-db/working/tags.db
[E 16:49:25 77712] Locked DB /Users/sheenie/Desktop/my_cases/taint+buffer_trimmed/cwe121-db/working/tags.db
[E 16:49:25 77712] Unlocking DB
[E 16:49:25 77712] Unlocked DB
[E 16:49:25 77712] Looks like C compilation didn't already happen.
[E 16:49:25 77712] Checking whether C compilation has been attempted.
[E 16:49:25 77712] Checking for tag c-compilation-attempted
[E 16:49:25 77712] Checking CODEQL_TRACER_DB_ID 0000000000012F8E_0000000000000001
[E 16:49:25 77712] Locking DB /Users/sheenie/Desktop/my_cases/taint+buffer_trimmed/cwe121-db/working/tags.db
[E 16:49:25 77712] Locked DB /Users/sheenie/Desktop/my_cases/taint+buffer_trimmed/cwe121-db/working/tags.db
[E 16:49:25 77712] Unlocking DB
[E 16:49:25 77712] Unlocked DB
[E 16:49:25 77712] Marking C compilation as attempted.
[E 16:49:25 77712] Setting tag c-compilation-attempted
[E 16:49:25 77712] Starting from CODEQL_TRACER_DB_ID 0000000000012F8E_0000000000000001
[E 16:49:25 77712] Locking DB /Users/sheenie/Desktop/my_cases/taint+buffer_trimmed/cwe121-db/working/tags.db
[E 16:49:25 77712] Locked DB /Users/sheenie/Desktop/my_cases/taint+buffer_trimmed/cwe121-db/working/tags.db
[E 16:49:25 77712] Set tag for 0000000000012F8E_0000000000000001
[E 16:49:25 77712] Set tag for 0000000000012F8C_0000000000000002
[E 16:49:25 77712] Set tag for 0000000000012F8C_0000000000000001
[E 16:49:25 77712] Set tag for 0000000000012F8B_0000000000000001
[E 16:49:25 77712] Set tag for 0000000000012F8A_0000000000000001
[E 16:49:25 77712] Set tag for 0000000000012E85_0000000000000004
[E 16:49:25 77712] Set tag for 0000000000012E85_0000000000000003
[E 16:49:25 77712] Set tag for 0000000000012E85_0000000000000002
[E 16:49:25 77712] Set tag for root
[E 16:49:25 77712] Unlocking DB
[E 16:49:25 77712] Unlocked DB
[E 16:49:25 77712] Processed command line: /Users/sheenie/Desktop/codeql/cpp/tools/osx64/extractor --trapfolder /Users/sheenie/Desktop/my_cases/taint+buffer_trimmed/cwe121-db/trap/cpp --src_archive /Users/sheenie/Desktop/my_cases/taint+buffer_trimmed/cwe121-db/src --object_filename CWE122_Heap_Based_Buffer_Overflow__char_type_overrun_memcpy_03.o --no_warnings_and_discretionary_errors --error_limit 1000 --disable_system_macros --variadic_macros --incognito --gcc --clang_version 160000 --gnu_version 40801 --has_feature_vector 11111111111111111000000000000000000000000000000000000000000000000000011 --clang --target linux_x86_64 -D_LP64=1 -D__APPLE_CC__=6000 -D__APPLE__=1 -D__ATOMIC_ACQUIRE=2 -D__ATOMIC_ACQ_REL=4 -D__ATOMIC_CONSUME=1 -D__ATOMIC_RELAXED=0 -D__ATOMIC_RELEASE=3 -D__ATOMIC_SEQ_CST=5 -D__BIGGEST_ALIGNMENT__=16 -D__BITINT_MAXWIDTH__=128 -D__BLOCKS__=1 -D__BOOL_WIDTH__=8 -D__BYTE_ORDER__=__ORDER_LITTLE_ENDIAN__ -D__CHAR_BIT__=8 -D__CLANG_ATOMIC_BOOL_LOCK_FREE=2 -D__CLANG_ATOMIC_CHAR16_T_LOCK_FREE=2 -D__CLANG_ATOMIC_CHAR32_T_LOCK_FREE=2 -D__CLANG_ATOMIC_CHAR_LOCK_FREE=2 -D__CLANG_ATOMIC_INT_LOCK_FREE=2 -D__CLANG_ATOMIC_LLONG_LOCK_FREE=2 -D__CLANG_ATOMIC_LONG_LOCK_FREE=2 -D__CLANG_ATOMIC_POINTER_LOCK_FREE=2 -D__CLANG_ATOMIC_SHORT_LOCK_FREE=2 -D__CLANG_ATOMIC_WCHAR_T_LOCK_FREE=2 -D__CONSTANT_CFSTRINGS__=1 -D__DBL_DECIMAL_DIG__=17 -D__DBL_DENORM_MIN__=4.9406564584124654e-324 -D__DBL_DIG__=15 -D__DBL_EPSILON__=2.2204460492503131e-16 -D__DBL_HAS_DENORM__=1 -D__DBL_HAS_INFINITY__=1 -D__DBL_HAS_QUIET_NAN__=1 -D__DBL_MANT_DIG__=53 -D__DBL_MAX_10_EXP__=308 -D__DBL_MAX_EXP__=1024 -D__DBL_MAX__=1.7976931348623157e+308 '-D__DBL_MIN_10_EXP__=(-307)' '-D__DBL_MIN_EXP__=(-1021)' -D__DBL_MIN__=2.2250738585072014e-308 -D__DECIMAL_DIG__=__LDBL_DECIMAL_DIG__ -D__DYNAMIC__=1 -D__ENVIRONMENT_MAC_OS_X_VERSION_MIN_REQUIRED__=140400 -D__ENVIRONMENT_OS_VERSION_MIN_REQUIRED__=140400 -D__FINITE_MATH_ONLY__=0 -D__FLT16_DECIMAL_DIG__=5 -D__FLT16_DENORM_MIN__=5.9604644775390625e-8F16 -D__FLT16_DIG__=3 -D__FLT16_EPSILON__=9.765625e-4F16 -D__FLT16_HAS_DENORM__=1 -D__FLT16_HAS_INFINITY__=1 -D__FLT16_HAS_QUIET_NAN__=1 -D__FLT16_MANT_DIG__=11 -D__FLT16_MAX_10_EXP__=4 -D__FLT16_MAX_EXP__=16 -D__FLT16_MAX__=6.5504e+4F16 '-D__FLT16_MIN_10_EXP__=(-4)' '-D__FLT16_MIN_EXP__=(-13)' -D__FLT16_MIN__=6.103515625e-5F16 -D__FLT_DECIMAL_DIG__=9 -D__FLT_DENORM_MIN__=1.40129846e-45F -D__FLT_DIG__=6 -D__FLT_EPSILON__=1.19209290e-7F -D__FLT_HAS_DENORM__=1 -D__FLT_HAS_INFINITY__=1 -D__FLT_HAS_QUIET_NAN__=1 -D__FLT_MANT_DIG__=24 -D__FLT_MAX_10_EXP__=38 -D__FLT_MAX_EXP__=128 -D__FLT_MAX__=3.40282347e+38F '-D__FLT_MIN_10_EXP__=(-37)' '-D__FLT_MIN_EXP__=(-125)' -D__FLT_MIN__=1.17549435e-38F -D__FLT_RADIX__=2 -D__FXSR__=1 -D__GCC_ASM_FLAG_OUTPUTS__=1 -D__GCC_ATOMIC_BOOL_LOCK_FREE=2 -D__GCC_ATOMIC_CHAR16_T_LOCK_FREE=2 -D__GCC_ATOMIC_CHAR32_T_LOCK_FREE=2 -D__GCC_ATOMIC_CHAR_LOCK_FREE=2 -D__GCC_ATOMIC_INT_LOCK_FREE=2 -D__GCC_ATOMIC_LLONG_LOCK_FREE=2 -D__GCC_ATOMIC_LONG_LOCK_FREE=2 -D__GCC_ATOMIC_POINTER_LOCK_FREE=2 -D__GCC_ATOMIC_SHORT_LOCK_FREE=2 -D__GCC_ATOMIC_TEST_AND_SET_TRUEVAL=1 -D__GCC_ATOMIC_WCHAR_T_LOCK_FREE=2 -D__GCC_HAVE_SYNC_COMPARE_AND_SWAP_1=1 -D__GCC_HAVE_SYNC_COMPARE_AND_SWAP_16=1 -D__GCC_HAVE_SYNC_COMPARE_AND_SWAP_2=1 -D__GCC_HAVE_SYNC_COMPARE_AND_SWAP_4=1 -D__GCC_HAVE_SYNC_COMPARE_AND_SWAP_8=1 -D__GNUC_MINOR__=2 -D__GNUC_PATCHLEVEL__=1 -D__GNUC__=4 -D__GXX_ABI_VERSION=1002 -D__INT16_C_SUFFIX__= '-D__INT16_FMTd__="hd"' '-D__INT16_FMTi__="hi"' -D__INT16_MAX__=32767 -D__INT16_TYPE__=short -D__INT32_C_SUFFIX__= '-D__INT32_FMTd__="d"' '-D__INT32_FMTi__="i"' -D__INT32_MAX__=2147483647 -D__INT32_TYPE__=int -D__INT64_C_SUFFIX__=LL '-D__INT64_FMTd__="lld"' '-D__INT64_FMTi__="lli"' -D__INT64_MAX__=9223372036854775807LL '-D__INT64_TYPE__=long long int' -D__INT8_C_SUFFIX__= '-D__INT8_FMTd__="hhd"' '-D__INT8_FMTi__="hhi"' -D__INT8_MAX__=127 '-D__INT8_TYPE__=signed char' -D__INTMAX_C_SUFFIX__=L '-D__INTMAX_FMTd__="ld"' '-D__INTMAX_FMTi__="li"' -D__INTMAX_MAX__=9223372036854775807L '-D__INTMAX_TYPE__=long int' -D__INTMAX_WIDTH__=64 '-D__INTPTR_FMTd__="ld"' '-D__INTPTR_FMTi__="li"' -D__INTPTR_MAX__=9223372036854775807L '-D__INTPTR_TYPE__=long int' -D__INTPTR_WIDTH__=64 '-D__INT_FAST16_FMTd__="hd"' '-D__INT_FAST16_FMTi__="hi"' -D__INT_FAST16_MAX__=32767 -D__INT_FAST16_TYPE__=short -D__INT_FAST16_WIDTH__=16 '-D__INT_FAST32_FMTd__="d"' '-D__INT_FAST32_FMTi__="i"' -D__INT_FAST32_MAX__=2147483647 -D__INT_FAST32_TYPE__=int -D__INT_FAST32_WIDTH__=32 '-D__INT_FAST64_FMTd__="lld"' '-D__INT_FAST64_FMTi__="lli"' -D__INT_FAST64_MAX__=9223372036854775807LL '-D__INT_FAST64_TYPE__=long long int' -D__INT_FAST64_WIDTH__=64 '-D__INT_FAST8_FMTd__="hhd"' '-D__INT_FAST8_FMTi__="hhi"' -D__INT_FAST8_MAX__=127 '-D__INT_FAST8_TYPE__=signed char' -D__INT_FAST8_WIDTH__=8 '-D__INT_LEAST16_FMTd__="hd"' '-D__INT_LEAST16_FMTi__="hi"' -D__INT_LEAST16_MAX__=32767 -D__INT_LEAST16_TYPE__=short -D__INT_LEAST16_WIDTH__=16 '-D__INT_LEAST32_FMTd__="d"' '-D__INT_LEAST32_FMTi__="i"' -D__INT_LEAST32_MAX__=2147483647 -D__INT_LEAST32_TYPE__=int -D__INT_LEAST32_WIDTH__=32 '-D__INT_LEAST64_FMTd__="lld"' '-D__INT_LEAST64_FMTi__="lli"' -D__INT_LEAST64_MAX__=9223372036854775807LL '-D__INT_LEAST64_TYPE__=long long int' -D__INT_LEAST64_WIDTH__=64 '-D__INT_LEAST8_FMTd__="hhd"' '-D__INT_LEAST8_FMTi__="hhi"' -D__INT_LEAST8_MAX__=127 '-D__INT_LEAST8_TYPE__=signed char' -D__INT_LEAST8_WIDTH__=8 -D__INT_MAX__=2147483647 -D__INT_WIDTH__=32 -D__LAHF_SAHF__=1 -D__LDBL_DECIMAL_DIG__=21 -D__LDBL_DENORM_MIN__=3.64519953188247460253e-4951L -D__LDBL_DIG__=18 -D__LDBL_EPSILON__=1.08420217248550443401e-19L -D__LDBL_HAS_DENORM__=1 -D__LDBL_HAS_INFINITY__=1 -D__LDBL_HAS_QUIET_NAN__=1 -D__LDBL_MANT_DIG__=64 -D__LDBL_MAX_10_EXP__=4932 -D__LDBL_MAX_EXP__=16384 -D__LDBL_MAX__=1.18973149535723176502e+4932L '-D__LDBL_MIN_10_EXP__=(-4931)' '-D__LDBL_MIN_EXP__=(-16381)' -D__LDBL_MIN__=3.36210314311209350626e-4932L -D__LITTLE_ENDIAN__=1 -D__LLONG_WIDTH__=64 -D__LONG_LONG_MAX__=9223372036854775807LL -D__LONG_MAX__=9223372036854775807L -D__LONG_WIDTH__=64 -D__LP64__=1 -D__MACH__=1 -D__MMX__=1 -D__NO_INLINE__=1 -D__NO_MATH_ERRNO__=1 -D__NO_MATH_INLINES=1 -D__OBJC_BOOL_IS_BOOL=0 -D__OPENCL_MEMORY_SCOPE_ALL_SVM_DEVICES=3 -D__OPENCL_MEMORY_SCOPE_DEVICE=2 -D__OPENCL_MEMORY_SCOPE_SUB_GROUP=4 -D__OPENCL_MEMORY_SCOPE_WORK_GROUP=1 -D__OPENCL_MEMORY_SCOPE_WORK_ITEM=0 -D__ORDER_BIG_ENDIAN__=4321 -D__ORDER_LITTLE_ENDIAN__=1234 -D__ORDER_PDP_ENDIAN__=3412 -D__PIC__=2 -D__POINTER_WIDTH__=64 -D__PRAGMA_REDEFINE_EXTNAME=1 '-D__PTRDIFF_FMTd__="ld"' '-D__PTRDIFF_FMTi__="li"' -D__PTRDIFF_MAX__=9223372036854775807L '-D__PTRDIFF_TYPE__=long int' -D__PTRDIFF_WIDTH__=64 -D__REGISTER_PREFIX__= -D__SCHAR_MAX__=127 -D__SEG_FS=1 -D__SEG_GS=1 -D__SHRT_MAX__=32767 -D__SHRT_WIDTH__=16 -D__SIG_ATOMIC_MAX__=2147483647 -D__SIG_ATOMIC_WIDTH__=32 -D__SIZEOF_DOUBLE__=8 -D__SIZEOF_FLOAT__=4 -D__SIZEOF_INT128__=16 -D__SIZEOF_INT__=4 -D__SIZEOF_LONG_DOUBLE__=16 -D__SIZEOF_LONG_LONG__=8 -D__SIZEOF_LONG__=8 -D__SIZEOF_POINTER__=8 -D__SIZEOF_PTRDIFF_T__=8 -D__SIZEOF_SHORT__=2 -D__SIZEOF_SIZE_T__=8 -D__SIZEOF_WCHAR_T__=4 -D__SIZEOF_WINT_T__=4 '-D__SIZE_FMTX__="lX"' '-D__SIZE_FMTo__="lo"' '-D__SIZE_FMTu__="lu"' '-D__SIZE_FMTx__="lx"' -D__SIZE_MAX__=18446744073709551615UL '-D__SIZE_TYPE__=long unsigned int' -D__SIZE_WIDTH__=64 -D__SSE2_MATH__=1 -D__SSE2__=1 -D__SSE3__=1 -D__SSE4_1__=1 -D__SSE_MATH__=1 -D__SSE__=1 -D__SSSE3__=1 -D__STDC_NO_THREADS__=1 -D__STDC_UTF_16__=1 -D__STDC_UTF_32__=1 -D__UINT16_C_SUFFIX__= '-D__UINT16_FMTX__="hX"' '-D__UINT16_FMTo__="ho"' '-D__UINT16_FMTu__="hu"' '-D__UINT16_FMTx__="hx"' -D__UINT16_MAX__=65535 '-D__UINT16_TYPE__=unsigned short' -D__UINT32_C_SUFFIX__=U '-D__UINT32_FMTX__="X"' '-D__UINT32_FMTo__="o"' '-D__UINT32_FMTu__="u"' '-D__UINT32_FMTx__="x"' -D__UINT32_MAX__=4294967295U '-D__UINT32_TYPE__=unsigned int' -D__UINT64_C_SUFFIX__=ULL '-D__UINT64_FMTX__="llX"' '-D__UINT64_FMTo__="llo"' '-D__UINT64_FMTu__="llu"' '-D__UINT64_FMTx__="llx"' -D__UINT64_MAX__=18446744073709551615ULL '-D__UINT64_TYPE__=long long unsigned int' -D__UINT8_C_SUFFIX__= '-D__UINT8_FMTX__="hhX"' '-D__UINT8_FMTo__="hho"' '-D__UINT8_FMTu__="hhu"' '-D__UINT8_FMTx__="hhx"' -D__UINT8_MAX__=255 '-D__UINT8_TYPE__=unsigned char' -D__UINTMAX_C_SUFFIX__=UL '-D__UINTMAX_FMTX__="lX"' '-D__UINTMAX_FMTo__="lo"' '-D__UINTMAX_FMTu__="lu"' '-D__UINTMAX_FMTx__="lx"' -D__UINTMAX_MAX__=18446744073709551615UL '-D__UINTMAX_TYPE__=long unsigned int' -D__UINTMAX_WIDTH__=64 '-D__UINTPTR_FMTX__="lX"' '-D__UINTPTR_FMTo__="lo"' '-D__UINTPTR_FMTu__="lu"' '-D__UINTPTR_FMTx__="lx"' -D__UINTPTR_MAX__=18446744073709551615UL '-D__UINTPTR_TYPE__=long unsigned int' -D__UINTPTR_WIDTH__=64 '-D__UINT_FAST16_FMTX__="hX"' '-D__UINT_FAST16_FMTo__="ho"' '-D__UINT_FAST16_FMTu__="hu"' '-D__UINT_FAST16_FMTx__="hx"' -D__UINT_FAST16_MAX__=65535 '-D__UINT_FAST16_TYPE__=unsigned short' '-D__UINT_FAST32_FMTX__="X"' '-D__UINT_FAST32_FMTo__="o"' '-D__UINT_FAST32_FMTu__="u"' '-D__UINT_FAST32_FMTx__="x"' -D__UINT_FAST32_MAX__=4294967295U '-D__UINT_FAST32_TYPE__=unsigned int' '-D__UINT_FAST64_FMTX__="llX"' '-D__UINT_FAST64_FMTo__="llo"' '-D__UINT_FAST64_FMTu__="llu"' '-D__UINT_FAST64_FMTx__="llx"' -D__UINT_FAST64_MAX__=18446744073709551615ULL '-D__UINT_FAST64_TYPE__=long long unsigned int' '-D__UINT_FAST8_FMTX__="hhX"' '-D__UINT_FAST8_FMTo__="hho"' '-D__UINT_FAST8_FMTu__="hhu"' '-D__UINT_FAST8_FMTx__="hhx"' -D__UINT_FAST8_MAX__=255 '-D__UINT_FAST8_TYPE__=unsigned char' '-D__UINT_LEAST16_FMTX__="hX"' '-D__UINT_LEAST16_FMTo__="ho"' '-D__UINT_LEAST16_FMTu__="hu"' '-D__UINT_LEAST16_FMTx__="hx"' -D__UINT_LEAST16_MAX__=65535 '-D__UINT_LEAST16_TYPE__=unsigned short' '-D__UINT_LEAST32_FMTX__="X"' '-D__UINT_LEAST32_FMTo__="o"' '-D__UINT_LEAST32_FMTu__="u"' '-D__UINT_LEAST32_FMTx__="x"' -D__UINT_LEAST32_MAX__=4294967295U '-D__UINT_LEAST32_TYPE__=unsigned int' '-D__UINT_LEAST64_FMTX__="llX"' '-D__UINT_LEAST64_FMTo__="llo"' '-D__UINT_LEAST64_FMTu__="llu"' '-D__UINT_LEAST64_FMTx__="llx"' -D__UINT_LEAST64_MAX__=18446744073709551615ULL '-D__UINT_LEAST64_TYPE__=long long unsigned int' '-D__UINT_LEAST8_FMTX__="hhX"' '-D__UINT_LEAST8_FMTo__="hho"' '-D__UINT_LEAST8_FMTu__="hhu"' '-D__UINT_LEAST8_FMTx__="hhx"' -D__UINT_LEAST8_MAX__=255 '-D__UINT_LEAST8_TYPE__=unsigned char' -D__USER_LABEL_PREFIX__=_ '-D__VERSION__="Apple LLVM 15.0.0 (clang-1500.3.9.4)"' -D__WCHAR_MAX__=2147483647 -D__WCHAR_TYPE__=int -D__WCHAR_WIDTH__=32 -D__WINT_MAX__=2147483647 -D__WINT_TYPE__=int -D__WINT_WIDTH__=32 -D__amd64=1 -D__amd64__=1 -D__apple_build_version__=15000309 '-D__block=__attribute__((__blocks__(byref)))' -D__clang__=1 '-D__clang_literal_encoding__="UTF-8"' -D__clang_major__=15 -D__clang_minor__=0 -D__clang_patchlevel__=0 '-D__clang_version__="15.0.0 (clang-1500.3.9.4)"' '-D__clang_wide_literal_encoding__="UTF-32"' -D__code_model_small__=1 -D__core2=1 -D__core2__=1 -D__llvm__=1 -D__nonnull=_Nonnull -D__null_unspecified=_Null_unspecified -D__nullable=_Nullable -D__pic__=2 '-D__seg_fs=__attribute__((address_space(257)))' '-D__seg_gs=__attribute__((address_space(256)))' -D__strong= -D__tune_core2__=1 -D__unsafe_unretained= '-D__weak=__attribute__((objc_gc(weak)))' -D__x86_64=1 -D__x86_64__=1 '-D__private_extern__=extern __attribute__((visibility("hidden")))' --blocks -D__GCC_HAVE_DWARF2_CFI_ASM=1 -I/usr/local/include -I/Library/Developer/CommandLineTools/usr/lib/clang/15.0.0/include -I/Library/Developer/CommandLineTools/SDKs/MacOSX.sdk/usr/include -I/Library/Developer/CommandLineTools/usr/include -F/Library/Developer/CommandLineTools/SDKs/MacOSX.sdk/System/Library/Frameworks -- CWE122_Heap_Based_Buffer_Overflow__char_type_overrun_memcpy_03.c
[E 16:49:25 77712] CODEQL_EXTRACTOR_CPP_TRAP_CACHING is not set
[E 16:49:25 77712] CODEQL_EXTRACTOR_CPP_OPTION_TRAP_CACHE_WRITE is not set
[E 16:49:25 77712] CODEQL_EXTRACTOR_CPP_OPTION_TRAP_CACHE_DIR is not set
[E 16:49:25 77712] Initialising TRAP cache at path: 28/e916/1684f25c806dda2dbeee63f8726b
[E 16:49:25 77712] Not using TRAP cache
[E 16:49:25 77712] TRAP cache miss
[E 16:49:25 77712] Starting compilation TRAP /Users/sheenie/Desktop/my_cases/taint+buffer_trimmed/cwe121-db/trap/cpp/compilations/27/21485388_0.trap.zst
[E 16:49:25 77712] Archiving /Users/sheenie/Desktop/my_cases/taint+buffer_trimmed/cwe121-db/src/Users/sheenie/Desktop/my_cases/taint+buffer_trimmed/CWE122_Heap_Based_Buffer_Overflow__char_type_overrun_memcpy_03.c
[E 16:49:25 77712] Already archived /Users/sheenie/Desktop/my_cases/taint+buffer_trimmed/cwe121-db/src/Users/sheenie/Desktop/my_cases/taint+buffer_trimmed/std_testcase.h
[E 16:49:25 77712] Already archived /Users/sheenie/Desktop/my_cases/taint+buffer_trimmed/cwe121-db/src/Library/Developer/CommandLineTools/SDKs/MacOSX14.4.sdk/usr/include/stdio.h
[E 16:49:25 77712] Already archived /Users/sheenie/Desktop/my_cases/taint+buffer_trimmed/cwe121-db/src/Library/Developer/CommandLineTools/SDKs/MacOSX14.4.sdk/usr/include/_stdio.h
[E 16:49:25 77712] Already archived /Users/sheenie/Desktop/my_cases/taint+buffer_trimmed/cwe121-db/src/Library/Developer/CommandLineTools/SDKs/MacOSX14.4.sdk/usr/include/sys/cdefs.h
[E 16:49:25 77712] Already archived /Users/sheenie/Desktop/my_cases/taint+buffer_trimmed/cwe121-db/src/Library/Developer/CommandLineTools/SDKs/MacOSX14.4.sdk/usr/include/sys/_symbol_aliasing.h
[E 16:49:25 77712] Already archived /Users/sheenie/Desktop/my_cases/taint+buffer_trimmed/cwe121-db/src/Library/Developer/CommandLineTools/SDKs/MacOSX14.4.sdk/usr/include/sys/_posix_availability.h
[E 16:49:25 77712] Already archived /Users/sheenie/Desktop/my_cases/taint+buffer_trimmed/cwe121-db/src/Library/Developer/CommandLineTools/SDKs/MacOSX14.4.sdk/usr/include/Availability.h
[E 16:49:25 77712] Already archived /Users/sheenie/Desktop/my_cases/taint+buffer_trimmed/cwe121-db/src/Library/Developer/CommandLineTools/SDKs/MacOSX14.4.sdk/usr/include/AvailabilityVersions.h
[E 16:49:25 77712] Already archived /Users/sheenie/Desktop/my_cases/taint+buffer_trimmed/cwe121-db/src/Library/Developer/CommandLineTools/SDKs/MacOSX14.4.sdk/usr/include/AvailabilityInternal.h
[E 16:49:25 77712] Already archived /Users/sheenie/Desktop/my_cases/taint+buffer_trimmed/cwe121-db/src/Library/Developer/CommandLineTools/SDKs/MacOSX14.4.sdk/usr/include/AvailabilityInternalLegacy.h
[E 16:49:25 77712] Already archived /Users/sheenie/Desktop/my_cases/taint+buffer_trimmed/cwe121-db/src/Library/Developer/CommandLineTools/SDKs/MacOSX14.4.sdk/usr/include/_types.h
[E 16:49:25 77712] Already archived /Users/sheenie/Desktop/my_cases/taint+buffer_trimmed/cwe121-db/src/Library/Developer/CommandLineTools/SDKs/MacOSX14.4.sdk/usr/include/sys/_types.h
[E 16:49:25 77712] Already archived /Users/sheenie/Desktop/my_cases/taint+buffer_trimmed/cwe121-db/src/Library/Developer/CommandLineTools/SDKs/MacOSX14.4.sdk/usr/include/machine/_types.h
[E 16:49:25 77712] Already archived /Users/sheenie/Desktop/my_cases/taint+buffer_trimmed/cwe121-db/src/Library/Developer/CommandLineTools/SDKs/MacOSX14.4.sdk/usr/include/i386/_types.h
[E 16:49:25 77712] Already archived /Users/sheenie/Desktop/my_cases/taint+buffer_trimmed/cwe121-db/src/Library/Developer/CommandLineTools/SDKs/MacOSX14.4.sdk/usr/include/sys/_pthread/_pthread_types.h
[E 16:49:25 77712] Already archived /Users/sheenie/Desktop/my_cases/taint+buffer_trimmed/cwe121-db/src/Library/Developer/CommandLineTools/SDKs/MacOSX14.4.sdk/usr/include/sys/_types/_va_list.h
[E 16:49:25 77712] Already archived /Users/sheenie/Desktop/my_cases/taint+buffer_trimmed/cwe121-db/src/Library/Developer/CommandLineTools/SDKs/MacOSX14.4.sdk/usr/include/machine/types.h
[E 16:49:25 77712] Already archived /Users/sheenie/Desktop/my_cases/taint+buffer_trimmed/cwe121-db/src/Library/Developer/CommandLineTools/SDKs/MacOSX14.4.sdk/usr/include/i386/types.h
[E 16:49:25 77712] Already archived /Users/sheenie/Desktop/my_cases/taint+buffer_trimmed/cwe121-db/src/Library/Developer/CommandLineTools/SDKs/MacOSX14.4.sdk/usr/include/sys/_types/_int8_t.h
[E 16:49:25 77712] Already archived /Users/sheenie/Desktop/my_cases/taint+buffer_trimmed/cwe121-db/src/Library/Developer/CommandLineTools/SDKs/MacOSX14.4.sdk/usr/include/sys/_types/_int16_t.h
[E 16:49:25 77712] Already archived /Users/sheenie/Desktop/my_cases/taint+buffer_trimmed/cwe121-db/src/Library/Developer/CommandLineTools/SDKs/MacOSX14.4.sdk/usr/include/sys/_types/_int32_t.h
[E 16:49:25 77712] Already archived /Users/sheenie/Desktop/my_cases/taint+buffer_trimmed/cwe121-db/src/Library/Developer/CommandLineTools/SDKs/MacOSX14.4.sdk/usr/include/sys/_types/_int64_t.h
[E 16:49:25 77712] Already archived /Users/sheenie/Desktop/my_cases/taint+buffer_trimmed/cwe121-db/src/Library/Developer/CommandLineTools/SDKs/MacOSX14.4.sdk/usr/include/sys/_types/_u_int8_t.h
[E 16:49:25 77712] Already archived /Users/sheenie/Desktop/my_cases/taint+buffer_trimmed/cwe121-db/src/Library/Developer/CommandLineTools/SDKs/MacOSX14.4.sdk/usr/include/sys/_types/_u_int16_t.h
[E 16:49:25 77712] Already archived /Users/sheenie/Desktop/my_cases/taint+buffer_trimmed/cwe121-db/src/Library/Developer/CommandLineTools/SDKs/MacOSX14.4.sdk/usr/include/sys/_types/_u_int32_t.h
[E 16:49:25 77712] Already archived /Users/sheenie/Desktop/my_cases/taint+buffer_trimmed/cwe121-db/src/Library/Developer/CommandLineTools/SDKs/MacOSX14.4.sdk/usr/include/sys/_types/_u_int64_t.h
[E 16:49:25 77712] Already archived /Users/sheenie/Desktop/my_cases/taint+buffer_trimmed/cwe121-db/src/Library/Developer/CommandLineTools/SDKs/MacOSX14.4.sdk/usr/include/sys/_types/_intptr_t.h
[E 16:49:25 77712] Already archived /Users/sheenie/Desktop/my_cases/taint+buffer_trimmed/cwe121-db/src/Library/Developer/CommandLineTools/SDKs/MacOSX14.4.sdk/usr/include/machine/types.h
[E 16:49:25 77712] Already archived /Users/sheenie/Desktop/my_cases/taint+buffer_trimmed/cwe121-db/src/Library/Developer/CommandLineTools/SDKs/MacOSX14.4.sdk/usr/include/sys/_types/_uintptr_t.h
[E 16:49:25 77712] Already archived /Users/sheenie/Desktop/my_cases/taint+buffer_trimmed/cwe121-db/src/Library/Developer/CommandLineTools/SDKs/MacOSX14.4.sdk/usr/include/sys/_types/_size_t.h
[E 16:49:25 77712] Already archived /Users/sheenie/Desktop/my_cases/taint+buffer_trimmed/cwe121-db/src/Library/Developer/CommandLineTools/SDKs/MacOSX14.4.sdk/usr/include/sys/_types/_null.h
[E 16:49:25 77712] Already archived /Users/sheenie/Desktop/my_cases/taint+buffer_trimmed/cwe121-db/src/Library/Developer/CommandLineTools/SDKs/MacOSX14.4.sdk/usr/include/sys/stdio.h
[E 16:49:25 77712] Already archived /Users/sheenie/Desktop/my_cases/taint+buffer_trimmed/cwe121-db/src/Library/Developer/CommandLineTools/SDKs/MacOSX14.4.sdk/usr/include/sys/_types/_seek_set.h
[E 16:49:25 77712] Already archived /Users/sheenie/Desktop/my_cases/taint+buffer_trimmed/cwe121-db/src/Library/Developer/CommandLineTools/SDKs/MacOSX14.4.sdk/usr/include/_ctermid.h
[E 16:49:25 77712] Already archived /Users/sheenie/Desktop/my_cases/taint+buffer_trimmed/cwe121-db/src/Library/Developer/CommandLineTools/SDKs/MacOSX14.4.sdk/usr/include/sys/_types/_off_t.h
[E 16:49:25 77712] Already archived /Users/sheenie/Desktop/my_cases/taint+buffer_trimmed/cwe121-db/src/Library/Developer/CommandLineTools/SDKs/MacOSX14.4.sdk/usr/include/sys/_types/_ssize_t.h
[E 16:49:25 77712] Already archived /Users/sheenie/Desktop/my_cases/taint+buffer_trimmed/cwe121-db/src/Library/Developer/CommandLineTools/SDKs/MacOSX14.4.sdk/usr/include/secure/_stdio.h
[E 16:49:25 77712] Already archived /Users/sheenie/Desktop/my_cases/taint+buffer_trimmed/cwe121-db/src/Library/Developer/CommandLineTools/SDKs/MacOSX14.4.sdk/usr/include/secure/_common.h
[E 16:49:25 77712] Already archived /Users/sheenie/Desktop/my_cases/taint+buffer_trimmed/cwe121-db/src/Library/Developer/CommandLineTools/SDKs/MacOSX14.4.sdk/usr/include/stdlib.h
[E 16:49:25 77712] Already archived /Users/sheenie/Desktop/my_cases/taint+buffer_trimmed/cwe121-db/src/Library/Developer/CommandLineTools/SDKs/MacOSX14.4.sdk/usr/include/sys/wait.h
[E 16:49:25 77712] Already archived /Users/sheenie/Desktop/my_cases/taint+buffer_trimmed/cwe121-db/src/Library/Developer/CommandLineTools/SDKs/MacOSX14.4.sdk/usr/include/sys/_types/_pid_t.h
[E 16:49:25 77712] Already archived /Users/sheenie/Desktop/my_cases/taint+buffer_trimmed/cwe121-db/src/Library/Developer/CommandLineTools/SDKs/MacOSX14.4.sdk/usr/include/sys/_types/_id_t.h
[E 16:49:25 77712] Already archived /Users/sheenie/Desktop/my_cases/taint+buffer_trimmed/cwe121-db/src/Library/Developer/CommandLineTools/SDKs/MacOSX14.4.sdk/usr/include/sys/signal.h
[E 16:49:25 77712] Already archived /Users/sheenie/Desktop/my_cases/taint+buffer_trimmed/cwe121-db/src/Library/Developer/CommandLineTools/SDKs/MacOSX14.4.sdk/usr/include/sys/appleapiopts.h
[E 16:49:25 77712] Already archived /Users/sheenie/Desktop/my_cases/taint+buffer_trimmed/cwe121-db/src/Library/Developer/CommandLineTools/SDKs/MacOSX14.4.sdk/usr/include/machine/signal.h
[E 16:49:25 77712] Already archived /Users/sheenie/Desktop/my_cases/taint+buffer_trimmed/cwe121-db/src/Library/Developer/CommandLineTools/SDKs/MacOSX14.4.sdk/usr/include/i386/signal.h
[E 16:49:25 77712] Already archived /Users/sheenie/Desktop/my_cases/taint+buffer_trimmed/cwe121-db/src/Library/Developer/CommandLineTools/SDKs/MacOSX14.4.sdk/usr/include/machine/_mcontext.h
[E 16:49:25 77712] Already archived /Users/sheenie/Desktop/my_cases/taint+buffer_trimmed/cwe121-db/src/Library/Developer/CommandLineTools/SDKs/MacOSX14.4.sdk/usr/include/i386/_mcontext.h
[E 16:49:25 77712] Already archived /Users/sheenie/Desktop/my_cases/taint+buffer_trimmed/cwe121-db/src/Library/Developer/CommandLineTools/SDKs/MacOSX14.4.sdk/usr/include/mach/machine/_structs.h
[E 16:49:25 77712] Already archived /Users/sheenie/Desktop/my_cases/taint+buffer_trimmed/cwe121-db/src/Library/Developer/CommandLineTools/SDKs/MacOSX14.4.sdk/usr/include/mach/i386/_structs.h
[E 16:49:25 77712] Already archived /Users/sheenie/Desktop/my_cases/taint+buffer_trimmed/cwe121-db/src/Library/Developer/CommandLineTools/SDKs/MacOSX14.4.sdk/usr/include/sys/_pthread/_pthread_attr_t.h
[E 16:49:25 77712] Already archived /Users/sheenie/Desktop/my_cases/taint+buffer_trimmed/cwe121-db/src/Library/Developer/CommandLineTools/SDKs/MacOSX14.4.sdk/usr/include/sys/_types/_sigaltstack.h
[E 16:49:25 77712] Already archived /Users/sheenie/Desktop/my_cases/taint+buffer_trimmed/cwe121-db/src/Library/Developer/CommandLineTools/SDKs/MacOSX14.4.sdk/usr/include/sys/_types/_ucontext.h
[E 16:49:25 77712] Already archived /Users/sheenie/Desktop/my_cases/taint+buffer_trimmed/cwe121-db/src/Library/Developer/CommandLineTools/SDKs/MacOSX14.4.sdk/usr/include/sys/_types/_sigset_t.h
[E 16:49:25 77712] Already archived /Users/sheenie/Desktop/my_cases/taint+buffer_trimmed/cwe121-db/src/Library/Developer/CommandLineTools/SDKs/MacOSX14.4.sdk/usr/include/sys/_types/_uid_t.h
[E 16:49:25 77712] Already archived /Users/sheenie/Desktop/my_cases/taint+buffer_trimmed/cwe121-db/src/Library/Developer/CommandLineTools/SDKs/MacOSX14.4.sdk/usr/include/sys/resource.h
[E 16:49:25 77712] Already archived /Users/sheenie/Desktop/my_cases/taint+buffer_trimmed/cwe121-db/src/Library/Developer/CommandLineTools/usr/lib/clang/15.0.0/include/stdint.h
[E 16:49:25 77712] Already archived /Users/sheenie/Desktop/my_cases/taint+buffer_trimmed/cwe121-db/src/Library/Developer/CommandLineTools/SDKs/MacOSX14.4.sdk/usr/include/stdint.h
[E 16:49:25 77712] Already archived /Users/sheenie/Desktop/my_cases/taint+buffer_trimmed/cwe121-db/src/Library/Developer/CommandLineTools/SDKs/MacOSX14.4.sdk/usr/include/_types/_uint8_t.h
[E 16:49:25 77712] Already archived /Users/sheenie/Desktop/my_cases/taint+buffer_trimmed/cwe121-db/src/Library/Developer/CommandLineTools/SDKs/MacOSX14.4.sdk/usr/include/_types/_uint16_t.h
[E 16:49:25 77712] Already archived /Users/sheenie/Desktop/my_cases/taint+buffer_trimmed/cwe121-db/src/Library/Developer/CommandLineTools/SDKs/MacOSX14.4.sdk/usr/include/_types/_uint32_t.h
[E 16:49:25 77712] Already archived /Users/sheenie/Desktop/my_cases/taint+buffer_trimmed/cwe121-db/src/Library/Developer/CommandLineTools/SDKs/MacOSX14.4.sdk/usr/include/_types/_uint64_t.h
[E 16:49:25 77712] Already archived /Users/sheenie/Desktop/my_cases/taint+buffer_trimmed/cwe121-db/src/Library/Developer/CommandLineTools/SDKs/MacOSX14.4.sdk/usr/include/_types/_intmax_t.h
[E 16:49:25 77712] Already archived /Users/sheenie/Desktop/my_cases/taint+buffer_trimmed/cwe121-db/src/Library/Developer/CommandLineTools/SDKs/MacOSX14.4.sdk/usr/include/_types/_uintmax_t.h
[E 16:49:25 77712] Already archived /Users/sheenie/Desktop/my_cases/taint+buffer_trimmed/cwe121-db/src/Library/Developer/CommandLineTools/SDKs/MacOSX14.4.sdk/usr/include/sys/_types/_timeval.h
[E 16:49:25 77712] Already archived /Users/sheenie/Desktop/my_cases/taint+buffer_trimmed/cwe121-db/src/Library/Developer/CommandLineTools/SDKs/MacOSX14.4.sdk/usr/include/machine/endian.h
[E 16:49:25 77712] Already archived /Users/sheenie/Desktop/my_cases/taint+buffer_trimmed/cwe121-db/src/Library/Developer/CommandLineTools/SDKs/MacOSX14.4.sdk/usr/include/i386/endian.h
[E 16:49:25 77712] Already archived /Users/sheenie/Desktop/my_cases/taint+buffer_trimmed/cwe121-db/src/Library/Developer/CommandLineTools/SDKs/MacOSX14.4.sdk/usr/include/sys/_endian.h
[E 16:49:25 77712] Already archived /Users/sheenie/Desktop/my_cases/taint+buffer_trimmed/cwe121-db/src/Library/Developer/CommandLineTools/SDKs/MacOSX14.4.sdk/usr/include/machine/endian.h
[E 16:49:25 77712] Already archived /Users/sheenie/Desktop/my_cases/taint+buffer_trimmed/cwe121-db/src/Library/Developer/CommandLineTools/SDKs/MacOSX14.4.sdk/usr/include/libkern/_OSByteOrder.h
[E 16:49:25 77712] Already archived /Users/sheenie/Desktop/my_cases/taint+buffer_trimmed/cwe121-db/src/Library/Developer/CommandLineTools/SDKs/MacOSX14.4.sdk/usr/include/libkern/i386/_OSByteOrder.h
[E 16:49:25 77712] Already archived /Users/sheenie/Desktop/my_cases/taint+buffer_trimmed/cwe121-db/src/Library/Developer/CommandLineTools/SDKs/MacOSX14.4.sdk/usr/include/alloca.h
[E 16:49:25 77712] Already archived /Users/sheenie/Desktop/my_cases/taint+buffer_trimmed/cwe121-db/src/Library/Developer/CommandLineTools/SDKs/MacOSX14.4.sdk/usr/include/sys/_types/_ct_rune_t.h
[E 16:49:25 77712] Already archived /Users/sheenie/Desktop/my_cases/taint+buffer_trimmed/cwe121-db/src/Library/Developer/CommandLineTools/SDKs/MacOSX14.4.sdk/usr/include/sys/_types/_rune_t.h
[E 16:49:25 77712] Already archived /Users/sheenie/Desktop/my_cases/taint+buffer_trimmed/cwe121-db/src/Library/Developer/CommandLineTools/SDKs/MacOSX14.4.sdk/usr/include/sys/_types/_wchar_t.h
[E 16:49:25 77712] Already archived /Users/sheenie/Desktop/my_cases/taint+buffer_trimmed/cwe121-db/src/Library/Developer/CommandLineTools/SDKs/MacOSX14.4.sdk/usr/include/malloc/_malloc.h
[E 16:49:25 77712] Already archived /Users/sheenie/Desktop/my_cases/taint+buffer_trimmed/cwe121-db/src/Library/Developer/CommandLineTools/SDKs/MacOSX14.4.sdk/usr/include/malloc/_malloc_type.h
[E 16:49:25 77712] Already archived /Users/sheenie/Desktop/my_cases/taint+buffer_trimmed/cwe121-db/src/Library/Developer/CommandLineTools/SDKs/MacOSX14.4.sdk/usr/include/malloc/_ptrcheck.h
[E 16:49:25 77712] Already archived /Users/sheenie/Desktop/my_cases/taint+buffer_trimmed/cwe121-db/src/Library/Developer/CommandLineTools/SDKs/MacOSX14.4.sdk/usr/include/sys/_types/_dev_t.h
[E 16:49:25 77712] Already archived /Users/sheenie/Desktop/my_cases/taint+buffer_trimmed/cwe121-db/src/Library/Developer/CommandLineTools/SDKs/MacOSX14.4.sdk/usr/include/sys/_types/_mode_t.h
[E 16:49:25 77712] Already archived /Users/sheenie/Desktop/my_cases/taint+buffer_trimmed/cwe121-db/src/Library/Developer/CommandLineTools/usr/lib/clang/15.0.0/include/stddef.h
[E 16:49:25 77712] Already archived /Users/sheenie/Desktop/my_cases/taint+buffer_trimmed/cwe121-db/src/Library/Developer/CommandLineTools/usr/lib/clang/15.0.0/include/__stddef_max_align_t.h
[E 16:49:25 77712] Already archived /Users/sheenie/Desktop/my_cases/taint+buffer_trimmed/cwe121-db/src/Library/Developer/CommandLineTools/SDKs/MacOSX14.4.sdk/usr/include/time.h
[E 16:49:25 77712] Already archived /Users/sheenie/Desktop/my_cases/taint+buffer_trimmed/cwe121-db/src/Library/Developer/CommandLineTools/SDKs/MacOSX14.4.sdk/usr/include/sys/_types/_clock_t.h
[E 16:49:25 77712] Already archived /Users/sheenie/Desktop/my_cases/taint+buffer_trimmed/cwe121-db/src/Library/Developer/CommandLineTools/SDKs/MacOSX14.4.sdk/usr/include/sys/_types/_time_t.h
[E 16:49:25 77712] Already archived /Users/sheenie/Desktop/my_cases/taint+buffer_trimmed/cwe121-db/src/Library/Developer/CommandLineTools/SDKs/MacOSX14.4.sdk/usr/include/sys/_types/_timespec.h
[E 16:49:25 77712] Already archived /Users/sheenie/Desktop/my_cases/taint+buffer_trimmed/cwe121-db/src/Library/Developer/CommandLineTools/usr/lib/clang/15.0.0/include/limits.h
[E 16:49:25 77712] Already archived /Users/sheenie/Desktop/my_cases/taint+buffer_trimmed/cwe121-db/src/Library/Developer/CommandLineTools/SDKs/MacOSX14.4.sdk/usr/include/limits.h
[E 16:49:25 77712] Already archived /Users/sheenie/Desktop/my_cases/taint+buffer_trimmed/cwe121-db/src/Library/Developer/CommandLineTools/SDKs/MacOSX14.4.sdk/usr/include/machine/limits.h
[E 16:49:25 77712] Already archived /Users/sheenie/Desktop/my_cases/taint+buffer_trimmed/cwe121-db/src/Library/Developer/CommandLineTools/SDKs/MacOSX14.4.sdk/usr/include/i386/limits.h
[E 16:49:25 77712] Already archived /Users/sheenie/Desktop/my_cases/taint+buffer_trimmed/cwe121-db/src/Library/Developer/CommandLineTools/SDKs/MacOSX14.4.sdk/usr/include/i386/_limits.h
[E 16:49:25 77712] Already archived /Users/sheenie/Desktop/my_cases/taint+buffer_trimmed/cwe121-db/src/Library/Developer/CommandLineTools/SDKs/MacOSX14.4.sdk/usr/include/sys/syslimits.h
[E 16:49:25 77712] Already archived /Users/sheenie/Desktop/my_cases/taint+buffer_trimmed/cwe121-db/src/Library/Developer/CommandLineTools/SDKs/MacOSX14.4.sdk/usr/include/string.h
[E 16:49:25 77712] Already archived /Users/sheenie/Desktop/my_cases/taint+buffer_trimmed/cwe121-db/src/Library/Developer/CommandLineTools/SDKs/MacOSX14.4.sdk/usr/include/sys/_types/_rsize_t.h
[E 16:49:25 77712] Already archived /Users/sheenie/Desktop/my_cases/taint+buffer_trimmed/cwe121-db/src/Library/Developer/CommandLineTools/SDKs/MacOSX14.4.sdk/usr/include/sys/_types/_errno_t.h
[E 16:49:25 77712] Already archived /Users/sheenie/Desktop/my_cases/taint+buffer_trimmed/cwe121-db/src/Library/Developer/CommandLineTools/SDKs/MacOSX14.4.sdk/usr/include/strings.h
[E 16:49:25 77712] Already archived /Users/sheenie/Desktop/my_cases/taint+buffer_trimmed/cwe121-db/src/Library/Developer/CommandLineTools/SDKs/MacOSX14.4.sdk/usr/include/string.h
[E 16:49:25 77712] Already archived /Users/sheenie/Desktop/my_cases/taint+buffer_trimmed/cwe121-db/src/Library/Developer/CommandLineTools/SDKs/MacOSX14.4.sdk/usr/include/secure/_strings.h
[E 16:49:25 77712] Already archived /Users/sheenie/Desktop/my_cases/taint+buffer_trimmed/cwe121-db/src/Library/Developer/CommandLineTools/SDKs/MacOSX14.4.sdk/usr/include/secure/_string.h
[E 16:49:25 77712] Already archived /Users/sheenie/Desktop/my_cases/taint+buffer_trimmed/cwe121-db/src/Library/Developer/CommandLineTools/SDKs/MacOSX14.4.sdk/usr/include/ctype.h
[E 16:49:25 77712] Already archived /Users/sheenie/Desktop/my_cases/taint+buffer_trimmed/cwe121-db/src/Library/Developer/CommandLineTools/SDKs/MacOSX14.4.sdk/usr/include/_ctype.h
[E 16:49:25 77712] Already archived /Users/sheenie/Desktop/my_cases/taint+buffer_trimmed/cwe121-db/src/Library/Developer/CommandLineTools/SDKs/MacOSX14.4.sdk/usr/include/runetype.h
[E 16:49:25 77712] Already archived /Users/sheenie/Desktop/my_cases/taint+buffer_trimmed/cwe121-db/src/Library/Developer/CommandLineTools/SDKs/MacOSX14.4.sdk/usr/include/sys/_types/_wchar_t.h
[E 16:49:25 77712] Already archived /Users/sheenie/Desktop/my_cases/taint+buffer_trimmed/cwe121-db/src/Library/Developer/CommandLineTools/SDKs/MacOSX14.4.sdk/usr/include/sys/_types/_wint_t.h
[E 16:49:25 77712] Already archived /Users/sheenie/Desktop/my_cases/taint+buffer_trimmed/cwe121-db/src/Library/Developer/CommandLineTools/SDKs/MacOSX14.4.sdk/usr/include/fcntl.h
[E 16:49:25 77712] Already archived /Users/sheenie/Desktop/my_cases/taint+buffer_trimmed/cwe121-db/src/Library/Developer/CommandLineTools/SDKs/MacOSX14.4.sdk/usr/include/sys/fcntl.h
[E 16:49:25 77712] Already archived /Users/sheenie/Desktop/my_cases/taint+buffer_trimmed/cwe121-db/src/Library/Developer/CommandLineTools/SDKs/MacOSX14.4.sdk/usr/include/sys/_types/_o_sync.h
[E 16:49:25 77712] Already archived /Users/sheenie/Desktop/my_cases/taint+buffer_trimmed/cwe121-db/src/Library/Developer/CommandLineTools/SDKs/MacOSX14.4.sdk/usr/include/sys/_types/_o_dsync.h
[E 16:49:25 77712] Already archived /Users/sheenie/Desktop/my_cases/taint+buffer_trimmed/cwe121-db/src/Library/Developer/CommandLineTools/SDKs/MacOSX14.4.sdk/usr/include/sys/_types/_s_ifmt.h
[E 16:49:25 77712] Already archived /Users/sheenie/Desktop/my_cases/taint+buffer_trimmed/cwe121-db/src/Library/Developer/CommandLineTools/SDKs/MacOSX14.4.sdk/usr/include/sys/_types/_filesec_t.h
[E 16:49:25 77712] Already archived /Users/sheenie/Desktop/my_cases/taint+buffer_trimmed/cwe121-db/src/Library/Developer/CommandLineTools/SDKs/MacOSX14.4.sdk/usr/include/sys/types.h
[E 16:49:25 77712] Already archived /Users/sheenie/Desktop/my_cases/taint+buffer_trimmed/cwe121-db/src/Library/Developer/CommandLineTools/SDKs/MacOSX14.4.sdk/usr/include/sys/_types/_u_char.h
[E 16:49:25 77712] Already archived /Users/sheenie/Desktop/my_cases/taint+buffer_trimmed/cwe121-db/src/Library/Developer/CommandLineTools/SDKs/MacOSX14.4.sdk/usr/include/sys/_types/_u_short.h
[E 16:49:25 77712] Already archived /Users/sheenie/Desktop/my_cases/taint+buffer_trimmed/cwe121-db/src/Library/Developer/CommandLineTools/SDKs/MacOSX14.4.sdk/usr/include/sys/_types/_u_int.h
[E 16:49:25 77712] Already archived /Users/sheenie/Desktop/my_cases/taint+buffer_trimmed/cwe121-db/src/Library/Developer/CommandLineTools/SDKs/MacOSX14.4.sdk/usr/include/sys/_types/_caddr_t.h
[E 16:49:25 77712] Already archived /Users/sheenie/Desktop/my_cases/taint+buffer_trimmed/cwe121-db/src/Library/Developer/CommandLineTools/SDKs/MacOSX14.4.sdk/usr/include/sys/_types/_blkcnt_t.h
[E 16:49:25 77712] Already archived /Users/sheenie/Desktop/my_cases/taint+buffer_trimmed/cwe121-db/src/Library/Developer/CommandLineTools/SDKs/MacOSX14.4.sdk/usr/include/sys/_types/_blksize_t.h
[E 16:49:25 77712] Already archived /Users/sheenie/Desktop/my_cases/taint+buffer_trimmed/cwe121-db/src/Library/Developer/CommandLineTools/SDKs/MacOSX14.4.sdk/usr/include/sys/_types/_gid_t.h
[E 16:49:25 77712] Already archived /Users/sheenie/Desktop/my_cases/taint+buffer_trimmed/cwe121-db/src/Library/Developer/CommandLineTools/SDKs/MacOSX14.4.sdk/usr/include/sys/_types/_in_addr_t.h
[E 16:49:25 77712] Already archived /Users/sheenie/Desktop/my_cases/taint+buffer_trimmed/cwe121-db/src/Library/Developer/CommandLineTools/SDKs/MacOSX14.4.sdk/usr/include/sys/_types/_in_port_t.h
[E 16:49:25 77712] Already archived /Users/sheenie/Desktop/my_cases/taint+buffer_trimmed/cwe121-db/src/Library/Developer/CommandLineTools/SDKs/MacOSX14.4.sdk/usr/include/sys/_types/_ino_t.h
[E 16:49:25 77712] Already archived /Users/sheenie/Desktop/my_cases/taint+buffer_trimmed/cwe121-db/src/Library/Developer/CommandLineTools/SDKs/MacOSX14.4.sdk/usr/include/sys/_types/_ino64_t.h
[E 16:49:25 77712] Already archived /Users/sheenie/Desktop/my_cases/taint+buffer_trimmed/cwe121-db/src/Library/Developer/CommandLineTools/SDKs/MacOSX14.4.sdk/usr/include/sys/_types/_key_t.h
[E 16:49:25 77712] Already archived /Users/sheenie/Desktop/my_cases/taint+buffer_trimmed/cwe121-db/src/Library/Developer/CommandLineTools/SDKs/MacOSX14.4.sdk/usr/include/sys/_types/_nlink_t.h
[E 16:49:25 77712] Already archived /Users/sheenie/Desktop/my_cases/taint+buffer_trimmed/cwe121-db/src/Library/Developer/CommandLineTools/SDKs/MacOSX14.4.sdk/usr/include/sys/_types/_useconds_t.h
[E 16:49:25 77712] Already archived /Users/sheenie/Desktop/my_cases/taint+buffer_trimmed/cwe121-db/src/Library/Developer/CommandLineTools/SDKs/MacOSX14.4.sdk/usr/include/sys/_types/_suseconds_t.h
[E 16:49:25 77712] Already archived /Users/sheenie/Desktop/my_cases/taint+buffer_trimmed/cwe121-db/src/Library/Developer/CommandLineTools/SDKs/MacOSX14.4.sdk/usr/include/sys/_types/_fd_def.h
[E 16:49:25 77712] Already archived /Users/sheenie/Desktop/my_cases/taint+buffer_trimmed/cwe121-db/src/Library/Developer/CommandLineTools/SDKs/MacOSX14.4.sdk/usr/include/sys/_types/_fd_setsize.h
[E 16:49:25 77712] Already archived /Users/sheenie/Desktop/my_cases/taint+buffer_trimmed/cwe121-db/src/Library/Developer/CommandLineTools/SDKs/MacOSX14.4.sdk/usr/include/sys/_types/_fd_set.h
[E 16:49:25 77712] Already archived /Users/sheenie/Desktop/my_cases/taint+buffer_trimmed/cwe121-db/src/Library/Developer/CommandLineTools/SDKs/MacOSX14.4.sdk/usr/include/sys/_types/_fd_clr.h
[E 16:49:25 77712] Already archived /Users/sheenie/Desktop/my_cases/taint+buffer_trimmed/cwe121-db/src/Library/Developer/CommandLineTools/SDKs/MacOSX14.4.sdk/usr/include/sys/_types/_fd_zero.h
[E 16:49:25 77712] Already archived /Users/sheenie/Desktop/my_cases/taint+buffer_trimmed/cwe121-db/src/Library/Developer/CommandLineTools/SDKs/MacOSX14.4.sdk/usr/include/sys/_types/_fd_isset.h
[E 16:49:25 77712] Already archived /Users/sheenie/Desktop/my_cases/taint+buffer_trimmed/cwe121-db/src/Library/Developer/CommandLineTools/SDKs/MacOSX14.4.sdk/usr/include/sys/_types/_fd_copy.h
[E 16:49:25 77712] Already archived /Users/sheenie/Desktop/my_cases/taint+buffer_trimmed/cwe121-db/src/Library/Developer/CommandLineTools/SDKs/MacOSX14.4.sdk/usr/include/sys/_pthread/_pthread_cond_t.h
[E 16:49:25 77712] Already archived /Users/sheenie/Desktop/my_cases/taint+buffer_trimmed/cwe121-db/src/Library/Developer/CommandLineTools/SDKs/MacOSX14.4.sdk/usr/include/sys/_pthread/_pthread_condattr_t.h
[E 16:49:25 77712] Already archived /Users/sheenie/Desktop/my_cases/taint+buffer_trimmed/cwe121-db/src/Library/Developer/CommandLineTools/SDKs/MacOSX14.4.sdk/usr/include/sys/_pthread/_pthread_mutex_t.h
[E 16:49:25 77712] Already archived /Users/sheenie/Desktop/my_cases/taint+buffer_trimmed/cwe121-db/src/Library/Developer/CommandLineTools/SDKs/MacOSX14.4.sdk/usr/include/sys/_pthread/_pthread_mutexattr_t.h
[E 16:49:25 77712] Already archived /Users/sheenie/Desktop/my_cases/taint+buffer_trimmed/cwe121-db/src/Library/Developer/CommandLineTools/SDKs/MacOSX14.4.sdk/usr/include/sys/_pthread/_pthread_once_t.h
[E 16:49:25 77712] Already archived /Users/sheenie/Desktop/my_cases/taint+buffer_trimmed/cwe121-db/src/Library/Developer/CommandLineTools/SDKs/MacOSX14.4.sdk/usr/include/sys/_pthread/_pthread_rwlock_t.h
[E 16:49:25 77712] Already archived /Users/sheenie/Desktop/my_cases/taint+buffer_trimmed/cwe121-db/src/Library/Developer/CommandLineTools/SDKs/MacOSX14.4.sdk/usr/include/sys/_pthread/_pthread_rwlockattr_t.h
[E 16:49:25 77712] Already archived /Users/sheenie/Desktop/my_cases/taint+buffer_trimmed/cwe121-db/src/Library/Developer/CommandLineTools/SDKs/MacOSX14.4.sdk/usr/include/sys/_pthread/_pthread_t.h
[E 16:49:25 77712] Already archived /Users/sheenie/Desktop/my_cases/taint+buffer_trimmed/cwe121-db/src/Library/Developer/CommandLineTools/SDKs/MacOSX14.4.sdk/usr/include/sys/_pthread/_pthread_key_t.h
[E 16:49:25 77712] Already archived /Users/sheenie/Desktop/my_cases/taint+buffer_trimmed/cwe121-db/src/Library/Developer/CommandLineTools/SDKs/MacOSX14.4.sdk/usr/include/sys/_types/_fsblkcnt_t.h
[E 16:49:25 77712] Already archived /Users/sheenie/Desktop/my_cases/taint+buffer_trimmed/cwe121-db/src/Library/Developer/CommandLineTools/SDKs/MacOSX14.4.sdk/usr/include/sys/_types/_fsfilcnt_t.h
[E 16:49:25 77712] Already archived /Users/sheenie/Desktop/my_cases/taint+buffer_trimmed/cwe121-db/src/Library/Developer/CommandLineTools/SDKs/MacOSX14.4.sdk/usr/include/sys/stat.h
[E 16:49:25 77712] Already archived /Users/sheenie/Desktop/my_cases/taint+buffer_trimmed/cwe121-db/src/Users/sheenie/Desktop/my_cases/taint+buffer_trimmed/std_testcase_io.h
[E 16:49:25 77712] Already archived /Users/sheenie/Desktop/my_cases/taint+buffer_trimmed/cwe121-db/src/Users/sheenie/Desktop/my_cases/taint+buffer_trimmed/std_testcase.h
[E 16:49:25 77712] Already archived /Users/sheenie/Desktop/my_cases/taint+buffer_trimmed/cwe121-db/src/Library/Developer/CommandLineTools/SDKs/MacOSX14.4.sdk/usr/include/wchar.h
[E 16:49:25 77712] Already archived /Users/sheenie/Desktop/my_cases/taint+buffer_trimmed/cwe121-db/src/Library/Developer/CommandLineTools/SDKs/MacOSX14.4.sdk/usr/include/sys/_types/_mbstate_t.h
[E 16:49:25 77712] Already archived /Users/sheenie/Desktop/my_cases/taint+buffer_trimmed/cwe121-db/src/Library/Developer/CommandLineTools/SDKs/MacOSX14.4.sdk/usr/include/sys/_types/_wchar_t.h
[E 16:49:25 77712] Already archived /Users/sheenie/Desktop/my_cases/taint+buffer_trimmed/cwe121-db/src/Library/Developer/CommandLineTools/usr/lib/clang/15.0.0/include/stdarg.h
[E 16:49:25 77712] Already archived /Users/sheenie/Desktop/my_cases/taint+buffer_trimmed/cwe121-db/src/Library/Developer/CommandLineTools/SDKs/MacOSX14.4.sdk/usr/include/_wctype.h
[E 16:49:25 77712] Already archived /Users/sheenie/Desktop/my_cases/taint+buffer_trimmed/cwe121-db/src/Library/Developer/CommandLineTools/SDKs/MacOSX14.4.sdk/usr/include/__wctype.h
[E 16:49:25 77712] Already archived /Users/sheenie/Desktop/my_cases/taint+buffer_trimmed/cwe121-db/src/Library/Developer/CommandLineTools/SDKs/MacOSX14.4.sdk/usr/include/_types/_wctype_t.h
[E 16:49:25 77712] Creating trap tarball /Users/sheenie/Desktop/my_cases/taint+buffer_trimmed/cwe121-db/trap/cpp/tarballs/Users/sheenie/Desktop/my_cases/taint+buffer_trimmed/CWE122_Heap_Based_Buffer_Overflow__char_type_overrun_memcpy_03.c.56c4d364_0.trap.tar.zst
[E 16:49:25 77712] Emitting trap files for CWE122_Heap_Based_Buffer_Overflow__char_type_overrun_memcpy_03.c
[E 16:49:25 77712] Opening existencedb in /Users/sheenie/Desktop/my_cases/taint+buffer_trimmed/cwe121-db/working/existencedb/db
[E 16:49:25 77712] Wrote 1 files to /Users/sheenie/Desktop/my_cases/taint+buffer_trimmed/cwe121-db/trap/cpp/tarballs/Users/sheenie/Desktop/my_cases/taint+buffer_trimmed/CWE122_Heap_Based_Buffer_Overflow__char_type_overrun_memcpy_03.c.56c4d364_0.trap.tar.zst
[E 16:49:25 77712] Finished compilation TRAP /Users/sheenie/Desktop/my_cases/taint+buffer_trimmed/cwe121-db/trap/cpp/compilations/27/21485388_0.trap.zst
[E 16:49:25 77712] Marking C compilation as happened.
[E 16:49:25 77712] Setting tag c-compilation-happened
[E 16:49:25 77712] Starting from CODEQL_TRACER_DB_ID 0000000000012F8E_0000000000000001
[E 16:49:25 77712] Locking DB /Users/sheenie/Desktop/my_cases/taint+buffer_trimmed/cwe121-db/working/tags.db
[E 16:49:25 77712] Locked DB /Users/sheenie/Desktop/my_cases/taint+buffer_trimmed/cwe121-db/working/tags.db
[E 16:49:25 77712] Set tag for 0000000000012F8E_0000000000000001
[E 16:49:25 77712] Set tag for 0000000000012F8C_0000000000000002
[E 16:49:25 77712] Set tag for 0000000000012F8C_0000000000000001
[E 16:49:25 77712] Set tag for 0000000000012F8B_0000000000000001
[E 16:49:25 77712] Set tag for 0000000000012F8A_0000000000000001
[E 16:49:25 77712] Set tag for 0000000000012E85_0000000000000004
[E 16:49:25 77712] Set tag for 0000000000012E85_0000000000000003
[E 16:49:25 77712] Set tag for 0000000000012E85_0000000000000002
[E 16:49:25 77712] Set tag for root
[E 16:49:25 77712] Unlocking DB
[E 16:49:25 77712] Unlocked DB
[E 16:49:25 77712] Extractor exited successfully
[T 16:49:25 77710] Extractor /Users/sheenie/Desktop/codeql/cpp/tools/osx64/extractor terminated with exit code 0.
[T 16:49:25 77713] Attempting to switch stdout/stderr to 4...
[T 16:49:25 77713] Initializing tracer.
[T 16:49:25 77713] Initializing tags.
[T 16:49:25 77713] ID set to 0000000000012F91_0000000000000001 (parent 0000000000012F8C_0000000000000002)
[E 16:49:25 77713] CodeQL C/C++ Extractor 2.25.4
[E 16:49:25 77713] Current directory: /Users/sheenie/Desktop/my_cases/taint+buffer_trimmed
[E 16:49:25 77713] Command: /Users/sheenie/Desktop/codeql/cpp/tools/osx64/extractor --mimic /library/developer/commandlinetools/usr/bin/clang -c CWE122_Heap_Based_Buffer_Overflow__char_type_overrun_memcpy_03.c
[E 16:49:25 77713] Checking whether C compilation already happened.
[E 16:49:25 77713] Checking for tag c-compilation-happened
[E 16:49:25 77713] Checking CODEQL_TRACER_DB_ID 0000000000012F8C_0000000000000002
[E 16:49:25 77713] Locking DB /Users/sheenie/Desktop/my_cases/taint+buffer_trimmed/cwe121-db/working/tags.db
[E 16:49:25 77713] Locked DB /Users/sheenie/Desktop/my_cases/taint+buffer_trimmed/cwe121-db/working/tags.db
[E 16:49:25 77713] Unlocking DB
[E 16:49:25 77713] Unlocked DB
[E 16:49:25 77713] Exiting as C compilation already happened.
[T 16:49:25 77708] Extractor /Users/sheenie/Desktop/codeql/cpp/tools/osx64/extractor terminated with exit code 0.
[T 16:49:25 77714] Attempting to switch stdout/stderr to 4...
[T 16:49:25 77714] Initializing tracer.
[T 16:49:25 77714] Initializing tags.
[T 16:49:25 77714] ID set to 0000000000012F92_0000000000000001 (parent 0000000000012F8B_0000000000000001)
[E 16:49:25 77714] CodeQL C/C++ Extractor 2.25.4
[E 16:49:25 77714] Current directory: /Users/sheenie/Desktop/my_cases/taint+buffer_trimmed
[E 16:49:25 77714] Command: /Users/sheenie/Desktop/codeql/cpp/tools/osx64/extractor --mimic /library/developer/commandlinetools/usr/bin/gcc -c CWE122_Heap_Based_Buffer_Overflow__char_type_overrun_memcpy_03.c
[E 16:49:25 77714] Checking whether C compilation already happened.
[E 16:49:25 77714] Checking for tag c-compilation-happened
[E 16:49:25 77714] Checking CODEQL_TRACER_DB_ID 0000000000012F8B_0000000000000001
[E 16:49:25 77714] Locking DB /Users/sheenie/Desktop/my_cases/taint+buffer_trimmed/cwe121-db/working/tags.db
[E 16:49:25 77714] Locked DB /Users/sheenie/Desktop/my_cases/taint+buffer_trimmed/cwe121-db/working/tags.db
[E 16:49:25 77714] Unlocking DB
[E 16:49:25 77714] Unlocked DB
[E 16:49:25 77714] Exiting as C compilation already happened.
[T 16:49:25 77707] Extractor /Users/sheenie/Desktop/codeql/cpp/tools/osx64/extractor terminated with exit code 0.
[T 16:49:25 77715] Attempting to switch stdout/stderr to 4...
[T 16:49:26 77715] Initializing tracer.
[T 16:49:26 77715] Initializing tags.
[T 16:49:26 77715] ID set to 0000000000012F93_0000000000000001 (parent 0000000000012F8A_0000000000000001)
[E 16:49:26 77715] CodeQL C/C++ Extractor 2.25.4
[E 16:49:26 77715] Current directory: /Users/sheenie/Desktop/my_cases/taint+buffer_trimmed
[E 16:49:26 77715] Command: /Users/sheenie/Desktop/codeql/cpp/tools/osx64/extractor --mimic /usr/bin/gcc -c CWE122_Heap_Based_Buffer_Overflow__char_type_overrun_memcpy_03.c
[E 16:49:26 77715] Checking whether C compilation already happened.
[E 16:49:26 77715] Checking for tag c-compilation-happened
[E 16:49:26 77715] Checking CODEQL_TRACER_DB_ID 0000000000012F8A_0000000000000001
[E 16:49:26 77715] Locking DB /Users/sheenie/Desktop/my_cases/taint+buffer_trimmed/cwe121-db/working/tags.db
[E 16:49:26 77715] Locked DB /Users/sheenie/Desktop/my_cases/taint+buffer_trimmed/cwe121-db/working/tags.db
[E 16:49:26 77715] Unlocking DB
[E 16:49:26 77715] Unlocked DB
[E 16:49:26 77715] Exiting as C compilation already happened.
[T 16:49:26 77706] Extractor /Users/sheenie/Desktop/codeql/cpp/tools/osx64/extractor terminated with exit code 0.
[T 16:49:26 77716] Initializing tracer.
[T 16:49:26 77716] Initializing tags.
[T 16:49:26 77716] ID set to 0000000000012F94_0000000000000001 (parent 0000000000012E85_0000000000000004)
[T 16:49:26 77716] ==== Candidate to intercept: /usr/bin/gcc (canonical: /usr/bin/gcc) ====
[T 16:49:26 77716] Lua: === Intercepted call to /usr/bin/gcc ===
[T 16:49:26 77716] Executing the following tracer actions:
[T 16:49:26 77716] Tracer actions:
[T 16:49:26 77716] pre_invocations(0)
[T 16:49:26 77716] post_invocations(1)
[T 16:49:26 77716] invocation: /Users/sheenie/Desktop/codeql/cpp/tools/osx64/extractor, args: [--mimic, /usr/bin/gcc, -c, CWE122_Heap_Based_Buffer_Overflow__char_type_overrun_memcpy_04.c]
[T 16:49:26 77716] trace_languages(1): [cpp]
[T 16:49:26 77717] Initializing tracer.
[T 16:49:26 77717] Initializing tags.
[T 16:49:26 77717] ID set to 0000000000012F95_0000000000000001 (parent 0000000000012F94_0000000000000001)
[T 16:49:26 77717] ==== Candidate to intercept: /Library/Developer/CommandLineTools/usr/bin/gcc (canonical: /Library/Developer/CommandLineTools/usr/bin/gcc) ====
[T 16:49:26 77717] Lua: === Intercepted call to /library/developer/commandlinetools/usr/bin/gcc ===
[T 16:49:26 77717] Executing the following tracer actions:
[T 16:49:26 77717] Tracer actions:
[T 16:49:26 77717] pre_invocations(0)
[T 16:49:26 77717] post_invocations(1)
[T 16:49:26 77717] invocation: /Users/sheenie/Desktop/codeql/cpp/tools/osx64/extractor, args: [--mimic, /library/developer/commandlinetools/usr/bin/gcc, -c, CWE122_Heap_Based_Buffer_Overflow__char_type_overrun_memcpy_04.c]
[T 16:49:26 77717] trace_languages(1): [cpp]
[T 16:49:26 77718] Initializing tracer.
[T 16:49:26 77718] Initializing tags.
[T 16:49:26 77718] ID set to 0000000000012F96_0000000000000001 (parent 0000000000012F95_0000000000000001)
[T 16:49:26 77718] ==== Candidate to intercept: /usr/bin/xcrun (canonical: /usr/bin/xcrun) ====
[T 16:49:26 77718] Executing the following tracer actions:
[T 16:49:26 77718] Tracer actions:
[T 16:49:26 77718] pre_invocations(0)
[T 16:49:26 77718] post_invocations(0)
[T 16:49:26 77718] trace_languages(1): [cpp]
[T 16:49:26 77718] Initializing tracer.
[T 16:49:26 77718] Initializing tags.
[T 16:49:26 77718] ID set to 0000000000012F96_0000000000000002 (parent 0000000000012F96_0000000000000001)
[T 16:49:26 77718] ==== Candidate to intercept: /Library/Developer/CommandLineTools/usr/bin/clang (canonical: /Library/Developer/CommandLineTools/usr/bin/clang) ====
[T 16:49:26 77718] Lua: === Intercepted call to /library/developer/commandlinetools/usr/bin/clang ===
[T 16:49:26 77718] Executing the following tracer actions:
[T 16:49:26 77718] Tracer actions:
[T 16:49:26 77718] pre_invocations(0)
[T 16:49:26 77718] post_invocations(1)
[T 16:49:26 77718] invocation: /Users/sheenie/Desktop/codeql/cpp/tools/osx64/extractor, args: [--mimic, /library/developer/commandlinetools/usr/bin/clang, -c, CWE122_Heap_Based_Buffer_Overflow__char_type_overrun_memcpy_04.c]
[T 16:49:26 77718] trace_languages(1): [cpp]
[T 16:49:26 77720] Initializing tracer.
[T 16:49:26 77720] Initializing tags.
[T 16:49:26 77720] ID set to 0000000000012F98_0000000000000001 (parent 0000000000012F96_0000000000000002)
[T 16:49:26 77720] ==== Candidate to intercept: /Library/Developer/CommandLineTools/usr/bin/clang (canonical: /Library/Developer/CommandLineTools/usr/bin/clang) ====
[T 16:49:26 77720] Lua: === Intercepted call to /library/developer/commandlinetools/usr/bin/clang ===
[T 16:49:26 77720] Executing the following tracer actions:
[T 16:49:26 77720] Tracer actions:
[T 16:49:26 77720] pre_invocations(0)
[T 16:49:26 77720] post_invocations(1)
[T 16:49:26 77720] invocation: /Users/sheenie/Desktop/codeql/cpp/tools/osx64/extractor, args: [--mimic, /library/developer/commandlinetools/usr/bin/clang, -cc1, -triple, x86_64-apple-macosx14.4.0, -Wundef-prefix=TARGET_OS_, -Wdeprecated-objc-isa-usage, -Werror=deprecated-objc-isa-usage, -Werror=implicit-function-declaration, -emit-obj, -mrelax-all, --mrelax-relocations, -disable-free, -clear-ast-before-backend, -disable-llvm-verifier, -discard-value-names, -main-file-name, CWE122_Heap_Based_Buffer_Overflow__char_type_overrun_memcpy_04.c, -mrelocation-model, pic, -pic-level, 2, -mframe-pointer=all, -fno-strict-return, -ffp-contract=on, -fno-rounding-math, -funwind-tables=2, -target-sdk-version=14.4, -fvisibility-inlines-hidden-static-local-var, -target-cpu, penryn, -tune-cpu, generic, -debugger-tuning=lldb, -target-linker-version, 1053.12, -fcoverage-compilation-dir=/Users/sheenie/Desktop/my_cases/taint+buffer_trimmed, -resource-dir, /Library/Developer/CommandLineTools/usr/lib/clang/15.0.0, -isysroot, /Library/Developer/CommandLineTools/SDKs/MacOSX.sdk, -I/usr/local/include, -internal-isystem, /Library/Developer/CommandLineTools/SDKs/MacOSX.sdk/usr/local/include, -internal-isystem, /Library/Developer/CommandLineTools/usr/lib/clang/15.0.0/include, -internal-externc-isystem, /Library/Developer/CommandLineTools/SDKs/MacOSX.sdk/usr/include, -internal-externc-isystem, /Library/Developer/CommandLineTools/usr/include, -Wno-reorder-init-list, -Wno-implicit-int-float-conversion, -Wno-c99-designator, -Wno-final-dtor-non-final-class, -Wno-extra-semi-stmt, -Wno-misleading-indentation, -Wno-quoted-include-in-framework-header, -Wno-implicit-fallthrough, -Wno-enum-enum-conversion, -Wno-enum-float-conversion, -Wno-elaborated-enum-base, -Wno-reserved-identifier, -Wno-gnu-folding-constant, -fdebug-compilation-dir=/Users/sheenie/Desktop/my_cases/taint+buffer_trimmed, -ferror-limit, 19, -stack-protector, 1, -fstack-check, -mdarwin-stkchk-strong-link, -fblocks, -fencode-extended-block-signature, -fregister-global-dtors-with-atexit, -fgnuc-version=4.2.1, -fmax-type-align=16, -fcommon, -clang-vendor-feature=+disableNonDependentMemberExprInCurrentInstantiation, -fno-odr-hash-protocols, -clang-vendor-feature=+enableAggressiveVLAFolding, -clang-vendor-feature=+revert09abecef7bbf, -clang-vendor-feature=+thisNoAlignAttr, -clang-vendor-feature=+thisNoNullAttr, -mllvm, -disable-aligned-alloc-awareness=1, -D__GCC_HAVE_DWARF2_CFI_ASM=1, -o, CWE122_Heap_Based_Buffer_Overflow__char_type_overrun_memcpy_04.o, -x, c, CWE122_Heap_Based_Buffer_Overflow__char_type_overrun_memcpy_04.c]
[T 16:49:26 77720] trace_languages(1): [cpp]
[T 16:49:26 77722] Attempting to switch stdout/stderr to 4...
[T 16:49:26 77722] Initializing tracer.
[T 16:49:26 77722] Initializing tags.
[T 16:49:26 77722] ID set to 0000000000012F9A_0000000000000001 (parent 0000000000012F98_0000000000000001)
[E 16:49:26 77722] CodeQL C/C++ Extractor 2.25.4
[E 16:49:26 77722] Current directory: /Users/sheenie/Desktop/my_cases/taint+buffer_trimmed
[E 16:49:26 77722] Command: /Users/sheenie/Desktop/codeql/cpp/tools/osx64/extractor --mimic /library/developer/commandlinetools/usr/bin/clang -cc1 -triple x86_64-apple-macosx14.4.0 -Wundef-prefix=TARGET_OS_ -Wdeprecated-objc-isa-usage -Werror=deprecated-objc-isa-usage -Werror=implicit-function-declaration -emit-obj -mrelax-all --mrelax-relocations -disable-free -clear-ast-before-backend -disable-llvm-verifier -discard-value-names -main-file-name CWE122_Heap_Based_Buffer_Overflow__char_type_overrun_memcpy_04.c -mrelocation-model pic -pic-level 2 -mframe-pointer=all -fno-strict-return -ffp-contract=on -fno-rounding-math -funwind-tables=2 -target-sdk-version=14.4 -fvisibility-inlines-hidden-static-local-var -target-cpu penryn -tune-cpu generic -debugger-tuning=lldb -target-linker-version 1053.12 -fcoverage-compilation-dir=/Users/sheenie/Desktop/my_cases/taint+buffer_trimmed -resource-dir /Library/Developer/CommandLineTools/usr/lib/clang/15.0.0 -isysroot /Library/Developer/CommandLineTools/SDKs/MacOSX.sdk -I/usr/local/include -internal-isystem /Library/Developer/CommandLineTools/SDKs/MacOSX.sdk/usr/local/include -internal-isystem /Library/Developer/CommandLineTools/usr/lib/clang/15.0.0/include -internal-externc-isystem /Library/Developer/CommandLineTools/SDKs/MacOSX.sdk/usr/include -internal-externc-isystem /Library/Developer/CommandLineTools/usr/include -Wno-reorder-init-list -Wno-implicit-int-float-conversion -Wno-c99-designator -Wno-final-dtor-non-final-class -Wno-extra-semi-stmt -Wno-misleading-indentation -Wno-quoted-include-in-framework-header -Wno-implicit-fallthrough -Wno-enum-enum-conversion -Wno-enum-float-conversion -Wno-elaborated-enum-base -Wno-reserved-identifier -Wno-gnu-folding-constant -fdebug-compilation-dir=/Users/sheenie/Desktop/my_cases/taint+buffer_trimmed -ferror-limit 19 -stack-protector 1 -fstack-check -mdarwin-stkchk-strong-link -fblocks -fencode-extended-block-signature -fregister-global-dtors-with-atexit -fgnuc-version=4.2.1 -fmax-type-align=16 -fcommon -clang-vendor-feature=+disableNonDependentMemberExprInCurrentInstantiation -fno-odr-hash-protocols -clang-vendor-feature=+enableAggressiveVLAFolding -clang-vendor-feature=+revert09abecef7bbf -clang-vendor-feature=+thisNoAlignAttr -clang-vendor-feature=+thisNoNullAttr -mllvm -disable-aligned-alloc-awareness=1 -D__GCC_HAVE_DWARF2_CFI_ASM=1 -o CWE122_Heap_Based_Buffer_Overflow__char_type_overrun_memcpy_04.o -x c CWE122_Heap_Based_Buffer_Overflow__char_type_overrun_memcpy_04.c
[E 16:49:26 77722] Warning: Unrecognized command line argument -mllvm
[E 16:49:26 77722] Warning: Unrecognized command line argument -disable-aligned-alloc-awareness=1
[E 16:49:26 77722] Checking whether C compilation already happened.
[E 16:49:26 77722] Checking for tag c-compilation-happened
[E 16:49:26 77722] Checking CODEQL_TRACER_DB_ID 0000000000012F98_0000000000000001
[E 16:49:26 77722] Locking DB /Users/sheenie/Desktop/my_cases/taint+buffer_trimmed/cwe121-db/working/tags.db
[E 16:49:26 77722] Locked DB /Users/sheenie/Desktop/my_cases/taint+buffer_trimmed/cwe121-db/working/tags.db
[E 16:49:26 77722] Unlocking DB
[E 16:49:26 77722] Unlocked DB
[E 16:49:26 77722] Looks like C compilation didn't already happen.
[E 16:49:26 77722] Checking whether C compilation has been attempted.
[E 16:49:26 77722] Checking for tag c-compilation-attempted
[E 16:49:26 77722] Checking CODEQL_TRACER_DB_ID 0000000000012F98_0000000000000001
[E 16:49:26 77722] Locking DB /Users/sheenie/Desktop/my_cases/taint+buffer_trimmed/cwe121-db/working/tags.db
[E 16:49:26 77722] Locked DB /Users/sheenie/Desktop/my_cases/taint+buffer_trimmed/cwe121-db/working/tags.db
[E 16:49:26 77722] Unlocking DB
[E 16:49:26 77722] Unlocked DB
[E 16:49:26 77722] Marking C compilation as attempted.
[E 16:49:26 77722] Setting tag c-compilation-attempted
[E 16:49:26 77722] Starting from CODEQL_TRACER_DB_ID 0000000000012F98_0000000000000001
[E 16:49:26 77722] Locking DB /Users/sheenie/Desktop/my_cases/taint+buffer_trimmed/cwe121-db/working/tags.db
[E 16:49:26 77722] Locked DB /Users/sheenie/Desktop/my_cases/taint+buffer_trimmed/cwe121-db/working/tags.db
[E 16:49:26 77722] Set tag for 0000000000012F98_0000000000000001
[E 16:49:26 77722] Set tag for 0000000000012F96_0000000000000002
[E 16:49:26 77722] Set tag for 0000000000012F96_0000000000000001
[E 16:49:26 77722] Set tag for 0000000000012F95_0000000000000001
[E 16:49:26 77722] Set tag for 0000000000012F94_0000000000000001
[E 16:49:26 77722] Set tag for 0000000000012E85_0000000000000004
[E 16:49:26 77722] Set tag for 0000000000012E85_0000000000000003
[E 16:49:26 77722] Set tag for 0000000000012E85_0000000000000002
[E 16:49:26 77722] Set tag for root
[E 16:49:26 77722] Unlocking DB
[E 16:49:26 77722] Unlocked DB
[E 16:49:26 77722] Processed command line: /Users/sheenie/Desktop/codeql/cpp/tools/osx64/extractor --trapfolder /Users/sheenie/Desktop/my_cases/taint+buffer_trimmed/cwe121-db/trap/cpp --src_archive /Users/sheenie/Desktop/my_cases/taint+buffer_trimmed/cwe121-db/src --object_filename CWE122_Heap_Based_Buffer_Overflow__char_type_overrun_memcpy_04.o --no_warnings_and_discretionary_errors --error_limit 1000 --disable_system_macros --variadic_macros --incognito --gcc --clang_version 160000 --gnu_version 40801 --has_feature_vector 11111111111111111000000000000000000000000000000000000000000000000000011 --clang --target linux_x86_64 -D_LP64=1 -D__APPLE_CC__=6000 -D__APPLE__=1 -D__ATOMIC_ACQUIRE=2 -D__ATOMIC_ACQ_REL=4 -D__ATOMIC_CONSUME=1 -D__ATOMIC_RELAXED=0 -D__ATOMIC_RELEASE=3 -D__ATOMIC_SEQ_CST=5 -D__BIGGEST_ALIGNMENT__=16 -D__BITINT_MAXWIDTH__=128 -D__BLOCKS__=1 -D__BOOL_WIDTH__=8 -D__BYTE_ORDER__=__ORDER_LITTLE_ENDIAN__ -D__CHAR_BIT__=8 -D__CLANG_ATOMIC_BOOL_LOCK_FREE=2 -D__CLANG_ATOMIC_CHAR16_T_LOCK_FREE=2 -D__CLANG_ATOMIC_CHAR32_T_LOCK_FREE=2 -D__CLANG_ATOMIC_CHAR_LOCK_FREE=2 -D__CLANG_ATOMIC_INT_LOCK_FREE=2 -D__CLANG_ATOMIC_LLONG_LOCK_FREE=2 -D__CLANG_ATOMIC_LONG_LOCK_FREE=2 -D__CLANG_ATOMIC_POINTER_LOCK_FREE=2 -D__CLANG_ATOMIC_SHORT_LOCK_FREE=2 -D__CLANG_ATOMIC_WCHAR_T_LOCK_FREE=2 -D__CONSTANT_CFSTRINGS__=1 -D__DBL_DECIMAL_DIG__=17 -D__DBL_DENORM_MIN__=4.9406564584124654e-324 -D__DBL_DIG__=15 -D__DBL_EPSILON__=2.2204460492503131e-16 -D__DBL_HAS_DENORM__=1 -D__DBL_HAS_INFINITY__=1 -D__DBL_HAS_QUIET_NAN__=1 -D__DBL_MANT_DIG__=53 -D__DBL_MAX_10_EXP__=308 -D__DBL_MAX_EXP__=1024 -D__DBL_MAX__=1.7976931348623157e+308 '-D__DBL_MIN_10_EXP__=(-307)' '-D__DBL_MIN_EXP__=(-1021)' -D__DBL_MIN__=2.2250738585072014e-308 -D__DECIMAL_DIG__=__LDBL_DECIMAL_DIG__ -D__DYNAMIC__=1 -D__ENVIRONMENT_MAC_OS_X_VERSION_MIN_REQUIRED__=140400 -D__ENVIRONMENT_OS_VERSION_MIN_REQUIRED__=140400 -D__FINITE_MATH_ONLY__=0 -D__FLT16_DECIMAL_DIG__=5 -D__FLT16_DENORM_MIN__=5.9604644775390625e-8F16 -D__FLT16_DIG__=3 -D__FLT16_EPSILON__=9.765625e-4F16 -D__FLT16_HAS_DENORM__=1 -D__FLT16_HAS_INFINITY__=1 -D__FLT16_HAS_QUIET_NAN__=1 -D__FLT16_MANT_DIG__=11 -D__FLT16_MAX_10_EXP__=4 -D__FLT16_MAX_EXP__=16 -D__FLT16_MAX__=6.5504e+4F16 '-D__FLT16_MIN_10_EXP__=(-4)' '-D__FLT16_MIN_EXP__=(-13)' -D__FLT16_MIN__=6.103515625e-5F16 -D__FLT_DECIMAL_DIG__=9 -D__FLT_DENORM_MIN__=1.40129846e-45F -D__FLT_DIG__=6 -D__FLT_EPSILON__=1.19209290e-7F -D__FLT_HAS_DENORM__=1 -D__FLT_HAS_INFINITY__=1 -D__FLT_HAS_QUIET_NAN__=1 -D__FLT_MANT_DIG__=24 -D__FLT_MAX_10_EXP__=38 -D__FLT_MAX_EXP__=128 -D__FLT_MAX__=3.40282347e+38F '-D__FLT_MIN_10_EXP__=(-37)' '-D__FLT_MIN_EXP__=(-125)' -D__FLT_MIN__=1.17549435e-38F -D__FLT_RADIX__=2 -D__FXSR__=1 -D__GCC_ASM_FLAG_OUTPUTS__=1 -D__GCC_ATOMIC_BOOL_LOCK_FREE=2 -D__GCC_ATOMIC_CHAR16_T_LOCK_FREE=2 -D__GCC_ATOMIC_CHAR32_T_LOCK_FREE=2 -D__GCC_ATOMIC_CHAR_LOCK_FREE=2 -D__GCC_ATOMIC_INT_LOCK_FREE=2 -D__GCC_ATOMIC_LLONG_LOCK_FREE=2 -D__GCC_ATOMIC_LONG_LOCK_FREE=2 -D__GCC_ATOMIC_POINTER_LOCK_FREE=2 -D__GCC_ATOMIC_SHORT_LOCK_FREE=2 -D__GCC_ATOMIC_TEST_AND_SET_TRUEVAL=1 -D__GCC_ATOMIC_WCHAR_T_LOCK_FREE=2 -D__GCC_HAVE_SYNC_COMPARE_AND_SWAP_1=1 -D__GCC_HAVE_SYNC_COMPARE_AND_SWAP_16=1 -D__GCC_HAVE_SYNC_COMPARE_AND_SWAP_2=1 -D__GCC_HAVE_SYNC_COMPARE_AND_SWAP_4=1 -D__GCC_HAVE_SYNC_COMPARE_AND_SWAP_8=1 -D__GNUC_MINOR__=2 -D__GNUC_PATCHLEVEL__=1 -D__GNUC__=4 -D__GXX_ABI_VERSION=1002 -D__INT16_C_SUFFIX__= '-D__INT16_FMTd__="hd"' '-D__INT16_FMTi__="hi"' -D__INT16_MAX__=32767 -D__INT16_TYPE__=short -D__INT32_C_SUFFIX__= '-D__INT32_FMTd__="d"' '-D__INT32_FMTi__="i"' -D__INT32_MAX__=2147483647 -D__INT32_TYPE__=int -D__INT64_C_SUFFIX__=LL '-D__INT64_FMTd__="lld"' '-D__INT64_FMTi__="lli"' -D__INT64_MAX__=9223372036854775807LL '-D__INT64_TYPE__=long long int' -D__INT8_C_SUFFIX__= '-D__INT8_FMTd__="hhd"' '-D__INT8_FMTi__="hhi"' -D__INT8_MAX__=127 '-D__INT8_TYPE__=signed char' -D__INTMAX_C_SUFFIX__=L '-D__INTMAX_FMTd__="ld"' '-D__INTMAX_FMTi__="li"' -D__INTMAX_MAX__=9223372036854775807L '-D__INTMAX_TYPE__=long int' -D__INTMAX_WIDTH__=64 '-D__INTPTR_FMTd__="ld"' '-D__INTPTR_FMTi__="li"' -D__INTPTR_MAX__=9223372036854775807L '-D__INTPTR_TYPE__=long int' -D__INTPTR_WIDTH__=64 '-D__INT_FAST16_FMTd__="hd"' '-D__INT_FAST16_FMTi__="hi"' -D__INT_FAST16_MAX__=32767 -D__INT_FAST16_TYPE__=short -D__INT_FAST16_WIDTH__=16 '-D__INT_FAST32_FMTd__="d"' '-D__INT_FAST32_FMTi__="i"' -D__INT_FAST32_MAX__=2147483647 -D__INT_FAST32_TYPE__=int -D__INT_FAST32_WIDTH__=32 '-D__INT_FAST64_FMTd__="lld"' '-D__INT_FAST64_FMTi__="lli"' -D__INT_FAST64_MAX__=9223372036854775807LL '-D__INT_FAST64_TYPE__=long long int' -D__INT_FAST64_WIDTH__=64 '-D__INT_FAST8_FMTd__="hhd"' '-D__INT_FAST8_FMTi__="hhi"' -D__INT_FAST8_MAX__=127 '-D__INT_FAST8_TYPE__=signed char' -D__INT_FAST8_WIDTH__=8 '-D__INT_LEAST16_FMTd__="hd"' '-D__INT_LEAST16_FMTi__="hi"' -D__INT_LEAST16_MAX__=32767 -D__INT_LEAST16_TYPE__=short -D__INT_LEAST16_WIDTH__=16 '-D__INT_LEAST32_FMTd__="d"' '-D__INT_LEAST32_FMTi__="i"' -D__INT_LEAST32_MAX__=2147483647 -D__INT_LEAST32_TYPE__=int -D__INT_LEAST32_WIDTH__=32 '-D__INT_LEAST64_FMTd__="lld"' '-D__INT_LEAST64_FMTi__="lli"' -D__INT_LEAST64_MAX__=9223372036854775807LL '-D__INT_LEAST64_TYPE__=long long int' -D__INT_LEAST64_WIDTH__=64 '-D__INT_LEAST8_FMTd__="hhd"' '-D__INT_LEAST8_FMTi__="hhi"' -D__INT_LEAST8_MAX__=127 '-D__INT_LEAST8_TYPE__=signed char' -D__INT_LEAST8_WIDTH__=8 -D__INT_MAX__=2147483647 -D__INT_WIDTH__=32 -D__LAHF_SAHF__=1 -D__LDBL_DECIMAL_DIG__=21 -D__LDBL_DENORM_MIN__=3.64519953188247460253e-4951L -D__LDBL_DIG__=18 -D__LDBL_EPSILON__=1.08420217248550443401e-19L -D__LDBL_HAS_DENORM__=1 -D__LDBL_HAS_INFINITY__=1 -D__LDBL_HAS_QUIET_NAN__=1 -D__LDBL_MANT_DIG__=64 -D__LDBL_MAX_10_EXP__=4932 -D__LDBL_MAX_EXP__=16384 -D__LDBL_MAX__=1.18973149535723176502e+4932L '-D__LDBL_MIN_10_EXP__=(-4931)' '-D__LDBL_MIN_EXP__=(-16381)' -D__LDBL_MIN__=3.36210314311209350626e-4932L -D__LITTLE_ENDIAN__=1 -D__LLONG_WIDTH__=64 -D__LONG_LONG_MAX__=9223372036854775807LL -D__LONG_MAX__=9223372036854775807L -D__LONG_WIDTH__=64 -D__LP64__=1 -D__MACH__=1 -D__MMX__=1 -D__NO_INLINE__=1 -D__NO_MATH_ERRNO__=1 -D__NO_MATH_INLINES=1 -D__OBJC_BOOL_IS_BOOL=0 -D__OPENCL_MEMORY_SCOPE_ALL_SVM_DEVICES=3 -D__OPENCL_MEMORY_SCOPE_DEVICE=2 -D__OPENCL_MEMORY_SCOPE_SUB_GROUP=4 -D__OPENCL_MEMORY_SCOPE_WORK_GROUP=1 -D__OPENCL_MEMORY_SCOPE_WORK_ITEM=0 -D__ORDER_BIG_ENDIAN__=4321 -D__ORDER_LITTLE_ENDIAN__=1234 -D__ORDER_PDP_ENDIAN__=3412 -D__PIC__=2 -D__POINTER_WIDTH__=64 -D__PRAGMA_REDEFINE_EXTNAME=1 '-D__PTRDIFF_FMTd__="ld"' '-D__PTRDIFF_FMTi__="li"' -D__PTRDIFF_MAX__=9223372036854775807L '-D__PTRDIFF_TYPE__=long int' -D__PTRDIFF_WIDTH__=64 -D__REGISTER_PREFIX__= -D__SCHAR_MAX__=127 -D__SEG_FS=1 -D__SEG_GS=1 -D__SHRT_MAX__=32767 -D__SHRT_WIDTH__=16 -D__SIG_ATOMIC_MAX__=2147483647 -D__SIG_ATOMIC_WIDTH__=32 -D__SIZEOF_DOUBLE__=8 -D__SIZEOF_FLOAT__=4 -D__SIZEOF_INT128__=16 -D__SIZEOF_INT__=4 -D__SIZEOF_LONG_DOUBLE__=16 -D__SIZEOF_LONG_LONG__=8 -D__SIZEOF_LONG__=8 -D__SIZEOF_POINTER__=8 -D__SIZEOF_PTRDIFF_T__=8 -D__SIZEOF_SHORT__=2 -D__SIZEOF_SIZE_T__=8 -D__SIZEOF_WCHAR_T__=4 -D__SIZEOF_WINT_T__=4 '-D__SIZE_FMTX__="lX"' '-D__SIZE_FMTo__="lo"' '-D__SIZE_FMTu__="lu"' '-D__SIZE_FMTx__="lx"' -D__SIZE_MAX__=18446744073709551615UL '-D__SIZE_TYPE__=long unsigned int' -D__SIZE_WIDTH__=64 -D__SSE2_MATH__=1 -D__SSE2__=1 -D__SSE3__=1 -D__SSE4_1__=1 -D__SSE_MATH__=1 -D__SSE__=1 -D__SSSE3__=1 -D__STDC_NO_THREADS__=1 -D__STDC_UTF_16__=1 -D__STDC_UTF_32__=1 -D__UINT16_C_SUFFIX__= '-D__UINT16_FMTX__="hX"' '-D__UINT16_FMTo__="ho"' '-D__UINT16_FMTu__="hu"' '-D__UINT16_FMTx__="hx"' -D__UINT16_MAX__=65535 '-D__UINT16_TYPE__=unsigned short' -D__UINT32_C_SUFFIX__=U '-D__UINT32_FMTX__="X"' '-D__UINT32_FMTo__="o"' '-D__UINT32_FMTu__="u"' '-D__UINT32_FMTx__="x"' -D__UINT32_MAX__=4294967295U '-D__UINT32_TYPE__=unsigned int' -D__UINT64_C_SUFFIX__=ULL '-D__UINT64_FMTX__="llX"' '-D__UINT64_FMTo__="llo"' '-D__UINT64_FMTu__="llu"' '-D__UINT64_FMTx__="llx"' -D__UINT64_MAX__=18446744073709551615ULL '-D__UINT64_TYPE__=long long unsigned int' -D__UINT8_C_SUFFIX__= '-D__UINT8_FMTX__="hhX"' '-D__UINT8_FMTo__="hho"' '-D__UINT8_FMTu__="hhu"' '-D__UINT8_FMTx__="hhx"' -D__UINT8_MAX__=255 '-D__UINT8_TYPE__=unsigned char' -D__UINTMAX_C_SUFFIX__=UL '-D__UINTMAX_FMTX__="lX"' '-D__UINTMAX_FMTo__="lo"' '-D__UINTMAX_FMTu__="lu"' '-D__UINTMAX_FMTx__="lx"' -D__UINTMAX_MAX__=18446744073709551615UL '-D__UINTMAX_TYPE__=long unsigned int' -D__UINTMAX_WIDTH__=64 '-D__UINTPTR_FMTX__="lX"' '-D__UINTPTR_FMTo__="lo"' '-D__UINTPTR_FMTu__="lu"' '-D__UINTPTR_FMTx__="lx"' -D__UINTPTR_MAX__=18446744073709551615UL '-D__UINTPTR_TYPE__=long unsigned int' -D__UINTPTR_WIDTH__=64 '-D__UINT_FAST16_FMTX__="hX"' '-D__UINT_FAST16_FMTo__="ho"' '-D__UINT_FAST16_FMTu__="hu"' '-D__UINT_FAST16_FMTx__="hx"' -D__UINT_FAST16_MAX__=65535 '-D__UINT_FAST16_TYPE__=unsigned short' '-D__UINT_FAST32_FMTX__="X"' '-D__UINT_FAST32_FMTo__="o"' '-D__UINT_FAST32_FMTu__="u"' '-D__UINT_FAST32_FMTx__="x"' -D__UINT_FAST32_MAX__=4294967295U '-D__UINT_FAST32_TYPE__=unsigned int' '-D__UINT_FAST64_FMTX__="llX"' '-D__UINT_FAST64_FMTo__="llo"' '-D__UINT_FAST64_FMTu__="llu"' '-D__UINT_FAST64_FMTx__="llx"' -D__UINT_FAST64_MAX__=18446744073709551615ULL '-D__UINT_FAST64_TYPE__=long long unsigned int' '-D__UINT_FAST8_FMTX__="hhX"' '-D__UINT_FAST8_FMTo__="hho"' '-D__UINT_FAST8_FMTu__="hhu"' '-D__UINT_FAST8_FMTx__="hhx"' -D__UINT_FAST8_MAX__=255 '-D__UINT_FAST8_TYPE__=unsigned char' '-D__UINT_LEAST16_FMTX__="hX"' '-D__UINT_LEAST16_FMTo__="ho"' '-D__UINT_LEAST16_FMTu__="hu"' '-D__UINT_LEAST16_FMTx__="hx"' -D__UINT_LEAST16_MAX__=65535 '-D__UINT_LEAST16_TYPE__=unsigned short' '-D__UINT_LEAST32_FMTX__="X"' '-D__UINT_LEAST32_FMTo__="o"' '-D__UINT_LEAST32_FMTu__="u"' '-D__UINT_LEAST32_FMTx__="x"' -D__UINT_LEAST32_MAX__=4294967295U '-D__UINT_LEAST32_TYPE__=unsigned int' '-D__UINT_LEAST64_FMTX__="llX"' '-D__UINT_LEAST64_FMTo__="llo"' '-D__UINT_LEAST64_FMTu__="llu"' '-D__UINT_LEAST64_FMTx__="llx"' -D__UINT_LEAST64_MAX__=18446744073709551615ULL '-D__UINT_LEAST64_TYPE__=long long unsigned int' '-D__UINT_LEAST8_FMTX__="hhX"' '-D__UINT_LEAST8_FMTo__="hho"' '-D__UINT_LEAST8_FMTu__="hhu"' '-D__UINT_LEAST8_FMTx__="hhx"' -D__UINT_LEAST8_MAX__=255 '-D__UINT_LEAST8_TYPE__=unsigned char' -D__USER_LABEL_PREFIX__=_ '-D__VERSION__="Apple LLVM 15.0.0 (clang-1500.3.9.4)"' -D__WCHAR_MAX__=2147483647 -D__WCHAR_TYPE__=int -D__WCHAR_WIDTH__=32 -D__WINT_MAX__=2147483647 -D__WINT_TYPE__=int -D__WINT_WIDTH__=32 -D__amd64=1 -D__amd64__=1 -D__apple_build_version__=15000309 '-D__block=__attribute__((__blocks__(byref)))' -D__clang__=1 '-D__clang_literal_encoding__="UTF-8"' -D__clang_major__=15 -D__clang_minor__=0 -D__clang_patchlevel__=0 '-D__clang_version__="15.0.0 (clang-1500.3.9.4)"' '-D__clang_wide_literal_encoding__="UTF-32"' -D__code_model_small__=1 -D__core2=1 -D__core2__=1 -D__llvm__=1 -D__nonnull=_Nonnull -D__null_unspecified=_Null_unspecified -D__nullable=_Nullable -D__pic__=2 '-D__seg_fs=__attribute__((address_space(257)))' '-D__seg_gs=__attribute__((address_space(256)))' -D__strong= -D__tune_core2__=1 -D__unsafe_unretained= '-D__weak=__attribute__((objc_gc(weak)))' -D__x86_64=1 -D__x86_64__=1 '-D__private_extern__=extern __attribute__((visibility("hidden")))' --blocks -D__GCC_HAVE_DWARF2_CFI_ASM=1 -I/usr/local/include -I/Library/Developer/CommandLineTools/usr/lib/clang/15.0.0/include -I/Library/Developer/CommandLineTools/SDKs/MacOSX.sdk/usr/include -I/Library/Developer/CommandLineTools/usr/include -F/Library/Developer/CommandLineTools/SDKs/MacOSX.sdk/System/Library/Frameworks -- CWE122_Heap_Based_Buffer_Overflow__char_type_overrun_memcpy_04.c
[E 16:49:26 77722] CODEQL_EXTRACTOR_CPP_TRAP_CACHING is not set
[E 16:49:26 77722] CODEQL_EXTRACTOR_CPP_OPTION_TRAP_CACHE_WRITE is not set
[E 16:49:26 77722] CODEQL_EXTRACTOR_CPP_OPTION_TRAP_CACHE_DIR is not set
[E 16:49:26 77722] Initialising TRAP cache at path: d7/a4f8/f8d560b2bcc34fe59df8e96e514d
[E 16:49:26 77722] Not using TRAP cache
[E 16:49:26 77722] TRAP cache miss
[E 16:49:26 77722] Starting compilation TRAP /Users/sheenie/Desktop/my_cases/taint+buffer_trimmed/cwe121-db/trap/cpp/compilations/35/48147572_0.trap.zst
[E 16:49:26 77722] Archiving /Users/sheenie/Desktop/my_cases/taint+buffer_trimmed/cwe121-db/src/Users/sheenie/Desktop/my_cases/taint+buffer_trimmed/CWE122_Heap_Based_Buffer_Overflow__char_type_overrun_memcpy_04.c
[E 16:49:26 77722] Already archived /Users/sheenie/Desktop/my_cases/taint+buffer_trimmed/cwe121-db/src/Users/sheenie/Desktop/my_cases/taint+buffer_trimmed/std_testcase.h
[E 16:49:26 77722] Already archived /Users/sheenie/Desktop/my_cases/taint+buffer_trimmed/cwe121-db/src/Library/Developer/CommandLineTools/SDKs/MacOSX14.4.sdk/usr/include/stdio.h
[E 16:49:26 77722] Already archived /Users/sheenie/Desktop/my_cases/taint+buffer_trimmed/cwe121-db/src/Library/Developer/CommandLineTools/SDKs/MacOSX14.4.sdk/usr/include/_stdio.h
[E 16:49:26 77722] Already archived /Users/sheenie/Desktop/my_cases/taint+buffer_trimmed/cwe121-db/src/Library/Developer/CommandLineTools/SDKs/MacOSX14.4.sdk/usr/include/sys/cdefs.h
[E 16:49:26 77722] Already archived /Users/sheenie/Desktop/my_cases/taint+buffer_trimmed/cwe121-db/src/Library/Developer/CommandLineTools/SDKs/MacOSX14.4.sdk/usr/include/sys/_symbol_aliasing.h
[E 16:49:26 77722] Already archived /Users/sheenie/Desktop/my_cases/taint+buffer_trimmed/cwe121-db/src/Library/Developer/CommandLineTools/SDKs/MacOSX14.4.sdk/usr/include/sys/_posix_availability.h
[E 16:49:26 77722] Already archived /Users/sheenie/Desktop/my_cases/taint+buffer_trimmed/cwe121-db/src/Library/Developer/CommandLineTools/SDKs/MacOSX14.4.sdk/usr/include/Availability.h
[E 16:49:26 77722] Already archived /Users/sheenie/Desktop/my_cases/taint+buffer_trimmed/cwe121-db/src/Library/Developer/CommandLineTools/SDKs/MacOSX14.4.sdk/usr/include/AvailabilityVersions.h
[E 16:49:26 77722] Already archived /Users/sheenie/Desktop/my_cases/taint+buffer_trimmed/cwe121-db/src/Library/Developer/CommandLineTools/SDKs/MacOSX14.4.sdk/usr/include/AvailabilityInternal.h
[E 16:49:26 77722] Already archived /Users/sheenie/Desktop/my_cases/taint+buffer_trimmed/cwe121-db/src/Library/Developer/CommandLineTools/SDKs/MacOSX14.4.sdk/usr/include/AvailabilityInternalLegacy.h
[E 16:49:26 77722] Already archived /Users/sheenie/Desktop/my_cases/taint+buffer_trimmed/cwe121-db/src/Library/Developer/CommandLineTools/SDKs/MacOSX14.4.sdk/usr/include/_types.h
[E 16:49:26 77722] Already archived /Users/sheenie/Desktop/my_cases/taint+buffer_trimmed/cwe121-db/src/Library/Developer/CommandLineTools/SDKs/MacOSX14.4.sdk/usr/include/sys/_types.h
[E 16:49:26 77722] Already archived /Users/sheenie/Desktop/my_cases/taint+buffer_trimmed/cwe121-db/src/Library/Developer/CommandLineTools/SDKs/MacOSX14.4.sdk/usr/include/machine/_types.h
[E 16:49:26 77722] Already archived /Users/sheenie/Desktop/my_cases/taint+buffer_trimmed/cwe121-db/src/Library/Developer/CommandLineTools/SDKs/MacOSX14.4.sdk/usr/include/i386/_types.h
[E 16:49:26 77722] Already archived /Users/sheenie/Desktop/my_cases/taint+buffer_trimmed/cwe121-db/src/Library/Developer/CommandLineTools/SDKs/MacOSX14.4.sdk/usr/include/sys/_pthread/_pthread_types.h
[E 16:49:26 77722] Already archived /Users/sheenie/Desktop/my_cases/taint+buffer_trimmed/cwe121-db/src/Library/Developer/CommandLineTools/SDKs/MacOSX14.4.sdk/usr/include/sys/_types/_va_list.h
[E 16:49:26 77722] Already archived /Users/sheenie/Desktop/my_cases/taint+buffer_trimmed/cwe121-db/src/Library/Developer/CommandLineTools/SDKs/MacOSX14.4.sdk/usr/include/machine/types.h
[E 16:49:26 77722] Already archived /Users/sheenie/Desktop/my_cases/taint+buffer_trimmed/cwe121-db/src/Library/Developer/CommandLineTools/SDKs/MacOSX14.4.sdk/usr/include/i386/types.h
[E 16:49:26 77722] Already archived /Users/sheenie/Desktop/my_cases/taint+buffer_trimmed/cwe121-db/src/Library/Developer/CommandLineTools/SDKs/MacOSX14.4.sdk/usr/include/sys/_types/_int8_t.h
[E 16:49:26 77722] Already archived /Users/sheenie/Desktop/my_cases/taint+buffer_trimmed/cwe121-db/src/Library/Developer/CommandLineTools/SDKs/MacOSX14.4.sdk/usr/include/sys/_types/_int16_t.h
[E 16:49:26 77722] Already archived /Users/sheenie/Desktop/my_cases/taint+buffer_trimmed/cwe121-db/src/Library/Developer/CommandLineTools/SDKs/MacOSX14.4.sdk/usr/include/sys/_types/_int32_t.h
[E 16:49:26 77722] Already archived /Users/sheenie/Desktop/my_cases/taint+buffer_trimmed/cwe121-db/src/Library/Developer/CommandLineTools/SDKs/MacOSX14.4.sdk/usr/include/sys/_types/_int64_t.h
[E 16:49:26 77722] Already archived /Users/sheenie/Desktop/my_cases/taint+buffer_trimmed/cwe121-db/src/Library/Developer/CommandLineTools/SDKs/MacOSX14.4.sdk/usr/include/sys/_types/_u_int8_t.h
[E 16:49:26 77722] Already archived /Users/sheenie/Desktop/my_cases/taint+buffer_trimmed/cwe121-db/src/Library/Developer/CommandLineTools/SDKs/MacOSX14.4.sdk/usr/include/sys/_types/_u_int16_t.h
[E 16:49:26 77722] Already archived /Users/sheenie/Desktop/my_cases/taint+buffer_trimmed/cwe121-db/src/Library/Developer/CommandLineTools/SDKs/MacOSX14.4.sdk/usr/include/sys/_types/_u_int32_t.h
[E 16:49:26 77722] Already archived /Users/sheenie/Desktop/my_cases/taint+buffer_trimmed/cwe121-db/src/Library/Developer/CommandLineTools/SDKs/MacOSX14.4.sdk/usr/include/sys/_types/_u_int64_t.h
[E 16:49:26 77722] Already archived /Users/sheenie/Desktop/my_cases/taint+buffer_trimmed/cwe121-db/src/Library/Developer/CommandLineTools/SDKs/MacOSX14.4.sdk/usr/include/sys/_types/_intptr_t.h
[E 16:49:26 77722] Already archived /Users/sheenie/Desktop/my_cases/taint+buffer_trimmed/cwe121-db/src/Library/Developer/CommandLineTools/SDKs/MacOSX14.4.sdk/usr/include/machine/types.h
[E 16:49:26 77722] Already archived /Users/sheenie/Desktop/my_cases/taint+buffer_trimmed/cwe121-db/src/Library/Developer/CommandLineTools/SDKs/MacOSX14.4.sdk/usr/include/sys/_types/_uintptr_t.h
[E 16:49:26 77722] Already archived /Users/sheenie/Desktop/my_cases/taint+buffer_trimmed/cwe121-db/src/Library/Developer/CommandLineTools/SDKs/MacOSX14.4.sdk/usr/include/sys/_types/_size_t.h
[E 16:49:26 77722] Already archived /Users/sheenie/Desktop/my_cases/taint+buffer_trimmed/cwe121-db/src/Library/Developer/CommandLineTools/SDKs/MacOSX14.4.sdk/usr/include/sys/_types/_null.h
[E 16:49:26 77722] Already archived /Users/sheenie/Desktop/my_cases/taint+buffer_trimmed/cwe121-db/src/Library/Developer/CommandLineTools/SDKs/MacOSX14.4.sdk/usr/include/sys/stdio.h
[E 16:49:26 77722] Already archived /Users/sheenie/Desktop/my_cases/taint+buffer_trimmed/cwe121-db/src/Library/Developer/CommandLineTools/SDKs/MacOSX14.4.sdk/usr/include/sys/_types/_seek_set.h
[E 16:49:26 77722] Already archived /Users/sheenie/Desktop/my_cases/taint+buffer_trimmed/cwe121-db/src/Library/Developer/CommandLineTools/SDKs/MacOSX14.4.sdk/usr/include/_ctermid.h
[E 16:49:26 77722] Already archived /Users/sheenie/Desktop/my_cases/taint+buffer_trimmed/cwe121-db/src/Library/Developer/CommandLineTools/SDKs/MacOSX14.4.sdk/usr/include/sys/_types/_off_t.h
[E 16:49:26 77722] Already archived /Users/sheenie/Desktop/my_cases/taint+buffer_trimmed/cwe121-db/src/Library/Developer/CommandLineTools/SDKs/MacOSX14.4.sdk/usr/include/sys/_types/_ssize_t.h
[E 16:49:26 77722] Already archived /Users/sheenie/Desktop/my_cases/taint+buffer_trimmed/cwe121-db/src/Library/Developer/CommandLineTools/SDKs/MacOSX14.4.sdk/usr/include/secure/_stdio.h
[E 16:49:26 77722] Already archived /Users/sheenie/Desktop/my_cases/taint+buffer_trimmed/cwe121-db/src/Library/Developer/CommandLineTools/SDKs/MacOSX14.4.sdk/usr/include/secure/_common.h
[E 16:49:26 77722] Already archived /Users/sheenie/Desktop/my_cases/taint+buffer_trimmed/cwe121-db/src/Library/Developer/CommandLineTools/SDKs/MacOSX14.4.sdk/usr/include/stdlib.h
[E 16:49:26 77722] Already archived /Users/sheenie/Desktop/my_cases/taint+buffer_trimmed/cwe121-db/src/Library/Developer/CommandLineTools/SDKs/MacOSX14.4.sdk/usr/include/sys/wait.h
[E 16:49:26 77722] Already archived /Users/sheenie/Desktop/my_cases/taint+buffer_trimmed/cwe121-db/src/Library/Developer/CommandLineTools/SDKs/MacOSX14.4.sdk/usr/include/sys/_types/_pid_t.h
[E 16:49:26 77722] Already archived /Users/sheenie/Desktop/my_cases/taint+buffer_trimmed/cwe121-db/src/Library/Developer/CommandLineTools/SDKs/MacOSX14.4.sdk/usr/include/sys/_types/_id_t.h
[E 16:49:26 77722] Already archived /Users/sheenie/Desktop/my_cases/taint+buffer_trimmed/cwe121-db/src/Library/Developer/CommandLineTools/SDKs/MacOSX14.4.sdk/usr/include/sys/signal.h
[E 16:49:26 77722] Already archived /Users/sheenie/Desktop/my_cases/taint+buffer_trimmed/cwe121-db/src/Library/Developer/CommandLineTools/SDKs/MacOSX14.4.sdk/usr/include/sys/appleapiopts.h
[E 16:49:26 77722] Already archived /Users/sheenie/Desktop/my_cases/taint+buffer_trimmed/cwe121-db/src/Library/Developer/CommandLineTools/SDKs/MacOSX14.4.sdk/usr/include/machine/signal.h
[E 16:49:26 77722] Already archived /Users/sheenie/Desktop/my_cases/taint+buffer_trimmed/cwe121-db/src/Library/Developer/CommandLineTools/SDKs/MacOSX14.4.sdk/usr/include/i386/signal.h
[E 16:49:26 77722] Already archived /Users/sheenie/Desktop/my_cases/taint+buffer_trimmed/cwe121-db/src/Library/Developer/CommandLineTools/SDKs/MacOSX14.4.sdk/usr/include/machine/_mcontext.h
[E 16:49:26 77722] Already archived /Users/sheenie/Desktop/my_cases/taint+buffer_trimmed/cwe121-db/src/Library/Developer/CommandLineTools/SDKs/MacOSX14.4.sdk/usr/include/i386/_mcontext.h
[E 16:49:26 77722] Already archived /Users/sheenie/Desktop/my_cases/taint+buffer_trimmed/cwe121-db/src/Library/Developer/CommandLineTools/SDKs/MacOSX14.4.sdk/usr/include/mach/machine/_structs.h
[E 16:49:26 77722] Already archived /Users/sheenie/Desktop/my_cases/taint+buffer_trimmed/cwe121-db/src/Library/Developer/CommandLineTools/SDKs/MacOSX14.4.sdk/usr/include/mach/i386/_structs.h
[E 16:49:26 77722] Already archived /Users/sheenie/Desktop/my_cases/taint+buffer_trimmed/cwe121-db/src/Library/Developer/CommandLineTools/SDKs/MacOSX14.4.sdk/usr/include/sys/_pthread/_pthread_attr_t.h
[E 16:49:26 77722] Already archived /Users/sheenie/Desktop/my_cases/taint+buffer_trimmed/cwe121-db/src/Library/Developer/CommandLineTools/SDKs/MacOSX14.4.sdk/usr/include/sys/_types/_sigaltstack.h
[E 16:49:26 77722] Already archived /Users/sheenie/Desktop/my_cases/taint+buffer_trimmed/cwe121-db/src/Library/Developer/CommandLineTools/SDKs/MacOSX14.4.sdk/usr/include/sys/_types/_ucontext.h
[E 16:49:26 77722] Already archived /Users/sheenie/Desktop/my_cases/taint+buffer_trimmed/cwe121-db/src/Library/Developer/CommandLineTools/SDKs/MacOSX14.4.sdk/usr/include/sys/_types/_sigset_t.h
[E 16:49:26 77722] Already archived /Users/sheenie/Desktop/my_cases/taint+buffer_trimmed/cwe121-db/src/Library/Developer/CommandLineTools/SDKs/MacOSX14.4.sdk/usr/include/sys/_types/_uid_t.h
[E 16:49:26 77722] Already archived /Users/sheenie/Desktop/my_cases/taint+buffer_trimmed/cwe121-db/src/Library/Developer/CommandLineTools/SDKs/MacOSX14.4.sdk/usr/include/sys/resource.h
[E 16:49:26 77722] Already archived /Users/sheenie/Desktop/my_cases/taint+buffer_trimmed/cwe121-db/src/Library/Developer/CommandLineTools/usr/lib/clang/15.0.0/include/stdint.h
[E 16:49:26 77722] Already archived /Users/sheenie/Desktop/my_cases/taint+buffer_trimmed/cwe121-db/src/Library/Developer/CommandLineTools/SDKs/MacOSX14.4.sdk/usr/include/stdint.h
[E 16:49:26 77722] Already archived /Users/sheenie/Desktop/my_cases/taint+buffer_trimmed/cwe121-db/src/Library/Developer/CommandLineTools/SDKs/MacOSX14.4.sdk/usr/include/_types/_uint8_t.h
[E 16:49:26 77722] Already archived /Users/sheenie/Desktop/my_cases/taint+buffer_trimmed/cwe121-db/src/Library/Developer/CommandLineTools/SDKs/MacOSX14.4.sdk/usr/include/_types/_uint16_t.h
[E 16:49:26 77722] Already archived /Users/sheenie/Desktop/my_cases/taint+buffer_trimmed/cwe121-db/src/Library/Developer/CommandLineTools/SDKs/MacOSX14.4.sdk/usr/include/_types/_uint32_t.h
[E 16:49:26 77722] Already archived /Users/sheenie/Desktop/my_cases/taint+buffer_trimmed/cwe121-db/src/Library/Developer/CommandLineTools/SDKs/MacOSX14.4.sdk/usr/include/_types/_uint64_t.h
[E 16:49:26 77722] Already archived /Users/sheenie/Desktop/my_cases/taint+buffer_trimmed/cwe121-db/src/Library/Developer/CommandLineTools/SDKs/MacOSX14.4.sdk/usr/include/_types/_intmax_t.h
[E 16:49:26 77722] Already archived /Users/sheenie/Desktop/my_cases/taint+buffer_trimmed/cwe121-db/src/Library/Developer/CommandLineTools/SDKs/MacOSX14.4.sdk/usr/include/_types/_uintmax_t.h
[E 16:49:26 77722] Already archived /Users/sheenie/Desktop/my_cases/taint+buffer_trimmed/cwe121-db/src/Library/Developer/CommandLineTools/SDKs/MacOSX14.4.sdk/usr/include/sys/_types/_timeval.h
[E 16:49:26 77722] Already archived /Users/sheenie/Desktop/my_cases/taint+buffer_trimmed/cwe121-db/src/Library/Developer/CommandLineTools/SDKs/MacOSX14.4.sdk/usr/include/machine/endian.h
[E 16:49:26 77722] Already archived /Users/sheenie/Desktop/my_cases/taint+buffer_trimmed/cwe121-db/src/Library/Developer/CommandLineTools/SDKs/MacOSX14.4.sdk/usr/include/i386/endian.h
[E 16:49:26 77722] Already archived /Users/sheenie/Desktop/my_cases/taint+buffer_trimmed/cwe121-db/src/Library/Developer/CommandLineTools/SDKs/MacOSX14.4.sdk/usr/include/sys/_endian.h
[E 16:49:26 77722] Already archived /Users/sheenie/Desktop/my_cases/taint+buffer_trimmed/cwe121-db/src/Library/Developer/CommandLineTools/SDKs/MacOSX14.4.sdk/usr/include/machine/endian.h
[E 16:49:26 77722] Already archived /Users/sheenie/Desktop/my_cases/taint+buffer_trimmed/cwe121-db/src/Library/Developer/CommandLineTools/SDKs/MacOSX14.4.sdk/usr/include/libkern/_OSByteOrder.h
[E 16:49:26 77722] Already archived /Users/sheenie/Desktop/my_cases/taint+buffer_trimmed/cwe121-db/src/Library/Developer/CommandLineTools/SDKs/MacOSX14.4.sdk/usr/include/libkern/i386/_OSByteOrder.h
[E 16:49:26 77722] Already archived /Users/sheenie/Desktop/my_cases/taint+buffer_trimmed/cwe121-db/src/Library/Developer/CommandLineTools/SDKs/MacOSX14.4.sdk/usr/include/alloca.h
[E 16:49:26 77722] Already archived /Users/sheenie/Desktop/my_cases/taint+buffer_trimmed/cwe121-db/src/Library/Developer/CommandLineTools/SDKs/MacOSX14.4.sdk/usr/include/sys/_types/_ct_rune_t.h
[E 16:49:26 77722] Already archived /Users/sheenie/Desktop/my_cases/taint+buffer_trimmed/cwe121-db/src/Library/Developer/CommandLineTools/SDKs/MacOSX14.4.sdk/usr/include/sys/_types/_rune_t.h
[E 16:49:26 77722] Already archived /Users/sheenie/Desktop/my_cases/taint+buffer_trimmed/cwe121-db/src/Library/Developer/CommandLineTools/SDKs/MacOSX14.4.sdk/usr/include/sys/_types/_wchar_t.h
[E 16:49:26 77722] Already archived /Users/sheenie/Desktop/my_cases/taint+buffer_trimmed/cwe121-db/src/Library/Developer/CommandLineTools/SDKs/MacOSX14.4.sdk/usr/include/malloc/_malloc.h
[E 16:49:26 77722] Already archived /Users/sheenie/Desktop/my_cases/taint+buffer_trimmed/cwe121-db/src/Library/Developer/CommandLineTools/SDKs/MacOSX14.4.sdk/usr/include/malloc/_malloc_type.h
[E 16:49:26 77722] Already archived /Users/sheenie/Desktop/my_cases/taint+buffer_trimmed/cwe121-db/src/Library/Developer/CommandLineTools/SDKs/MacOSX14.4.sdk/usr/include/malloc/_ptrcheck.h
[E 16:49:26 77722] Already archived /Users/sheenie/Desktop/my_cases/taint+buffer_trimmed/cwe121-db/src/Library/Developer/CommandLineTools/SDKs/MacOSX14.4.sdk/usr/include/sys/_types/_dev_t.h
[E 16:49:26 77722] Already archived /Users/sheenie/Desktop/my_cases/taint+buffer_trimmed/cwe121-db/src/Library/Developer/CommandLineTools/SDKs/MacOSX14.4.sdk/usr/include/sys/_types/_mode_t.h
[E 16:49:26 77722] Already archived /Users/sheenie/Desktop/my_cases/taint+buffer_trimmed/cwe121-db/src/Library/Developer/CommandLineTools/usr/lib/clang/15.0.0/include/stddef.h
[E 16:49:26 77722] Already archived /Users/sheenie/Desktop/my_cases/taint+buffer_trimmed/cwe121-db/src/Library/Developer/CommandLineTools/usr/lib/clang/15.0.0/include/__stddef_max_align_t.h
[E 16:49:26 77722] Already archived /Users/sheenie/Desktop/my_cases/taint+buffer_trimmed/cwe121-db/src/Library/Developer/CommandLineTools/SDKs/MacOSX14.4.sdk/usr/include/time.h
[E 16:49:26 77722] Already archived /Users/sheenie/Desktop/my_cases/taint+buffer_trimmed/cwe121-db/src/Library/Developer/CommandLineTools/SDKs/MacOSX14.4.sdk/usr/include/sys/_types/_clock_t.h
[E 16:49:26 77722] Already archived /Users/sheenie/Desktop/my_cases/taint+buffer_trimmed/cwe121-db/src/Library/Developer/CommandLineTools/SDKs/MacOSX14.4.sdk/usr/include/sys/_types/_time_t.h
[E 16:49:26 77722] Already archived /Users/sheenie/Desktop/my_cases/taint+buffer_trimmed/cwe121-db/src/Library/Developer/CommandLineTools/SDKs/MacOSX14.4.sdk/usr/include/sys/_types/_timespec.h
[E 16:49:26 77722] Already archived /Users/sheenie/Desktop/my_cases/taint+buffer_trimmed/cwe121-db/src/Library/Developer/CommandLineTools/usr/lib/clang/15.0.0/include/limits.h
[E 16:49:26 77722] Already archived /Users/sheenie/Desktop/my_cases/taint+buffer_trimmed/cwe121-db/src/Library/Developer/CommandLineTools/SDKs/MacOSX14.4.sdk/usr/include/limits.h
[E 16:49:26 77722] Already archived /Users/sheenie/Desktop/my_cases/taint+buffer_trimmed/cwe121-db/src/Library/Developer/CommandLineTools/SDKs/MacOSX14.4.sdk/usr/include/machine/limits.h
[E 16:49:26 77722] Already archived /Users/sheenie/Desktop/my_cases/taint+buffer_trimmed/cwe121-db/src/Library/Developer/CommandLineTools/SDKs/MacOSX14.4.sdk/usr/include/i386/limits.h
[E 16:49:26 77722] Already archived /Users/sheenie/Desktop/my_cases/taint+buffer_trimmed/cwe121-db/src/Library/Developer/CommandLineTools/SDKs/MacOSX14.4.sdk/usr/include/i386/_limits.h
[E 16:49:26 77722] Already archived /Users/sheenie/Desktop/my_cases/taint+buffer_trimmed/cwe121-db/src/Library/Developer/CommandLineTools/SDKs/MacOSX14.4.sdk/usr/include/sys/syslimits.h
[E 16:49:26 77722] Already archived /Users/sheenie/Desktop/my_cases/taint+buffer_trimmed/cwe121-db/src/Library/Developer/CommandLineTools/SDKs/MacOSX14.4.sdk/usr/include/string.h
[E 16:49:26 77722] Already archived /Users/sheenie/Desktop/my_cases/taint+buffer_trimmed/cwe121-db/src/Library/Developer/CommandLineTools/SDKs/MacOSX14.4.sdk/usr/include/sys/_types/_rsize_t.h
[E 16:49:26 77722] Already archived /Users/sheenie/Desktop/my_cases/taint+buffer_trimmed/cwe121-db/src/Library/Developer/CommandLineTools/SDKs/MacOSX14.4.sdk/usr/include/sys/_types/_errno_t.h
[E 16:49:26 77722] Already archived /Users/sheenie/Desktop/my_cases/taint+buffer_trimmed/cwe121-db/src/Library/Developer/CommandLineTools/SDKs/MacOSX14.4.sdk/usr/include/strings.h
[E 16:49:26 77722] Already archived /Users/sheenie/Desktop/my_cases/taint+buffer_trimmed/cwe121-db/src/Library/Developer/CommandLineTools/SDKs/MacOSX14.4.sdk/usr/include/string.h
[E 16:49:26 77722] Already archived /Users/sheenie/Desktop/my_cases/taint+buffer_trimmed/cwe121-db/src/Library/Developer/CommandLineTools/SDKs/MacOSX14.4.sdk/usr/include/secure/_strings.h
[E 16:49:26 77722] Already archived /Users/sheenie/Desktop/my_cases/taint+buffer_trimmed/cwe121-db/src/Library/Developer/CommandLineTools/SDKs/MacOSX14.4.sdk/usr/include/secure/_string.h
[E 16:49:26 77722] Already archived /Users/sheenie/Desktop/my_cases/taint+buffer_trimmed/cwe121-db/src/Library/Developer/CommandLineTools/SDKs/MacOSX14.4.sdk/usr/include/ctype.h
[E 16:49:26 77722] Already archived /Users/sheenie/Desktop/my_cases/taint+buffer_trimmed/cwe121-db/src/Library/Developer/CommandLineTools/SDKs/MacOSX14.4.sdk/usr/include/_ctype.h
[E 16:49:26 77722] Already archived /Users/sheenie/Desktop/my_cases/taint+buffer_trimmed/cwe121-db/src/Library/Developer/CommandLineTools/SDKs/MacOSX14.4.sdk/usr/include/runetype.h
[E 16:49:26 77722] Already archived /Users/sheenie/Desktop/my_cases/taint+buffer_trimmed/cwe121-db/src/Library/Developer/CommandLineTools/SDKs/MacOSX14.4.sdk/usr/include/sys/_types/_wchar_t.h
[E 16:49:26 77722] Already archived /Users/sheenie/Desktop/my_cases/taint+buffer_trimmed/cwe121-db/src/Library/Developer/CommandLineTools/SDKs/MacOSX14.4.sdk/usr/include/sys/_types/_wint_t.h
[E 16:49:26 77722] Already archived /Users/sheenie/Desktop/my_cases/taint+buffer_trimmed/cwe121-db/src/Library/Developer/CommandLineTools/SDKs/MacOSX14.4.sdk/usr/include/fcntl.h
[E 16:49:26 77722] Already archived /Users/sheenie/Desktop/my_cases/taint+buffer_trimmed/cwe121-db/src/Library/Developer/CommandLineTools/SDKs/MacOSX14.4.sdk/usr/include/sys/fcntl.h
[E 16:49:26 77722] Already archived /Users/sheenie/Desktop/my_cases/taint+buffer_trimmed/cwe121-db/src/Library/Developer/CommandLineTools/SDKs/MacOSX14.4.sdk/usr/include/sys/_types/_o_sync.h
[E 16:49:26 77722] Already archived /Users/sheenie/Desktop/my_cases/taint+buffer_trimmed/cwe121-db/src/Library/Developer/CommandLineTools/SDKs/MacOSX14.4.sdk/usr/include/sys/_types/_o_dsync.h
[E 16:49:26 77722] Already archived /Users/sheenie/Desktop/my_cases/taint+buffer_trimmed/cwe121-db/src/Library/Developer/CommandLineTools/SDKs/MacOSX14.4.sdk/usr/include/sys/_types/_s_ifmt.h
[E 16:49:26 77722] Already archived /Users/sheenie/Desktop/my_cases/taint+buffer_trimmed/cwe121-db/src/Library/Developer/CommandLineTools/SDKs/MacOSX14.4.sdk/usr/include/sys/_types/_filesec_t.h
[E 16:49:26 77722] Already archived /Users/sheenie/Desktop/my_cases/taint+buffer_trimmed/cwe121-db/src/Library/Developer/CommandLineTools/SDKs/MacOSX14.4.sdk/usr/include/sys/types.h
[E 16:49:26 77722] Already archived /Users/sheenie/Desktop/my_cases/taint+buffer_trimmed/cwe121-db/src/Library/Developer/CommandLineTools/SDKs/MacOSX14.4.sdk/usr/include/sys/_types/_u_char.h
[E 16:49:26 77722] Already archived /Users/sheenie/Desktop/my_cases/taint+buffer_trimmed/cwe121-db/src/Library/Developer/CommandLineTools/SDKs/MacOSX14.4.sdk/usr/include/sys/_types/_u_short.h
[E 16:49:26 77722] Already archived /Users/sheenie/Desktop/my_cases/taint+buffer_trimmed/cwe121-db/src/Library/Developer/CommandLineTools/SDKs/MacOSX14.4.sdk/usr/include/sys/_types/_u_int.h
[E 16:49:26 77722] Already archived /Users/sheenie/Desktop/my_cases/taint+buffer_trimmed/cwe121-db/src/Library/Developer/CommandLineTools/SDKs/MacOSX14.4.sdk/usr/include/sys/_types/_caddr_t.h
[E 16:49:26 77722] Already archived /Users/sheenie/Desktop/my_cases/taint+buffer_trimmed/cwe121-db/src/Library/Developer/CommandLineTools/SDKs/MacOSX14.4.sdk/usr/include/sys/_types/_blkcnt_t.h
[E 16:49:26 77722] Already archived /Users/sheenie/Desktop/my_cases/taint+buffer_trimmed/cwe121-db/src/Library/Developer/CommandLineTools/SDKs/MacOSX14.4.sdk/usr/include/sys/_types/_blksize_t.h
[E 16:49:26 77722] Already archived /Users/sheenie/Desktop/my_cases/taint+buffer_trimmed/cwe121-db/src/Library/Developer/CommandLineTools/SDKs/MacOSX14.4.sdk/usr/include/sys/_types/_gid_t.h
[E 16:49:26 77722] Already archived /Users/sheenie/Desktop/my_cases/taint+buffer_trimmed/cwe121-db/src/Library/Developer/CommandLineTools/SDKs/MacOSX14.4.sdk/usr/include/sys/_types/_in_addr_t.h
[E 16:49:26 77722] Already archived /Users/sheenie/Desktop/my_cases/taint+buffer_trimmed/cwe121-db/src/Library/Developer/CommandLineTools/SDKs/MacOSX14.4.sdk/usr/include/sys/_types/_in_port_t.h
[E 16:49:26 77722] Already archived /Users/sheenie/Desktop/my_cases/taint+buffer_trimmed/cwe121-db/src/Library/Developer/CommandLineTools/SDKs/MacOSX14.4.sdk/usr/include/sys/_types/_ino_t.h
[E 16:49:26 77722] Already archived /Users/sheenie/Desktop/my_cases/taint+buffer_trimmed/cwe121-db/src/Library/Developer/CommandLineTools/SDKs/MacOSX14.4.sdk/usr/include/sys/_types/_ino64_t.h
[E 16:49:26 77722] Already archived /Users/sheenie/Desktop/my_cases/taint+buffer_trimmed/cwe121-db/src/Library/Developer/CommandLineTools/SDKs/MacOSX14.4.sdk/usr/include/sys/_types/_key_t.h
[E 16:49:26 77722] Already archived /Users/sheenie/Desktop/my_cases/taint+buffer_trimmed/cwe121-db/src/Library/Developer/CommandLineTools/SDKs/MacOSX14.4.sdk/usr/include/sys/_types/_nlink_t.h
[E 16:49:26 77722] Already archived /Users/sheenie/Desktop/my_cases/taint+buffer_trimmed/cwe121-db/src/Library/Developer/CommandLineTools/SDKs/MacOSX14.4.sdk/usr/include/sys/_types/_useconds_t.h
[E 16:49:26 77722] Already archived /Users/sheenie/Desktop/my_cases/taint+buffer_trimmed/cwe121-db/src/Library/Developer/CommandLineTools/SDKs/MacOSX14.4.sdk/usr/include/sys/_types/_suseconds_t.h
[E 16:49:26 77722] Already archived /Users/sheenie/Desktop/my_cases/taint+buffer_trimmed/cwe121-db/src/Library/Developer/CommandLineTools/SDKs/MacOSX14.4.sdk/usr/include/sys/_types/_fd_def.h
[E 16:49:26 77722] Already archived /Users/sheenie/Desktop/my_cases/taint+buffer_trimmed/cwe121-db/src/Library/Developer/CommandLineTools/SDKs/MacOSX14.4.sdk/usr/include/sys/_types/_fd_setsize.h
[E 16:49:26 77722] Already archived /Users/sheenie/Desktop/my_cases/taint+buffer_trimmed/cwe121-db/src/Library/Developer/CommandLineTools/SDKs/MacOSX14.4.sdk/usr/include/sys/_types/_fd_set.h
[E 16:49:26 77722] Already archived /Users/sheenie/Desktop/my_cases/taint+buffer_trimmed/cwe121-db/src/Library/Developer/CommandLineTools/SDKs/MacOSX14.4.sdk/usr/include/sys/_types/_fd_clr.h
[E 16:49:26 77722] Already archived /Users/sheenie/Desktop/my_cases/taint+buffer_trimmed/cwe121-db/src/Library/Developer/CommandLineTools/SDKs/MacOSX14.4.sdk/usr/include/sys/_types/_fd_zero.h
[E 16:49:26 77722] Already archived /Users/sheenie/Desktop/my_cases/taint+buffer_trimmed/cwe121-db/src/Library/Developer/CommandLineTools/SDKs/MacOSX14.4.sdk/usr/include/sys/_types/_fd_isset.h
[E 16:49:26 77722] Already archived /Users/sheenie/Desktop/my_cases/taint+buffer_trimmed/cwe121-db/src/Library/Developer/CommandLineTools/SDKs/MacOSX14.4.sdk/usr/include/sys/_types/_fd_copy.h
[E 16:49:26 77722] Already archived /Users/sheenie/Desktop/my_cases/taint+buffer_trimmed/cwe121-db/src/Library/Developer/CommandLineTools/SDKs/MacOSX14.4.sdk/usr/include/sys/_pthread/_pthread_cond_t.h
[E 16:49:26 77722] Already archived /Users/sheenie/Desktop/my_cases/taint+buffer_trimmed/cwe121-db/src/Library/Developer/CommandLineTools/SDKs/MacOSX14.4.sdk/usr/include/sys/_pthread/_pthread_condattr_t.h
[E 16:49:26 77722] Already archived /Users/sheenie/Desktop/my_cases/taint+buffer_trimmed/cwe121-db/src/Library/Developer/CommandLineTools/SDKs/MacOSX14.4.sdk/usr/include/sys/_pthread/_pthread_mutex_t.h
[E 16:49:26 77722] Already archived /Users/sheenie/Desktop/my_cases/taint+buffer_trimmed/cwe121-db/src/Library/Developer/CommandLineTools/SDKs/MacOSX14.4.sdk/usr/include/sys/_pthread/_pthread_mutexattr_t.h
[E 16:49:26 77722] Already archived /Users/sheenie/Desktop/my_cases/taint+buffer_trimmed/cwe121-db/src/Library/Developer/CommandLineTools/SDKs/MacOSX14.4.sdk/usr/include/sys/_pthread/_pthread_once_t.h
[E 16:49:26 77722] Already archived /Users/sheenie/Desktop/my_cases/taint+buffer_trimmed/cwe121-db/src/Library/Developer/CommandLineTools/SDKs/MacOSX14.4.sdk/usr/include/sys/_pthread/_pthread_rwlock_t.h
[E 16:49:26 77722] Already archived /Users/sheenie/Desktop/my_cases/taint+buffer_trimmed/cwe121-db/src/Library/Developer/CommandLineTools/SDKs/MacOSX14.4.sdk/usr/include/sys/_pthread/_pthread_rwlockattr_t.h
[E 16:49:26 77722] Already archived /Users/sheenie/Desktop/my_cases/taint+buffer_trimmed/cwe121-db/src/Library/Developer/CommandLineTools/SDKs/MacOSX14.4.sdk/usr/include/sys/_pthread/_pthread_t.h
[E 16:49:26 77722] Already archived /Users/sheenie/Desktop/my_cases/taint+buffer_trimmed/cwe121-db/src/Library/Developer/CommandLineTools/SDKs/MacOSX14.4.sdk/usr/include/sys/_pthread/_pthread_key_t.h
[E 16:49:26 77722] Already archived /Users/sheenie/Desktop/my_cases/taint+buffer_trimmed/cwe121-db/src/Library/Developer/CommandLineTools/SDKs/MacOSX14.4.sdk/usr/include/sys/_types/_fsblkcnt_t.h
[E 16:49:26 77722] Already archived /Users/sheenie/Desktop/my_cases/taint+buffer_trimmed/cwe121-db/src/Library/Developer/CommandLineTools/SDKs/MacOSX14.4.sdk/usr/include/sys/_types/_fsfilcnt_t.h
[E 16:49:26 77722] Already archived /Users/sheenie/Desktop/my_cases/taint+buffer_trimmed/cwe121-db/src/Library/Developer/CommandLineTools/SDKs/MacOSX14.4.sdk/usr/include/sys/stat.h
[E 16:49:26 77722] Already archived /Users/sheenie/Desktop/my_cases/taint+buffer_trimmed/cwe121-db/src/Users/sheenie/Desktop/my_cases/taint+buffer_trimmed/std_testcase_io.h
[E 16:49:26 77722] Already archived /Users/sheenie/Desktop/my_cases/taint+buffer_trimmed/cwe121-db/src/Users/sheenie/Desktop/my_cases/taint+buffer_trimmed/std_testcase.h
[E 16:49:26 77722] Already archived /Users/sheenie/Desktop/my_cases/taint+buffer_trimmed/cwe121-db/src/Library/Developer/CommandLineTools/SDKs/MacOSX14.4.sdk/usr/include/wchar.h
[E 16:49:26 77722] Already archived /Users/sheenie/Desktop/my_cases/taint+buffer_trimmed/cwe121-db/src/Library/Developer/CommandLineTools/SDKs/MacOSX14.4.sdk/usr/include/sys/_types/_mbstate_t.h
[E 16:49:26 77722] Already archived /Users/sheenie/Desktop/my_cases/taint+buffer_trimmed/cwe121-db/src/Library/Developer/CommandLineTools/SDKs/MacOSX14.4.sdk/usr/include/sys/_types/_wchar_t.h
[E 16:49:26 77722] Already archived /Users/sheenie/Desktop/my_cases/taint+buffer_trimmed/cwe121-db/src/Library/Developer/CommandLineTools/usr/lib/clang/15.0.0/include/stdarg.h
[E 16:49:26 77722] Already archived /Users/sheenie/Desktop/my_cases/taint+buffer_trimmed/cwe121-db/src/Library/Developer/CommandLineTools/SDKs/MacOSX14.4.sdk/usr/include/_wctype.h
[E 16:49:26 77722] Already archived /Users/sheenie/Desktop/my_cases/taint+buffer_trimmed/cwe121-db/src/Library/Developer/CommandLineTools/SDKs/MacOSX14.4.sdk/usr/include/__wctype.h
[E 16:49:26 77722] Already archived /Users/sheenie/Desktop/my_cases/taint+buffer_trimmed/cwe121-db/src/Library/Developer/CommandLineTools/SDKs/MacOSX14.4.sdk/usr/include/_types/_wctype_t.h
[E 16:49:26 77722] Creating trap tarball /Users/sheenie/Desktop/my_cases/taint+buffer_trimmed/cwe121-db/trap/cpp/tarballs/Users/sheenie/Desktop/my_cases/taint+buffer_trimmed/CWE122_Heap_Based_Buffer_Overflow__char_type_overrun_memcpy_04.c.7813b934_0.trap.tar.zst
[E 16:49:26 77722] Emitting trap files for CWE122_Heap_Based_Buffer_Overflow__char_type_overrun_memcpy_04.c
[E 16:49:26 77722] Opening existencedb in /Users/sheenie/Desktop/my_cases/taint+buffer_trimmed/cwe121-db/working/existencedb/db
[E 16:49:26 77722] Wrote 1 files to /Users/sheenie/Desktop/my_cases/taint+buffer_trimmed/cwe121-db/trap/cpp/tarballs/Users/sheenie/Desktop/my_cases/taint+buffer_trimmed/CWE122_Heap_Based_Buffer_Overflow__char_type_overrun_memcpy_04.c.7813b934_0.trap.tar.zst
[E 16:49:26 77722] Finished compilation TRAP /Users/sheenie/Desktop/my_cases/taint+buffer_trimmed/cwe121-db/trap/cpp/compilations/35/48147572_0.trap.zst
[E 16:49:26 77722] Marking C compilation as happened.
[E 16:49:26 77722] Setting tag c-compilation-happened
[E 16:49:26 77722] Starting from CODEQL_TRACER_DB_ID 0000000000012F98_0000000000000001
[E 16:49:26 77722] Locking DB /Users/sheenie/Desktop/my_cases/taint+buffer_trimmed/cwe121-db/working/tags.db
[E 16:49:26 77722] Locked DB /Users/sheenie/Desktop/my_cases/taint+buffer_trimmed/cwe121-db/working/tags.db
[E 16:49:26 77722] Set tag for 0000000000012F98_0000000000000001
[E 16:49:26 77722] Set tag for 0000000000012F96_0000000000000002
[E 16:49:26 77722] Set tag for 0000000000012F96_0000000000000001
[E 16:49:26 77722] Set tag for 0000000000012F95_0000000000000001
[E 16:49:26 77722] Set tag for 0000000000012F94_0000000000000001
[E 16:49:26 77722] Set tag for 0000000000012E85_0000000000000004
[E 16:49:26 77722] Set tag for 0000000000012E85_0000000000000003
[E 16:49:26 77722] Set tag for 0000000000012E85_0000000000000002
[E 16:49:26 77722] Set tag for root
[E 16:49:26 77722] Unlocking DB
[E 16:49:26 77722] Unlocked DB
[E 16:49:26 77722] Extractor exited successfully
[T 16:49:26 77720] Extractor /Users/sheenie/Desktop/codeql/cpp/tools/osx64/extractor terminated with exit code 0.
[T 16:49:26 77723] Attempting to switch stdout/stderr to 4...
[T 16:49:26 77723] Initializing tracer.
[T 16:49:26 77723] Initializing tags.
[T 16:49:26 77723] ID set to 0000000000012F9B_0000000000000001 (parent 0000000000012F96_0000000000000002)
[E 16:49:26 77723] CodeQL C/C++ Extractor 2.25.4
[E 16:49:26 77723] Current directory: /Users/sheenie/Desktop/my_cases/taint+buffer_trimmed
[E 16:49:26 77723] Command: /Users/sheenie/Desktop/codeql/cpp/tools/osx64/extractor --mimic /library/developer/commandlinetools/usr/bin/clang -c CWE122_Heap_Based_Buffer_Overflow__char_type_overrun_memcpy_04.c
[E 16:49:26 77723] Checking whether C compilation already happened.
[E 16:49:26 77723] Checking for tag c-compilation-happened
[E 16:49:26 77723] Checking CODEQL_TRACER_DB_ID 0000000000012F96_0000000000000002
[E 16:49:26 77723] Locking DB /Users/sheenie/Desktop/my_cases/taint+buffer_trimmed/cwe121-db/working/tags.db
[E 16:49:26 77723] Locked DB /Users/sheenie/Desktop/my_cases/taint+buffer_trimmed/cwe121-db/working/tags.db
[E 16:49:26 77723] Unlocking DB
[E 16:49:26 77723] Unlocked DB
[E 16:49:26 77723] Exiting as C compilation already happened.
[T 16:49:26 77718] Extractor /Users/sheenie/Desktop/codeql/cpp/tools/osx64/extractor terminated with exit code 0.
[T 16:49:26 77724] Attempting to switch stdout/stderr to 4...
[T 16:49:26 77724] Initializing tracer.
[T 16:49:26 77724] Initializing tags.
[T 16:49:26 77724] ID set to 0000000000012F9C_0000000000000001 (parent 0000000000012F95_0000000000000001)
[E 16:49:26 77724] CodeQL C/C++ Extractor 2.25.4
[E 16:49:26 77724] Current directory: /Users/sheenie/Desktop/my_cases/taint+buffer_trimmed
[E 16:49:26 77724] Command: /Users/sheenie/Desktop/codeql/cpp/tools/osx64/extractor --mimic /library/developer/commandlinetools/usr/bin/gcc -c CWE122_Heap_Based_Buffer_Overflow__char_type_overrun_memcpy_04.c
[E 16:49:26 77724] Checking whether C compilation already happened.
[E 16:49:26 77724] Checking for tag c-compilation-happened
[E 16:49:26 77724] Checking CODEQL_TRACER_DB_ID 0000000000012F95_0000000000000001
[E 16:49:26 77724] Locking DB /Users/sheenie/Desktop/my_cases/taint+buffer_trimmed/cwe121-db/working/tags.db
[E 16:49:26 77724] Locked DB /Users/sheenie/Desktop/my_cases/taint+buffer_trimmed/cwe121-db/working/tags.db
[E 16:49:26 77724] Unlocking DB
[E 16:49:26 77724] Unlocked DB
[E 16:49:26 77724] Exiting as C compilation already happened.
[T 16:49:26 77717] Extractor /Users/sheenie/Desktop/codeql/cpp/tools/osx64/extractor terminated with exit code 0.
[T 16:49:26 77725] Attempting to switch stdout/stderr to 4...
[T 16:49:26 77725] Initializing tracer.
[T 16:49:26 77725] Initializing tags.
[T 16:49:26 77725] ID set to 0000000000012F9D_0000000000000001 (parent 0000000000012F94_0000000000000001)
[E 16:49:26 77725] CodeQL C/C++ Extractor 2.25.4
[E 16:49:26 77725] Current directory: /Users/sheenie/Desktop/my_cases/taint+buffer_trimmed
[E 16:49:26 77725] Command: /Users/sheenie/Desktop/codeql/cpp/tools/osx64/extractor --mimic /usr/bin/gcc -c CWE122_Heap_Based_Buffer_Overflow__char_type_overrun_memcpy_04.c
[E 16:49:26 77725] Checking whether C compilation already happened.
[E 16:49:26 77725] Checking for tag c-compilation-happened
[E 16:49:26 77725] Checking CODEQL_TRACER_DB_ID 0000000000012F94_0000000000000001
[E 16:49:26 77725] Locking DB /Users/sheenie/Desktop/my_cases/taint+buffer_trimmed/cwe121-db/working/tags.db
[E 16:49:26 77725] Locked DB /Users/sheenie/Desktop/my_cases/taint+buffer_trimmed/cwe121-db/working/tags.db
[E 16:49:26 77725] Unlocking DB
[E 16:49:26 77725] Unlocked DB
[E 16:49:26 77725] Exiting as C compilation already happened.
[T 16:49:26 77716] Extractor /Users/sheenie/Desktop/codeql/cpp/tools/osx64/extractor terminated with exit code 0.
[T 16:49:26 77726] Initializing tracer.
[T 16:49:26 77726] Initializing tags.
[T 16:49:26 77726] ID set to 0000000000012F9E_0000000000000001 (parent 0000000000012E85_0000000000000004)
[T 16:49:26 77726] ==== Candidate to intercept: /usr/bin/gcc (canonical: /usr/bin/gcc) ====
[T 16:49:26 77726] Lua: === Intercepted call to /usr/bin/gcc ===
[T 16:49:26 77726] Executing the following tracer actions:
[T 16:49:26 77726] Tracer actions:
[T 16:49:26 77726] pre_invocations(0)
[T 16:49:26 77726] post_invocations(1)
[T 16:49:26 77726] invocation: /Users/sheenie/Desktop/codeql/cpp/tools/osx64/extractor, args: [--mimic, /usr/bin/gcc, -c, CWE122_Heap_Based_Buffer_Overflow__char_type_overrun_memcpy_05.c]
[T 16:49:26 77726] trace_languages(1): [cpp]
[T 16:49:26 77727] Initializing tracer.
[T 16:49:26 77727] Initializing tags.
[T 16:49:26 77727] ID set to 0000000000012F9F_0000000000000001 (parent 0000000000012F9E_0000000000000001)
[T 16:49:26 77727] ==== Candidate to intercept: /Library/Developer/CommandLineTools/usr/bin/gcc (canonical: /Library/Developer/CommandLineTools/usr/bin/gcc) ====
[T 16:49:26 77727] Lua: === Intercepted call to /library/developer/commandlinetools/usr/bin/gcc ===
[T 16:49:26 77727] Executing the following tracer actions:
[T 16:49:26 77727] Tracer actions:
[T 16:49:26 77727] pre_invocations(0)
[T 16:49:26 77727] post_invocations(1)
[T 16:49:26 77727] invocation: /Users/sheenie/Desktop/codeql/cpp/tools/osx64/extractor, args: [--mimic, /library/developer/commandlinetools/usr/bin/gcc, -c, CWE122_Heap_Based_Buffer_Overflow__char_type_overrun_memcpy_05.c]
[T 16:49:26 77727] trace_languages(1): [cpp]
[T 16:49:26 77728] Initializing tracer.
[T 16:49:26 77728] Initializing tags.
[T 16:49:26 77728] ID set to 0000000000012FA0_0000000000000001 (parent 0000000000012F9F_0000000000000001)
[T 16:49:26 77728] ==== Candidate to intercept: /usr/bin/xcrun (canonical: /usr/bin/xcrun) ====
[T 16:49:26 77728] Executing the following tracer actions:
[T 16:49:26 77728] Tracer actions:
[T 16:49:26 77728] pre_invocations(0)
[T 16:49:26 77728] post_invocations(0)
[T 16:49:26 77728] trace_languages(1): [cpp]
[T 16:49:26 77728] Initializing tracer.
[T 16:49:26 77728] Initializing tags.
[T 16:49:26 77728] ID set to 0000000000012FA0_0000000000000002 (parent 0000000000012FA0_0000000000000001)
[T 16:49:26 77728] ==== Candidate to intercept: /Library/Developer/CommandLineTools/usr/bin/clang (canonical: /Library/Developer/CommandLineTools/usr/bin/clang) ====
[T 16:49:26 77728] Lua: === Intercepted call to /library/developer/commandlinetools/usr/bin/clang ===
[T 16:49:26 77728] Executing the following tracer actions:
[T 16:49:26 77728] Tracer actions:
[T 16:49:26 77728] pre_invocations(0)
[T 16:49:26 77728] post_invocations(1)
[T 16:49:26 77728] invocation: /Users/sheenie/Desktop/codeql/cpp/tools/osx64/extractor, args: [--mimic, /library/developer/commandlinetools/usr/bin/clang, -c, CWE122_Heap_Based_Buffer_Overflow__char_type_overrun_memcpy_05.c]
[T 16:49:26 77728] trace_languages(1): [cpp]
[T 16:49:26 77730] Initializing tracer.
[T 16:49:26 77730] Initializing tags.
[T 16:49:26 77730] ID set to 0000000000012FA2_0000000000000001 (parent 0000000000012FA0_0000000000000002)
[T 16:49:26 77730] ==== Candidate to intercept: /Library/Developer/CommandLineTools/usr/bin/clang (canonical: /Library/Developer/CommandLineTools/usr/bin/clang) ====
[T 16:49:26 77730] Lua: === Intercepted call to /library/developer/commandlinetools/usr/bin/clang ===
[T 16:49:26 77730] Executing the following tracer actions:
[T 16:49:26 77730] Tracer actions:
[T 16:49:26 77730] pre_invocations(0)
[T 16:49:26 77730] post_invocations(1)
[T 16:49:26 77730] invocation: /Users/sheenie/Desktop/codeql/cpp/tools/osx64/extractor, args: [--mimic, /library/developer/commandlinetools/usr/bin/clang, -cc1, -triple, x86_64-apple-macosx14.4.0, -Wundef-prefix=TARGET_OS_, -Wdeprecated-objc-isa-usage, -Werror=deprecated-objc-isa-usage, -Werror=implicit-function-declaration, -emit-obj, -mrelax-all, --mrelax-relocations, -disable-free, -clear-ast-before-backend, -disable-llvm-verifier, -discard-value-names, -main-file-name, CWE122_Heap_Based_Buffer_Overflow__char_type_overrun_memcpy_05.c, -mrelocation-model, pic, -pic-level, 2, -mframe-pointer=all, -fno-strict-return, -ffp-contract=on, -fno-rounding-math, -funwind-tables=2, -target-sdk-version=14.4, -fvisibility-inlines-hidden-static-local-var, -target-cpu, penryn, -tune-cpu, generic, -debugger-tuning=lldb, -target-linker-version, 1053.12, -fcoverage-compilation-dir=/Users/sheenie/Desktop/my_cases/taint+buffer_trimmed, -resource-dir, /Library/Developer/CommandLineTools/usr/lib/clang/15.0.0, -isysroot, /Library/Developer/CommandLineTools/SDKs/MacOSX.sdk, -I/usr/local/include, -internal-isystem, /Library/Developer/CommandLineTools/SDKs/MacOSX.sdk/usr/local/include, -internal-isystem, /Library/Developer/CommandLineTools/usr/lib/clang/15.0.0/include, -internal-externc-isystem, /Library/Developer/CommandLineTools/SDKs/MacOSX.sdk/usr/include, -internal-externc-isystem, /Library/Developer/CommandLineTools/usr/include, -Wno-reorder-init-list, -Wno-implicit-int-float-conversion, -Wno-c99-designator, -Wno-final-dtor-non-final-class, -Wno-extra-semi-stmt, -Wno-misleading-indentation, -Wno-quoted-include-in-framework-header, -Wno-implicit-fallthrough, -Wno-enum-enum-conversion, -Wno-enum-float-conversion, -Wno-elaborated-enum-base, -Wno-reserved-identifier, -Wno-gnu-folding-constant, -fdebug-compilation-dir=/Users/sheenie/Desktop/my_cases/taint+buffer_trimmed, -ferror-limit, 19, -stack-protector, 1, -fstack-check, -mdarwin-stkchk-strong-link, -fblocks, -fencode-extended-block-signature, -fregister-global-dtors-with-atexit, -fgnuc-version=4.2.1, -fmax-type-align=16, -fcommon, -clang-vendor-feature=+disableNonDependentMemberExprInCurrentInstantiation, -fno-odr-hash-protocols, -clang-vendor-feature=+enableAggressiveVLAFolding, -clang-vendor-feature=+revert09abecef7bbf, -clang-vendor-feature=+thisNoAlignAttr, -clang-vendor-feature=+thisNoNullAttr, -mllvm, -disable-aligned-alloc-awareness=1, -D__GCC_HAVE_DWARF2_CFI_ASM=1, -o, CWE122_Heap_Based_Buffer_Overflow__char_type_overrun_memcpy_05.o, -x, c, CWE122_Heap_Based_Buffer_Overflow__char_type_overrun_memcpy_05.c]
[T 16:49:26 77730] trace_languages(1): [cpp]
[T 16:49:26 77732] Attempting to switch stdout/stderr to 4...
[T 16:49:26 77732] Initializing tracer.
[T 16:49:26 77732] Initializing tags.
[T 16:49:26 77732] ID set to 0000000000012FA4_0000000000000001 (parent 0000000000012FA2_0000000000000001)
[E 16:49:26 77732] CodeQL C/C++ Extractor 2.25.4
[E 16:49:26 77732] Current directory: /Users/sheenie/Desktop/my_cases/taint+buffer_trimmed
[E 16:49:26 77732] Command: /Users/sheenie/Desktop/codeql/cpp/tools/osx64/extractor --mimic /library/developer/commandlinetools/usr/bin/clang -cc1 -triple x86_64-apple-macosx14.4.0 -Wundef-prefix=TARGET_OS_ -Wdeprecated-objc-isa-usage -Werror=deprecated-objc-isa-usage -Werror=implicit-function-declaration -emit-obj -mrelax-all --mrelax-relocations -disable-free -clear-ast-before-backend -disable-llvm-verifier -discard-value-names -main-file-name CWE122_Heap_Based_Buffer_Overflow__char_type_overrun_memcpy_05.c -mrelocation-model pic -pic-level 2 -mframe-pointer=all -fno-strict-return -ffp-contract=on -fno-rounding-math -funwind-tables=2 -target-sdk-version=14.4 -fvisibility-inlines-hidden-static-local-var -target-cpu penryn -tune-cpu generic -debugger-tuning=lldb -target-linker-version 1053.12 -fcoverage-compilation-dir=/Users/sheenie/Desktop/my_cases/taint+buffer_trimmed -resource-dir /Library/Developer/CommandLineTools/usr/lib/clang/15.0.0 -isysroot /Library/Developer/CommandLineTools/SDKs/MacOSX.sdk -I/usr/local/include -internal-isystem /Library/Developer/CommandLineTools/SDKs/MacOSX.sdk/usr/local/include -internal-isystem /Library/Developer/CommandLineTools/usr/lib/clang/15.0.0/include -internal-externc-isystem /Library/Developer/CommandLineTools/SDKs/MacOSX.sdk/usr/include -internal-externc-isystem /Library/Developer/CommandLineTools/usr/include -Wno-reorder-init-list -Wno-implicit-int-float-conversion -Wno-c99-designator -Wno-final-dtor-non-final-class -Wno-extra-semi-stmt -Wno-misleading-indentation -Wno-quoted-include-in-framework-header -Wno-implicit-fallthrough -Wno-enum-enum-conversion -Wno-enum-float-conversion -Wno-elaborated-enum-base -Wno-reserved-identifier -Wno-gnu-folding-constant -fdebug-compilation-dir=/Users/sheenie/Desktop/my_cases/taint+buffer_trimmed -ferror-limit 19 -stack-protector 1 -fstack-check -mdarwin-stkchk-strong-link -fblocks -fencode-extended-block-signature -fregister-global-dtors-with-atexit -fgnuc-version=4.2.1 -fmax-type-align=16 -fcommon -clang-vendor-feature=+disableNonDependentMemberExprInCurrentInstantiation -fno-odr-hash-protocols -clang-vendor-feature=+enableAggressiveVLAFolding -clang-vendor-feature=+revert09abecef7bbf -clang-vendor-feature=+thisNoAlignAttr -clang-vendor-feature=+thisNoNullAttr -mllvm -disable-aligned-alloc-awareness=1 -D__GCC_HAVE_DWARF2_CFI_ASM=1 -o CWE122_Heap_Based_Buffer_Overflow__char_type_overrun_memcpy_05.o -x c CWE122_Heap_Based_Buffer_Overflow__char_type_overrun_memcpy_05.c
[E 16:49:26 77732] Warning: Unrecognized command line argument -mllvm
[E 16:49:26 77732] Warning: Unrecognized command line argument -disable-aligned-alloc-awareness=1
[E 16:49:26 77732] Checking whether C compilation already happened.
[E 16:49:26 77732] Checking for tag c-compilation-happened
[E 16:49:26 77732] Checking CODEQL_TRACER_DB_ID 0000000000012FA2_0000000000000001
[E 16:49:26 77732] Locking DB /Users/sheenie/Desktop/my_cases/taint+buffer_trimmed/cwe121-db/working/tags.db
[E 16:49:26 77732] Locked DB /Users/sheenie/Desktop/my_cases/taint+buffer_trimmed/cwe121-db/working/tags.db
[E 16:49:26 77732] Unlocking DB
[E 16:49:26 77732] Unlocked DB
[E 16:49:26 77732] Looks like C compilation didn't already happen.
[E 16:49:26 77732] Checking whether C compilation has been attempted.
[E 16:49:26 77732] Checking for tag c-compilation-attempted
[E 16:49:26 77732] Checking CODEQL_TRACER_DB_ID 0000000000012FA2_0000000000000001
[E 16:49:26 77732] Locking DB /Users/sheenie/Desktop/my_cases/taint+buffer_trimmed/cwe121-db/working/tags.db
[E 16:49:26 77732] Locked DB /Users/sheenie/Desktop/my_cases/taint+buffer_trimmed/cwe121-db/working/tags.db
[E 16:49:26 77732] Unlocking DB
[E 16:49:26 77732] Unlocked DB
[E 16:49:26 77732] Marking C compilation as attempted.
[E 16:49:26 77732] Setting tag c-compilation-attempted
[E 16:49:26 77732] Starting from CODEQL_TRACER_DB_ID 0000000000012FA2_0000000000000001
[E 16:49:26 77732] Locking DB /Users/sheenie/Desktop/my_cases/taint+buffer_trimmed/cwe121-db/working/tags.db
[E 16:49:26 77732] Locked DB /Users/sheenie/Desktop/my_cases/taint+buffer_trimmed/cwe121-db/working/tags.db
[E 16:49:26 77732] Set tag for 0000000000012FA2_0000000000000001
[E 16:49:26 77732] Set tag for 0000000000012FA0_0000000000000002
[E 16:49:26 77732] Set tag for 0000000000012FA0_0000000000000001
[E 16:49:26 77732] Set tag for 0000000000012F9F_0000000000000001
[E 16:49:26 77732] Set tag for 0000000000012F9E_0000000000000001
[E 16:49:26 77732] Set tag for 0000000000012E85_0000000000000004
[E 16:49:26 77732] Set tag for 0000000000012E85_0000000000000003
[E 16:49:26 77732] Set tag for 0000000000012E85_0000000000000002
[E 16:49:26 77732] Set tag for root
[E 16:49:26 77732] Unlocking DB
[E 16:49:26 77732] Unlocked DB
[E 16:49:26 77732] Processed command line: /Users/sheenie/Desktop/codeql/cpp/tools/osx64/extractor --trapfolder /Users/sheenie/Desktop/my_cases/taint+buffer_trimmed/cwe121-db/trap/cpp --src_archive /Users/sheenie/Desktop/my_cases/taint+buffer_trimmed/cwe121-db/src --object_filename CWE122_Heap_Based_Buffer_Overflow__char_type_overrun_memcpy_05.o --no_warnings_and_discretionary_errors --error_limit 1000 --disable_system_macros --variadic_macros --incognito --gcc --clang_version 160000 --gnu_version 40801 --has_feature_vector 11111111111111111000000000000000000000000000000000000000000000000000011 --clang --target linux_x86_64 -D_LP64=1 -D__APPLE_CC__=6000 -D__APPLE__=1 -D__ATOMIC_ACQUIRE=2 -D__ATOMIC_ACQ_REL=4 -D__ATOMIC_CONSUME=1 -D__ATOMIC_RELAXED=0 -D__ATOMIC_RELEASE=3 -D__ATOMIC_SEQ_CST=5 -D__BIGGEST_ALIGNMENT__=16 -D__BITINT_MAXWIDTH__=128 -D__BLOCKS__=1 -D__BOOL_WIDTH__=8 -D__BYTE_ORDER__=__ORDER_LITTLE_ENDIAN__ -D__CHAR_BIT__=8 -D__CLANG_ATOMIC_BOOL_LOCK_FREE=2 -D__CLANG_ATOMIC_CHAR16_T_LOCK_FREE=2 -D__CLANG_ATOMIC_CHAR32_T_LOCK_FREE=2 -D__CLANG_ATOMIC_CHAR_LOCK_FREE=2 -D__CLANG_ATOMIC_INT_LOCK_FREE=2 -D__CLANG_ATOMIC_LLONG_LOCK_FREE=2 -D__CLANG_ATOMIC_LONG_LOCK_FREE=2 -D__CLANG_ATOMIC_POINTER_LOCK_FREE=2 -D__CLANG_ATOMIC_SHORT_LOCK_FREE=2 -D__CLANG_ATOMIC_WCHAR_T_LOCK_FREE=2 -D__CONSTANT_CFSTRINGS__=1 -D__DBL_DECIMAL_DIG__=17 -D__DBL_DENORM_MIN__=4.9406564584124654e-324 -D__DBL_DIG__=15 -D__DBL_EPSILON__=2.2204460492503131e-16 -D__DBL_HAS_DENORM__=1 -D__DBL_HAS_INFINITY__=1 -D__DBL_HAS_QUIET_NAN__=1 -D__DBL_MANT_DIG__=53 -D__DBL_MAX_10_EXP__=308 -D__DBL_MAX_EXP__=1024 -D__DBL_MAX__=1.7976931348623157e+308 '-D__DBL_MIN_10_EXP__=(-307)' '-D__DBL_MIN_EXP__=(-1021)' -D__DBL_MIN__=2.2250738585072014e-308 -D__DECIMAL_DIG__=__LDBL_DECIMAL_DIG__ -D__DYNAMIC__=1 -D__ENVIRONMENT_MAC_OS_X_VERSION_MIN_REQUIRED__=140400 -D__ENVIRONMENT_OS_VERSION_MIN_REQUIRED__=140400 -D__FINITE_MATH_ONLY__=0 -D__FLT16_DECIMAL_DIG__=5 -D__FLT16_DENORM_MIN__=5.9604644775390625e-8F16 -D__FLT16_DIG__=3 -D__FLT16_EPSILON__=9.765625e-4F16 -D__FLT16_HAS_DENORM__=1 -D__FLT16_HAS_INFINITY__=1 -D__FLT16_HAS_QUIET_NAN__=1 -D__FLT16_MANT_DIG__=11 -D__FLT16_MAX_10_EXP__=4 -D__FLT16_MAX_EXP__=16 -D__FLT16_MAX__=6.5504e+4F16 '-D__FLT16_MIN_10_EXP__=(-4)' '-D__FLT16_MIN_EXP__=(-13)' -D__FLT16_MIN__=6.103515625e-5F16 -D__FLT_DECIMAL_DIG__=9 -D__FLT_DENORM_MIN__=1.40129846e-45F -D__FLT_DIG__=6 -D__FLT_EPSILON__=1.19209290e-7F -D__FLT_HAS_DENORM__=1 -D__FLT_HAS_INFINITY__=1 -D__FLT_HAS_QUIET_NAN__=1 -D__FLT_MANT_DIG__=24 -D__FLT_MAX_10_EXP__=38 -D__FLT_MAX_EXP__=128 -D__FLT_MAX__=3.40282347e+38F '-D__FLT_MIN_10_EXP__=(-37)' '-D__FLT_MIN_EXP__=(-125)' -D__FLT_MIN__=1.17549435e-38F -D__FLT_RADIX__=2 -D__FXSR__=1 -D__GCC_ASM_FLAG_OUTPUTS__=1 -D__GCC_ATOMIC_BOOL_LOCK_FREE=2 -D__GCC_ATOMIC_CHAR16_T_LOCK_FREE=2 -D__GCC_ATOMIC_CHAR32_T_LOCK_FREE=2 -D__GCC_ATOMIC_CHAR_LOCK_FREE=2 -D__GCC_ATOMIC_INT_LOCK_FREE=2 -D__GCC_ATOMIC_LLONG_LOCK_FREE=2 -D__GCC_ATOMIC_LONG_LOCK_FREE=2 -D__GCC_ATOMIC_POINTER_LOCK_FREE=2 -D__GCC_ATOMIC_SHORT_LOCK_FREE=2 -D__GCC_ATOMIC_TEST_AND_SET_TRUEVAL=1 -D__GCC_ATOMIC_WCHAR_T_LOCK_FREE=2 -D__GCC_HAVE_SYNC_COMPARE_AND_SWAP_1=1 -D__GCC_HAVE_SYNC_COMPARE_AND_SWAP_16=1 -D__GCC_HAVE_SYNC_COMPARE_AND_SWAP_2=1 -D__GCC_HAVE_SYNC_COMPARE_AND_SWAP_4=1 -D__GCC_HAVE_SYNC_COMPARE_AND_SWAP_8=1 -D__GNUC_MINOR__=2 -D__GNUC_PATCHLEVEL__=1 -D__GNUC__=4 -D__GXX_ABI_VERSION=1002 -D__INT16_C_SUFFIX__= '-D__INT16_FMTd__="hd"' '-D__INT16_FMTi__="hi"' -D__INT16_MAX__=32767 -D__INT16_TYPE__=short -D__INT32_C_SUFFIX__= '-D__INT32_FMTd__="d"' '-D__INT32_FMTi__="i"' -D__INT32_MAX__=2147483647 -D__INT32_TYPE__=int -D__INT64_C_SUFFIX__=LL '-D__INT64_FMTd__="lld"' '-D__INT64_FMTi__="lli"' -D__INT64_MAX__=9223372036854775807LL '-D__INT64_TYPE__=long long int' -D__INT8_C_SUFFIX__= '-D__INT8_FMTd__="hhd"' '-D__INT8_FMTi__="hhi"' -D__INT8_MAX__=127 '-D__INT8_TYPE__=signed char' -D__INTMAX_C_SUFFIX__=L '-D__INTMAX_FMTd__="ld"' '-D__INTMAX_FMTi__="li"' -D__INTMAX_MAX__=9223372036854775807L '-D__INTMAX_TYPE__=long int' -D__INTMAX_WIDTH__=64 '-D__INTPTR_FMTd__="ld"' '-D__INTPTR_FMTi__="li"' -D__INTPTR_MAX__=9223372036854775807L '-D__INTPTR_TYPE__=long int' -D__INTPTR_WIDTH__=64 '-D__INT_FAST16_FMTd__="hd"' '-D__INT_FAST16_FMTi__="hi"' -D__INT_FAST16_MAX__=32767 -D__INT_FAST16_TYPE__=short -D__INT_FAST16_WIDTH__=16 '-D__INT_FAST32_FMTd__="d"' '-D__INT_FAST32_FMTi__="i"' -D__INT_FAST32_MAX__=2147483647 -D__INT_FAST32_TYPE__=int -D__INT_FAST32_WIDTH__=32 '-D__INT_FAST64_FMTd__="lld"' '-D__INT_FAST64_FMTi__="lli"' -D__INT_FAST64_MAX__=9223372036854775807LL '-D__INT_FAST64_TYPE__=long long int' -D__INT_FAST64_WIDTH__=64 '-D__INT_FAST8_FMTd__="hhd"' '-D__INT_FAST8_FMTi__="hhi"' -D__INT_FAST8_MAX__=127 '-D__INT_FAST8_TYPE__=signed char' -D__INT_FAST8_WIDTH__=8 '-D__INT_LEAST16_FMTd__="hd"' '-D__INT_LEAST16_FMTi__="hi"' -D__INT_LEAST16_MAX__=32767 -D__INT_LEAST16_TYPE__=short -D__INT_LEAST16_WIDTH__=16 '-D__INT_LEAST32_FMTd__="d"' '-D__INT_LEAST32_FMTi__="i"' -D__INT_LEAST32_MAX__=2147483647 -D__INT_LEAST32_TYPE__=int -D__INT_LEAST32_WIDTH__=32 '-D__INT_LEAST64_FMTd__="lld"' '-D__INT_LEAST64_FMTi__="lli"' -D__INT_LEAST64_MAX__=9223372036854775807LL '-D__INT_LEAST64_TYPE__=long long int' -D__INT_LEAST64_WIDTH__=64 '-D__INT_LEAST8_FMTd__="hhd"' '-D__INT_LEAST8_FMTi__="hhi"' -D__INT_LEAST8_MAX__=127 '-D__INT_LEAST8_TYPE__=signed char' -D__INT_LEAST8_WIDTH__=8 -D__INT_MAX__=2147483647 -D__INT_WIDTH__=32 -D__LAHF_SAHF__=1 -D__LDBL_DECIMAL_DIG__=21 -D__LDBL_DENORM_MIN__=3.64519953188247460253e-4951L -D__LDBL_DIG__=18 -D__LDBL_EPSILON__=1.08420217248550443401e-19L -D__LDBL_HAS_DENORM__=1 -D__LDBL_HAS_INFINITY__=1 -D__LDBL_HAS_QUIET_NAN__=1 -D__LDBL_MANT_DIG__=64 -D__LDBL_MAX_10_EXP__=4932 -D__LDBL_MAX_EXP__=16384 -D__LDBL_MAX__=1.18973149535723176502e+4932L '-D__LDBL_MIN_10_EXP__=(-4931)' '-D__LDBL_MIN_EXP__=(-16381)' -D__LDBL_MIN__=3.36210314311209350626e-4932L -D__LITTLE_ENDIAN__=1 -D__LLONG_WIDTH__=64 -D__LONG_LONG_MAX__=9223372036854775807LL -D__LONG_MAX__=9223372036854775807L -D__LONG_WIDTH__=64 -D__LP64__=1 -D__MACH__=1 -D__MMX__=1 -D__NO_INLINE__=1 -D__NO_MATH_ERRNO__=1 -D__NO_MATH_INLINES=1 -D__OBJC_BOOL_IS_BOOL=0 -D__OPENCL_MEMORY_SCOPE_ALL_SVM_DEVICES=3 -D__OPENCL_MEMORY_SCOPE_DEVICE=2 -D__OPENCL_MEMORY_SCOPE_SUB_GROUP=4 -D__OPENCL_MEMORY_SCOPE_WORK_GROUP=1 -D__OPENCL_MEMORY_SCOPE_WORK_ITEM=0 -D__ORDER_BIG_ENDIAN__=4321 -D__ORDER_LITTLE_ENDIAN__=1234 -D__ORDER_PDP_ENDIAN__=3412 -D__PIC__=2 -D__POINTER_WIDTH__=64 -D__PRAGMA_REDEFINE_EXTNAME=1 '-D__PTRDIFF_FMTd__="ld"' '-D__PTRDIFF_FMTi__="li"' -D__PTRDIFF_MAX__=9223372036854775807L '-D__PTRDIFF_TYPE__=long int' -D__PTRDIFF_WIDTH__=64 -D__REGISTER_PREFIX__= -D__SCHAR_MAX__=127 -D__SEG_FS=1 -D__SEG_GS=1 -D__SHRT_MAX__=32767 -D__SHRT_WIDTH__=16 -D__SIG_ATOMIC_MAX__=2147483647 -D__SIG_ATOMIC_WIDTH__=32 -D__SIZEOF_DOUBLE__=8 -D__SIZEOF_FLOAT__=4 -D__SIZEOF_INT128__=16 -D__SIZEOF_INT__=4 -D__SIZEOF_LONG_DOUBLE__=16 -D__SIZEOF_LONG_LONG__=8 -D__SIZEOF_LONG__=8 -D__SIZEOF_POINTER__=8 -D__SIZEOF_PTRDIFF_T__=8 -D__SIZEOF_SHORT__=2 -D__SIZEOF_SIZE_T__=8 -D__SIZEOF_WCHAR_T__=4 -D__SIZEOF_WINT_T__=4 '-D__SIZE_FMTX__="lX"' '-D__SIZE_FMTo__="lo"' '-D__SIZE_FMTu__="lu"' '-D__SIZE_FMTx__="lx"' -D__SIZE_MAX__=18446744073709551615UL '-D__SIZE_TYPE__=long unsigned int' -D__SIZE_WIDTH__=64 -D__SSE2_MATH__=1 -D__SSE2__=1 -D__SSE3__=1 -D__SSE4_1__=1 -D__SSE_MATH__=1 -D__SSE__=1 -D__SSSE3__=1 -D__STDC_NO_THREADS__=1 -D__STDC_UTF_16__=1 -D__STDC_UTF_32__=1 -D__UINT16_C_SUFFIX__= '-D__UINT16_FMTX__="hX"' '-D__UINT16_FMTo__="ho"' '-D__UINT16_FMTu__="hu"' '-D__UINT16_FMTx__="hx"' -D__UINT16_MAX__=65535 '-D__UINT16_TYPE__=unsigned short' -D__UINT32_C_SUFFIX__=U '-D__UINT32_FMTX__="X"' '-D__UINT32_FMTo__="o"' '-D__UINT32_FMTu__="u"' '-D__UINT32_FMTx__="x"' -D__UINT32_MAX__=4294967295U '-D__UINT32_TYPE__=unsigned int' -D__UINT64_C_SUFFIX__=ULL '-D__UINT64_FMTX__="llX"' '-D__UINT64_FMTo__="llo"' '-D__UINT64_FMTu__="llu"' '-D__UINT64_FMTx__="llx"' -D__UINT64_MAX__=18446744073709551615ULL '-D__UINT64_TYPE__=long long unsigned int' -D__UINT8_C_SUFFIX__= '-D__UINT8_FMTX__="hhX"' '-D__UINT8_FMTo__="hho"' '-D__UINT8_FMTu__="hhu"' '-D__UINT8_FMTx__="hhx"' -D__UINT8_MAX__=255 '-D__UINT8_TYPE__=unsigned char' -D__UINTMAX_C_SUFFIX__=UL '-D__UINTMAX_FMTX__="lX"' '-D__UINTMAX_FMTo__="lo"' '-D__UINTMAX_FMTu__="lu"' '-D__UINTMAX_FMTx__="lx"' -D__UINTMAX_MAX__=18446744073709551615UL '-D__UINTMAX_TYPE__=long unsigned int' -D__UINTMAX_WIDTH__=64 '-D__UINTPTR_FMTX__="lX"' '-D__UINTPTR_FMTo__="lo"' '-D__UINTPTR_FMTu__="lu"' '-D__UINTPTR_FMTx__="lx"' -D__UINTPTR_MAX__=18446744073709551615UL '-D__UINTPTR_TYPE__=long unsigned int' -D__UINTPTR_WIDTH__=64 '-D__UINT_FAST16_FMTX__="hX"' '-D__UINT_FAST16_FMTo__="ho"' '-D__UINT_FAST16_FMTu__="hu"' '-D__UINT_FAST16_FMTx__="hx"' -D__UINT_FAST16_MAX__=65535 '-D__UINT_FAST16_TYPE__=unsigned short' '-D__UINT_FAST32_FMTX__="X"' '-D__UINT_FAST32_FMTo__="o"' '-D__UINT_FAST32_FMTu__="u"' '-D__UINT_FAST32_FMTx__="x"' -D__UINT_FAST32_MAX__=4294967295U '-D__UINT_FAST32_TYPE__=unsigned int' '-D__UINT_FAST64_FMTX__="llX"' '-D__UINT_FAST64_FMTo__="llo"' '-D__UINT_FAST64_FMTu__="llu"' '-D__UINT_FAST64_FMTx__="llx"' -D__UINT_FAST64_MAX__=18446744073709551615ULL '-D__UINT_FAST64_TYPE__=long long unsigned int' '-D__UINT_FAST8_FMTX__="hhX"' '-D__UINT_FAST8_FMTo__="hho"' '-D__UINT_FAST8_FMTu__="hhu"' '-D__UINT_FAST8_FMTx__="hhx"' -D__UINT_FAST8_MAX__=255 '-D__UINT_FAST8_TYPE__=unsigned char' '-D__UINT_LEAST16_FMTX__="hX"' '-D__UINT_LEAST16_FMTo__="ho"' '-D__UINT_LEAST16_FMTu__="hu"' '-D__UINT_LEAST16_FMTx__="hx"' -D__UINT_LEAST16_MAX__=65535 '-D__UINT_LEAST16_TYPE__=unsigned short' '-D__UINT_LEAST32_FMTX__="X"' '-D__UINT_LEAST32_FMTo__="o"' '-D__UINT_LEAST32_FMTu__="u"' '-D__UINT_LEAST32_FMTx__="x"' -D__UINT_LEAST32_MAX__=4294967295U '-D__UINT_LEAST32_TYPE__=unsigned int' '-D__UINT_LEAST64_FMTX__="llX"' '-D__UINT_LEAST64_FMTo__="llo"' '-D__UINT_LEAST64_FMTu__="llu"' '-D__UINT_LEAST64_FMTx__="llx"' -D__UINT_LEAST64_MAX__=18446744073709551615ULL '-D__UINT_LEAST64_TYPE__=long long unsigned int' '-D__UINT_LEAST8_FMTX__="hhX"' '-D__UINT_LEAST8_FMTo__="hho"' '-D__UINT_LEAST8_FMTu__="hhu"' '-D__UINT_LEAST8_FMTx__="hhx"' -D__UINT_LEAST8_MAX__=255 '-D__UINT_LEAST8_TYPE__=unsigned char' -D__USER_LABEL_PREFIX__=_ '-D__VERSION__="Apple LLVM 15.0.0 (clang-1500.3.9.4)"' -D__WCHAR_MAX__=2147483647 -D__WCHAR_TYPE__=int -D__WCHAR_WIDTH__=32 -D__WINT_MAX__=2147483647 -D__WINT_TYPE__=int -D__WINT_WIDTH__=32 -D__amd64=1 -D__amd64__=1 -D__apple_build_version__=15000309 '-D__block=__attribute__((__blocks__(byref)))' -D__clang__=1 '-D__clang_literal_encoding__="UTF-8"' -D__clang_major__=15 -D__clang_minor__=0 -D__clang_patchlevel__=0 '-D__clang_version__="15.0.0 (clang-1500.3.9.4)"' '-D__clang_wide_literal_encoding__="UTF-32"' -D__code_model_small__=1 -D__core2=1 -D__core2__=1 -D__llvm__=1 -D__nonnull=_Nonnull -D__null_unspecified=_Null_unspecified -D__nullable=_Nullable -D__pic__=2 '-D__seg_fs=__attribute__((address_space(257)))' '-D__seg_gs=__attribute__((address_space(256)))' -D__strong= -D__tune_core2__=1 -D__unsafe_unretained= '-D__weak=__attribute__((objc_gc(weak)))' -D__x86_64=1 -D__x86_64__=1 '-D__private_extern__=extern __attribute__((visibility("hidden")))' --blocks -D__GCC_HAVE_DWARF2_CFI_ASM=1 -I/usr/local/include -I/Library/Developer/CommandLineTools/usr/lib/clang/15.0.0/include -I/Library/Developer/CommandLineTools/SDKs/MacOSX.sdk/usr/include -I/Library/Developer/CommandLineTools/usr/include -F/Library/Developer/CommandLineTools/SDKs/MacOSX.sdk/System/Library/Frameworks -- CWE122_Heap_Based_Buffer_Overflow__char_type_overrun_memcpy_05.c
[E 16:49:26 77732] CODEQL_EXTRACTOR_CPP_TRAP_CACHING is not set
[E 16:49:26 77732] CODEQL_EXTRACTOR_CPP_OPTION_TRAP_CACHE_WRITE is not set
[E 16:49:26 77732] CODEQL_EXTRACTOR_CPP_OPTION_TRAP_CACHE_DIR is not set
[E 16:49:26 77732] Initialising TRAP cache at path: 76/29dc/dc9c50e45289c2c7dd5b03ecda37
[E 16:49:26 77732] Not using TRAP cache
[E 16:49:26 77732] TRAP cache miss
[E 16:49:26 77732] Starting compilation TRAP /Users/sheenie/Desktop/my_cases/taint+buffer_trimmed/cwe121-db/trap/cpp/compilations/44/10465649_0.trap.zst
[E 16:49:26 77732] Archiving /Users/sheenie/Desktop/my_cases/taint+buffer_trimmed/cwe121-db/src/Users/sheenie/Desktop/my_cases/taint+buffer_trimmed/CWE122_Heap_Based_Buffer_Overflow__char_type_overrun_memcpy_05.c
[E 16:49:26 77732] Already archived /Users/sheenie/Desktop/my_cases/taint+buffer_trimmed/cwe121-db/src/Users/sheenie/Desktop/my_cases/taint+buffer_trimmed/std_testcase.h
[E 16:49:26 77732] Already archived /Users/sheenie/Desktop/my_cases/taint+buffer_trimmed/cwe121-db/src/Library/Developer/CommandLineTools/SDKs/MacOSX14.4.sdk/usr/include/stdio.h
[E 16:49:26 77732] Already archived /Users/sheenie/Desktop/my_cases/taint+buffer_trimmed/cwe121-db/src/Library/Developer/CommandLineTools/SDKs/MacOSX14.4.sdk/usr/include/_stdio.h
[E 16:49:26 77732] Already archived /Users/sheenie/Desktop/my_cases/taint+buffer_trimmed/cwe121-db/src/Library/Developer/CommandLineTools/SDKs/MacOSX14.4.sdk/usr/include/sys/cdefs.h
[E 16:49:26 77732] Already archived /Users/sheenie/Desktop/my_cases/taint+buffer_trimmed/cwe121-db/src/Library/Developer/CommandLineTools/SDKs/MacOSX14.4.sdk/usr/include/sys/_symbol_aliasing.h
[E 16:49:26 77732] Already archived /Users/sheenie/Desktop/my_cases/taint+buffer_trimmed/cwe121-db/src/Library/Developer/CommandLineTools/SDKs/MacOSX14.4.sdk/usr/include/sys/_posix_availability.h
[E 16:49:26 77732] Already archived /Users/sheenie/Desktop/my_cases/taint+buffer_trimmed/cwe121-db/src/Library/Developer/CommandLineTools/SDKs/MacOSX14.4.sdk/usr/include/Availability.h
[E 16:49:26 77732] Already archived /Users/sheenie/Desktop/my_cases/taint+buffer_trimmed/cwe121-db/src/Library/Developer/CommandLineTools/SDKs/MacOSX14.4.sdk/usr/include/AvailabilityVersions.h
[E 16:49:26 77732] Already archived /Users/sheenie/Desktop/my_cases/taint+buffer_trimmed/cwe121-db/src/Library/Developer/CommandLineTools/SDKs/MacOSX14.4.sdk/usr/include/AvailabilityInternal.h
[E 16:49:26 77732] Already archived /Users/sheenie/Desktop/my_cases/taint+buffer_trimmed/cwe121-db/src/Library/Developer/CommandLineTools/SDKs/MacOSX14.4.sdk/usr/include/AvailabilityInternalLegacy.h
[E 16:49:27 77732] Already archived /Users/sheenie/Desktop/my_cases/taint+buffer_trimmed/cwe121-db/src/Library/Developer/CommandLineTools/SDKs/MacOSX14.4.sdk/usr/include/_types.h
[E 16:49:27 77732] Already archived /Users/sheenie/Desktop/my_cases/taint+buffer_trimmed/cwe121-db/src/Library/Developer/CommandLineTools/SDKs/MacOSX14.4.sdk/usr/include/sys/_types.h
[E 16:49:27 77732] Already archived /Users/sheenie/Desktop/my_cases/taint+buffer_trimmed/cwe121-db/src/Library/Developer/CommandLineTools/SDKs/MacOSX14.4.sdk/usr/include/machine/_types.h
[E 16:49:27 77732] Already archived /Users/sheenie/Desktop/my_cases/taint+buffer_trimmed/cwe121-db/src/Library/Developer/CommandLineTools/SDKs/MacOSX14.4.sdk/usr/include/i386/_types.h
[E 16:49:27 77732] Already archived /Users/sheenie/Desktop/my_cases/taint+buffer_trimmed/cwe121-db/src/Library/Developer/CommandLineTools/SDKs/MacOSX14.4.sdk/usr/include/sys/_pthread/_pthread_types.h
[E 16:49:27 77732] Already archived /Users/sheenie/Desktop/my_cases/taint+buffer_trimmed/cwe121-db/src/Library/Developer/CommandLineTools/SDKs/MacOSX14.4.sdk/usr/include/sys/_types/_va_list.h
[E 16:49:27 77732] Already archived /Users/sheenie/Desktop/my_cases/taint+buffer_trimmed/cwe121-db/src/Library/Developer/CommandLineTools/SDKs/MacOSX14.4.sdk/usr/include/machine/types.h
[E 16:49:27 77732] Already archived /Users/sheenie/Desktop/my_cases/taint+buffer_trimmed/cwe121-db/src/Library/Developer/CommandLineTools/SDKs/MacOSX14.4.sdk/usr/include/i386/types.h
[E 16:49:27 77732] Already archived /Users/sheenie/Desktop/my_cases/taint+buffer_trimmed/cwe121-db/src/Library/Developer/CommandLineTools/SDKs/MacOSX14.4.sdk/usr/include/sys/_types/_int8_t.h
[E 16:49:27 77732] Already archived /Users/sheenie/Desktop/my_cases/taint+buffer_trimmed/cwe121-db/src/Library/Developer/CommandLineTools/SDKs/MacOSX14.4.sdk/usr/include/sys/_types/_int16_t.h
[E 16:49:27 77732] Already archived /Users/sheenie/Desktop/my_cases/taint+buffer_trimmed/cwe121-db/src/Library/Developer/CommandLineTools/SDKs/MacOSX14.4.sdk/usr/include/sys/_types/_int32_t.h
[E 16:49:27 77732] Already archived /Users/sheenie/Desktop/my_cases/taint+buffer_trimmed/cwe121-db/src/Library/Developer/CommandLineTools/SDKs/MacOSX14.4.sdk/usr/include/sys/_types/_int64_t.h
[E 16:49:27 77732] Already archived /Users/sheenie/Desktop/my_cases/taint+buffer_trimmed/cwe121-db/src/Library/Developer/CommandLineTools/SDKs/MacOSX14.4.sdk/usr/include/sys/_types/_u_int8_t.h
[E 16:49:27 77732] Already archived /Users/sheenie/Desktop/my_cases/taint+buffer_trimmed/cwe121-db/src/Library/Developer/CommandLineTools/SDKs/MacOSX14.4.sdk/usr/include/sys/_types/_u_int16_t.h
[E 16:49:27 77732] Already archived /Users/sheenie/Desktop/my_cases/taint+buffer_trimmed/cwe121-db/src/Library/Developer/CommandLineTools/SDKs/MacOSX14.4.sdk/usr/include/sys/_types/_u_int32_t.h
[E 16:49:27 77732] Already archived /Users/sheenie/Desktop/my_cases/taint+buffer_trimmed/cwe121-db/src/Library/Developer/CommandLineTools/SDKs/MacOSX14.4.sdk/usr/include/sys/_types/_u_int64_t.h
[E 16:49:27 77732] Already archived /Users/sheenie/Desktop/my_cases/taint+buffer_trimmed/cwe121-db/src/Library/Developer/CommandLineTools/SDKs/MacOSX14.4.sdk/usr/include/sys/_types/_intptr_t.h
[E 16:49:27 77732] Already archived /Users/sheenie/Desktop/my_cases/taint+buffer_trimmed/cwe121-db/src/Library/Developer/CommandLineTools/SDKs/MacOSX14.4.sdk/usr/include/machine/types.h
[E 16:49:27 77732] Already archived /Users/sheenie/Desktop/my_cases/taint+buffer_trimmed/cwe121-db/src/Library/Developer/CommandLineTools/SDKs/MacOSX14.4.sdk/usr/include/sys/_types/_uintptr_t.h
[E 16:49:27 77732] Already archived /Users/sheenie/Desktop/my_cases/taint+buffer_trimmed/cwe121-db/src/Library/Developer/CommandLineTools/SDKs/MacOSX14.4.sdk/usr/include/sys/_types/_size_t.h
[E 16:49:27 77732] Already archived /Users/sheenie/Desktop/my_cases/taint+buffer_trimmed/cwe121-db/src/Library/Developer/CommandLineTools/SDKs/MacOSX14.4.sdk/usr/include/sys/_types/_null.h
[E 16:49:27 77732] Already archived /Users/sheenie/Desktop/my_cases/taint+buffer_trimmed/cwe121-db/src/Library/Developer/CommandLineTools/SDKs/MacOSX14.4.sdk/usr/include/sys/stdio.h
[E 16:49:27 77732] Already archived /Users/sheenie/Desktop/my_cases/taint+buffer_trimmed/cwe121-db/src/Library/Developer/CommandLineTools/SDKs/MacOSX14.4.sdk/usr/include/sys/_types/_seek_set.h
[E 16:49:27 77732] Already archived /Users/sheenie/Desktop/my_cases/taint+buffer_trimmed/cwe121-db/src/Library/Developer/CommandLineTools/SDKs/MacOSX14.4.sdk/usr/include/_ctermid.h
[E 16:49:27 77732] Already archived /Users/sheenie/Desktop/my_cases/taint+buffer_trimmed/cwe121-db/src/Library/Developer/CommandLineTools/SDKs/MacOSX14.4.sdk/usr/include/sys/_types/_off_t.h
[E 16:49:27 77732] Already archived /Users/sheenie/Desktop/my_cases/taint+buffer_trimmed/cwe121-db/src/Library/Developer/CommandLineTools/SDKs/MacOSX14.4.sdk/usr/include/sys/_types/_ssize_t.h
[E 16:49:27 77732] Already archived /Users/sheenie/Desktop/my_cases/taint+buffer_trimmed/cwe121-db/src/Library/Developer/CommandLineTools/SDKs/MacOSX14.4.sdk/usr/include/secure/_stdio.h
[E 16:49:27 77732] Already archived /Users/sheenie/Desktop/my_cases/taint+buffer_trimmed/cwe121-db/src/Library/Developer/CommandLineTools/SDKs/MacOSX14.4.sdk/usr/include/secure/_common.h
[E 16:49:27 77732] Already archived /Users/sheenie/Desktop/my_cases/taint+buffer_trimmed/cwe121-db/src/Library/Developer/CommandLineTools/SDKs/MacOSX14.4.sdk/usr/include/stdlib.h
[E 16:49:27 77732] Already archived /Users/sheenie/Desktop/my_cases/taint+buffer_trimmed/cwe121-db/src/Library/Developer/CommandLineTools/SDKs/MacOSX14.4.sdk/usr/include/sys/wait.h
[E 16:49:27 77732] Already archived /Users/sheenie/Desktop/my_cases/taint+buffer_trimmed/cwe121-db/src/Library/Developer/CommandLineTools/SDKs/MacOSX14.4.sdk/usr/include/sys/_types/_pid_t.h
[E 16:49:27 77732] Already archived /Users/sheenie/Desktop/my_cases/taint+buffer_trimmed/cwe121-db/src/Library/Developer/CommandLineTools/SDKs/MacOSX14.4.sdk/usr/include/sys/_types/_id_t.h
[E 16:49:27 77732] Already archived /Users/sheenie/Desktop/my_cases/taint+buffer_trimmed/cwe121-db/src/Library/Developer/CommandLineTools/SDKs/MacOSX14.4.sdk/usr/include/sys/signal.h
[E 16:49:27 77732] Already archived /Users/sheenie/Desktop/my_cases/taint+buffer_trimmed/cwe121-db/src/Library/Developer/CommandLineTools/SDKs/MacOSX14.4.sdk/usr/include/sys/appleapiopts.h
[E 16:49:27 77732] Already archived /Users/sheenie/Desktop/my_cases/taint+buffer_trimmed/cwe121-db/src/Library/Developer/CommandLineTools/SDKs/MacOSX14.4.sdk/usr/include/machine/signal.h
[E 16:49:27 77732] Already archived /Users/sheenie/Desktop/my_cases/taint+buffer_trimmed/cwe121-db/src/Library/Developer/CommandLineTools/SDKs/MacOSX14.4.sdk/usr/include/i386/signal.h
[E 16:49:27 77732] Already archived /Users/sheenie/Desktop/my_cases/taint+buffer_trimmed/cwe121-db/src/Library/Developer/CommandLineTools/SDKs/MacOSX14.4.sdk/usr/include/machine/_mcontext.h
[E 16:49:27 77732] Already archived /Users/sheenie/Desktop/my_cases/taint+buffer_trimmed/cwe121-db/src/Library/Developer/CommandLineTools/SDKs/MacOSX14.4.sdk/usr/include/i386/_mcontext.h
[E 16:49:27 77732] Already archived /Users/sheenie/Desktop/my_cases/taint+buffer_trimmed/cwe121-db/src/Library/Developer/CommandLineTools/SDKs/MacOSX14.4.sdk/usr/include/mach/machine/_structs.h
[E 16:49:27 77732] Already archived /Users/sheenie/Desktop/my_cases/taint+buffer_trimmed/cwe121-db/src/Library/Developer/CommandLineTools/SDKs/MacOSX14.4.sdk/usr/include/mach/i386/_structs.h
[E 16:49:27 77732] Already archived /Users/sheenie/Desktop/my_cases/taint+buffer_trimmed/cwe121-db/src/Library/Developer/CommandLineTools/SDKs/MacOSX14.4.sdk/usr/include/sys/_pthread/_pthread_attr_t.h
[E 16:49:27 77732] Already archived /Users/sheenie/Desktop/my_cases/taint+buffer_trimmed/cwe121-db/src/Library/Developer/CommandLineTools/SDKs/MacOSX14.4.sdk/usr/include/sys/_types/_sigaltstack.h
[E 16:49:27 77732] Already archived /Users/sheenie/Desktop/my_cases/taint+buffer_trimmed/cwe121-db/src/Library/Developer/CommandLineTools/SDKs/MacOSX14.4.sdk/usr/include/sys/_types/_ucontext.h
[E 16:49:27 77732] Already archived /Users/sheenie/Desktop/my_cases/taint+buffer_trimmed/cwe121-db/src/Library/Developer/CommandLineTools/SDKs/MacOSX14.4.sdk/usr/include/sys/_types/_sigset_t.h
[E 16:49:27 77732] Already archived /Users/sheenie/Desktop/my_cases/taint+buffer_trimmed/cwe121-db/src/Library/Developer/CommandLineTools/SDKs/MacOSX14.4.sdk/usr/include/sys/_types/_uid_t.h
[E 16:49:27 77732] Already archived /Users/sheenie/Desktop/my_cases/taint+buffer_trimmed/cwe121-db/src/Library/Developer/CommandLineTools/SDKs/MacOSX14.4.sdk/usr/include/sys/resource.h
[E 16:49:27 77732] Already archived /Users/sheenie/Desktop/my_cases/taint+buffer_trimmed/cwe121-db/src/Library/Developer/CommandLineTools/usr/lib/clang/15.0.0/include/stdint.h
[E 16:49:27 77732] Already archived /Users/sheenie/Desktop/my_cases/taint+buffer_trimmed/cwe121-db/src/Library/Developer/CommandLineTools/SDKs/MacOSX14.4.sdk/usr/include/stdint.h
[E 16:49:27 77732] Already archived /Users/sheenie/Desktop/my_cases/taint+buffer_trimmed/cwe121-db/src/Library/Developer/CommandLineTools/SDKs/MacOSX14.4.sdk/usr/include/_types/_uint8_t.h
[E 16:49:27 77732] Already archived /Users/sheenie/Desktop/my_cases/taint+buffer_trimmed/cwe121-db/src/Library/Developer/CommandLineTools/SDKs/MacOSX14.4.sdk/usr/include/_types/_uint16_t.h
[E 16:49:27 77732] Already archived /Users/sheenie/Desktop/my_cases/taint+buffer_trimmed/cwe121-db/src/Library/Developer/CommandLineTools/SDKs/MacOSX14.4.sdk/usr/include/_types/_uint32_t.h
[E 16:49:27 77732] Already archived /Users/sheenie/Desktop/my_cases/taint+buffer_trimmed/cwe121-db/src/Library/Developer/CommandLineTools/SDKs/MacOSX14.4.sdk/usr/include/_types/_uint64_t.h
[E 16:49:27 77732] Already archived /Users/sheenie/Desktop/my_cases/taint+buffer_trimmed/cwe121-db/src/Library/Developer/CommandLineTools/SDKs/MacOSX14.4.sdk/usr/include/_types/_intmax_t.h
[E 16:49:27 77732] Already archived /Users/sheenie/Desktop/my_cases/taint+buffer_trimmed/cwe121-db/src/Library/Developer/CommandLineTools/SDKs/MacOSX14.4.sdk/usr/include/_types/_uintmax_t.h
[E 16:49:27 77732] Already archived /Users/sheenie/Desktop/my_cases/taint+buffer_trimmed/cwe121-db/src/Library/Developer/CommandLineTools/SDKs/MacOSX14.4.sdk/usr/include/sys/_types/_timeval.h
[E 16:49:27 77732] Already archived /Users/sheenie/Desktop/my_cases/taint+buffer_trimmed/cwe121-db/src/Library/Developer/CommandLineTools/SDKs/MacOSX14.4.sdk/usr/include/machine/endian.h
[E 16:49:27 77732] Already archived /Users/sheenie/Desktop/my_cases/taint+buffer_trimmed/cwe121-db/src/Library/Developer/CommandLineTools/SDKs/MacOSX14.4.sdk/usr/include/i386/endian.h
[E 16:49:27 77732] Already archived /Users/sheenie/Desktop/my_cases/taint+buffer_trimmed/cwe121-db/src/Library/Developer/CommandLineTools/SDKs/MacOSX14.4.sdk/usr/include/sys/_endian.h
[E 16:49:27 77732] Already archived /Users/sheenie/Desktop/my_cases/taint+buffer_trimmed/cwe121-db/src/Library/Developer/CommandLineTools/SDKs/MacOSX14.4.sdk/usr/include/machine/endian.h
[E 16:49:27 77732] Already archived /Users/sheenie/Desktop/my_cases/taint+buffer_trimmed/cwe121-db/src/Library/Developer/CommandLineTools/SDKs/MacOSX14.4.sdk/usr/include/libkern/_OSByteOrder.h
[E 16:49:27 77732] Already archived /Users/sheenie/Desktop/my_cases/taint+buffer_trimmed/cwe121-db/src/Library/Developer/CommandLineTools/SDKs/MacOSX14.4.sdk/usr/include/libkern/i386/_OSByteOrder.h
[E 16:49:27 77732] Already archived /Users/sheenie/Desktop/my_cases/taint+buffer_trimmed/cwe121-db/src/Library/Developer/CommandLineTools/SDKs/MacOSX14.4.sdk/usr/include/alloca.h
[E 16:49:27 77732] Already archived /Users/sheenie/Desktop/my_cases/taint+buffer_trimmed/cwe121-db/src/Library/Developer/CommandLineTools/SDKs/MacOSX14.4.sdk/usr/include/sys/_types/_ct_rune_t.h
[E 16:49:27 77732] Already archived /Users/sheenie/Desktop/my_cases/taint+buffer_trimmed/cwe121-db/src/Library/Developer/CommandLineTools/SDKs/MacOSX14.4.sdk/usr/include/sys/_types/_rune_t.h
[E 16:49:27 77732] Already archived /Users/sheenie/Desktop/my_cases/taint+buffer_trimmed/cwe121-db/src/Library/Developer/CommandLineTools/SDKs/MacOSX14.4.sdk/usr/include/sys/_types/_wchar_t.h
[E 16:49:27 77732] Already archived /Users/sheenie/Desktop/my_cases/taint+buffer_trimmed/cwe121-db/src/Library/Developer/CommandLineTools/SDKs/MacOSX14.4.sdk/usr/include/malloc/_malloc.h
[E 16:49:27 77732] Already archived /Users/sheenie/Desktop/my_cases/taint+buffer_trimmed/cwe121-db/src/Library/Developer/CommandLineTools/SDKs/MacOSX14.4.sdk/usr/include/malloc/_malloc_type.h
[E 16:49:27 77732] Already archived /Users/sheenie/Desktop/my_cases/taint+buffer_trimmed/cwe121-db/src/Library/Developer/CommandLineTools/SDKs/MacOSX14.4.sdk/usr/include/malloc/_ptrcheck.h
[E 16:49:27 77732] Already archived /Users/sheenie/Desktop/my_cases/taint+buffer_trimmed/cwe121-db/src/Library/Developer/CommandLineTools/SDKs/MacOSX14.4.sdk/usr/include/sys/_types/_dev_t.h
[E 16:49:27 77732] Already archived /Users/sheenie/Desktop/my_cases/taint+buffer_trimmed/cwe121-db/src/Library/Developer/CommandLineTools/SDKs/MacOSX14.4.sdk/usr/include/sys/_types/_mode_t.h
[E 16:49:27 77732] Already archived /Users/sheenie/Desktop/my_cases/taint+buffer_trimmed/cwe121-db/src/Library/Developer/CommandLineTools/usr/lib/clang/15.0.0/include/stddef.h
[E 16:49:27 77732] Already archived /Users/sheenie/Desktop/my_cases/taint+buffer_trimmed/cwe121-db/src/Library/Developer/CommandLineTools/usr/lib/clang/15.0.0/include/__stddef_max_align_t.h
[E 16:49:27 77732] Already archived /Users/sheenie/Desktop/my_cases/taint+buffer_trimmed/cwe121-db/src/Library/Developer/CommandLineTools/SDKs/MacOSX14.4.sdk/usr/include/time.h
[E 16:49:27 77732] Already archived /Users/sheenie/Desktop/my_cases/taint+buffer_trimmed/cwe121-db/src/Library/Developer/CommandLineTools/SDKs/MacOSX14.4.sdk/usr/include/sys/_types/_clock_t.h
[E 16:49:27 77732] Already archived /Users/sheenie/Desktop/my_cases/taint+buffer_trimmed/cwe121-db/src/Library/Developer/CommandLineTools/SDKs/MacOSX14.4.sdk/usr/include/sys/_types/_time_t.h
[E 16:49:27 77732] Already archived /Users/sheenie/Desktop/my_cases/taint+buffer_trimmed/cwe121-db/src/Library/Developer/CommandLineTools/SDKs/MacOSX14.4.sdk/usr/include/sys/_types/_timespec.h
[E 16:49:27 77732] Already archived /Users/sheenie/Desktop/my_cases/taint+buffer_trimmed/cwe121-db/src/Library/Developer/CommandLineTools/usr/lib/clang/15.0.0/include/limits.h
[E 16:49:27 77732] Already archived /Users/sheenie/Desktop/my_cases/taint+buffer_trimmed/cwe121-db/src/Library/Developer/CommandLineTools/SDKs/MacOSX14.4.sdk/usr/include/limits.h
[E 16:49:27 77732] Already archived /Users/sheenie/Desktop/my_cases/taint+buffer_trimmed/cwe121-db/src/Library/Developer/CommandLineTools/SDKs/MacOSX14.4.sdk/usr/include/machine/limits.h
[E 16:49:27 77732] Already archived /Users/sheenie/Desktop/my_cases/taint+buffer_trimmed/cwe121-db/src/Library/Developer/CommandLineTools/SDKs/MacOSX14.4.sdk/usr/include/i386/limits.h
[E 16:49:27 77732] Already archived /Users/sheenie/Desktop/my_cases/taint+buffer_trimmed/cwe121-db/src/Library/Developer/CommandLineTools/SDKs/MacOSX14.4.sdk/usr/include/i386/_limits.h
[E 16:49:27 77732] Already archived /Users/sheenie/Desktop/my_cases/taint+buffer_trimmed/cwe121-db/src/Library/Developer/CommandLineTools/SDKs/MacOSX14.4.sdk/usr/include/sys/syslimits.h
[E 16:49:27 77732] Already archived /Users/sheenie/Desktop/my_cases/taint+buffer_trimmed/cwe121-db/src/Library/Developer/CommandLineTools/SDKs/MacOSX14.4.sdk/usr/include/string.h
[E 16:49:27 77732] Already archived /Users/sheenie/Desktop/my_cases/taint+buffer_trimmed/cwe121-db/src/Library/Developer/CommandLineTools/SDKs/MacOSX14.4.sdk/usr/include/sys/_types/_rsize_t.h
[E 16:49:27 77732] Already archived /Users/sheenie/Desktop/my_cases/taint+buffer_trimmed/cwe121-db/src/Library/Developer/CommandLineTools/SDKs/MacOSX14.4.sdk/usr/include/sys/_types/_errno_t.h
[E 16:49:27 77732] Already archived /Users/sheenie/Desktop/my_cases/taint+buffer_trimmed/cwe121-db/src/Library/Developer/CommandLineTools/SDKs/MacOSX14.4.sdk/usr/include/strings.h
[E 16:49:27 77732] Already archived /Users/sheenie/Desktop/my_cases/taint+buffer_trimmed/cwe121-db/src/Library/Developer/CommandLineTools/SDKs/MacOSX14.4.sdk/usr/include/string.h
[E 16:49:27 77732] Already archived /Users/sheenie/Desktop/my_cases/taint+buffer_trimmed/cwe121-db/src/Library/Developer/CommandLineTools/SDKs/MacOSX14.4.sdk/usr/include/secure/_strings.h
[E 16:49:27 77732] Already archived /Users/sheenie/Desktop/my_cases/taint+buffer_trimmed/cwe121-db/src/Library/Developer/CommandLineTools/SDKs/MacOSX14.4.sdk/usr/include/secure/_string.h
[E 16:49:27 77732] Already archived /Users/sheenie/Desktop/my_cases/taint+buffer_trimmed/cwe121-db/src/Library/Developer/CommandLineTools/SDKs/MacOSX14.4.sdk/usr/include/ctype.h
[E 16:49:27 77732] Already archived /Users/sheenie/Desktop/my_cases/taint+buffer_trimmed/cwe121-db/src/Library/Developer/CommandLineTools/SDKs/MacOSX14.4.sdk/usr/include/_ctype.h
[E 16:49:27 77732] Already archived /Users/sheenie/Desktop/my_cases/taint+buffer_trimmed/cwe121-db/src/Library/Developer/CommandLineTools/SDKs/MacOSX14.4.sdk/usr/include/runetype.h
[E 16:49:27 77732] Already archived /Users/sheenie/Desktop/my_cases/taint+buffer_trimmed/cwe121-db/src/Library/Developer/CommandLineTools/SDKs/MacOSX14.4.sdk/usr/include/sys/_types/_wchar_t.h
[E 16:49:27 77732] Already archived /Users/sheenie/Desktop/my_cases/taint+buffer_trimmed/cwe121-db/src/Library/Developer/CommandLineTools/SDKs/MacOSX14.4.sdk/usr/include/sys/_types/_wint_t.h
[E 16:49:27 77732] Already archived /Users/sheenie/Desktop/my_cases/taint+buffer_trimmed/cwe121-db/src/Library/Developer/CommandLineTools/SDKs/MacOSX14.4.sdk/usr/include/fcntl.h
[E 16:49:27 77732] Already archived /Users/sheenie/Desktop/my_cases/taint+buffer_trimmed/cwe121-db/src/Library/Developer/CommandLineTools/SDKs/MacOSX14.4.sdk/usr/include/sys/fcntl.h
[E 16:49:27 77732] Already archived /Users/sheenie/Desktop/my_cases/taint+buffer_trimmed/cwe121-db/src/Library/Developer/CommandLineTools/SDKs/MacOSX14.4.sdk/usr/include/sys/_types/_o_sync.h
[E 16:49:27 77732] Already archived /Users/sheenie/Desktop/my_cases/taint+buffer_trimmed/cwe121-db/src/Library/Developer/CommandLineTools/SDKs/MacOSX14.4.sdk/usr/include/sys/_types/_o_dsync.h
[E 16:49:27 77732] Already archived /Users/sheenie/Desktop/my_cases/taint+buffer_trimmed/cwe121-db/src/Library/Developer/CommandLineTools/SDKs/MacOSX14.4.sdk/usr/include/sys/_types/_s_ifmt.h
[E 16:49:27 77732] Already archived /Users/sheenie/Desktop/my_cases/taint+buffer_trimmed/cwe121-db/src/Library/Developer/CommandLineTools/SDKs/MacOSX14.4.sdk/usr/include/sys/_types/_filesec_t.h
[E 16:49:27 77732] Already archived /Users/sheenie/Desktop/my_cases/taint+buffer_trimmed/cwe121-db/src/Library/Developer/CommandLineTools/SDKs/MacOSX14.4.sdk/usr/include/sys/types.h
[E 16:49:27 77732] Already archived /Users/sheenie/Desktop/my_cases/taint+buffer_trimmed/cwe121-db/src/Library/Developer/CommandLineTools/SDKs/MacOSX14.4.sdk/usr/include/sys/_types/_u_char.h
[E 16:49:27 77732] Already archived /Users/sheenie/Desktop/my_cases/taint+buffer_trimmed/cwe121-db/src/Library/Developer/CommandLineTools/SDKs/MacOSX14.4.sdk/usr/include/sys/_types/_u_short.h
[E 16:49:27 77732] Already archived /Users/sheenie/Desktop/my_cases/taint+buffer_trimmed/cwe121-db/src/Library/Developer/CommandLineTools/SDKs/MacOSX14.4.sdk/usr/include/sys/_types/_u_int.h
[E 16:49:27 77732] Already archived /Users/sheenie/Desktop/my_cases/taint+buffer_trimmed/cwe121-db/src/Library/Developer/CommandLineTools/SDKs/MacOSX14.4.sdk/usr/include/sys/_types/_caddr_t.h
[E 16:49:27 77732] Already archived /Users/sheenie/Desktop/my_cases/taint+buffer_trimmed/cwe121-db/src/Library/Developer/CommandLineTools/SDKs/MacOSX14.4.sdk/usr/include/sys/_types/_blkcnt_t.h
[E 16:49:27 77732] Already archived /Users/sheenie/Desktop/my_cases/taint+buffer_trimmed/cwe121-db/src/Library/Developer/CommandLineTools/SDKs/MacOSX14.4.sdk/usr/include/sys/_types/_blksize_t.h
[E 16:49:27 77732] Already archived /Users/sheenie/Desktop/my_cases/taint+buffer_trimmed/cwe121-db/src/Library/Developer/CommandLineTools/SDKs/MacOSX14.4.sdk/usr/include/sys/_types/_gid_t.h
[E 16:49:27 77732] Already archived /Users/sheenie/Desktop/my_cases/taint+buffer_trimmed/cwe121-db/src/Library/Developer/CommandLineTools/SDKs/MacOSX14.4.sdk/usr/include/sys/_types/_in_addr_t.h
[E 16:49:27 77732] Already archived /Users/sheenie/Desktop/my_cases/taint+buffer_trimmed/cwe121-db/src/Library/Developer/CommandLineTools/SDKs/MacOSX14.4.sdk/usr/include/sys/_types/_in_port_t.h
[E 16:49:27 77732] Already archived /Users/sheenie/Desktop/my_cases/taint+buffer_trimmed/cwe121-db/src/Library/Developer/CommandLineTools/SDKs/MacOSX14.4.sdk/usr/include/sys/_types/_ino_t.h
[E 16:49:27 77732] Already archived /Users/sheenie/Desktop/my_cases/taint+buffer_trimmed/cwe121-db/src/Library/Developer/CommandLineTools/SDKs/MacOSX14.4.sdk/usr/include/sys/_types/_ino64_t.h
[E 16:49:27 77732] Already archived /Users/sheenie/Desktop/my_cases/taint+buffer_trimmed/cwe121-db/src/Library/Developer/CommandLineTools/SDKs/MacOSX14.4.sdk/usr/include/sys/_types/_key_t.h
[E 16:49:27 77732] Already archived /Users/sheenie/Desktop/my_cases/taint+buffer_trimmed/cwe121-db/src/Library/Developer/CommandLineTools/SDKs/MacOSX14.4.sdk/usr/include/sys/_types/_nlink_t.h
[E 16:49:27 77732] Already archived /Users/sheenie/Desktop/my_cases/taint+buffer_trimmed/cwe121-db/src/Library/Developer/CommandLineTools/SDKs/MacOSX14.4.sdk/usr/include/sys/_types/_useconds_t.h
[E 16:49:27 77732] Already archived /Users/sheenie/Desktop/my_cases/taint+buffer_trimmed/cwe121-db/src/Library/Developer/CommandLineTools/SDKs/MacOSX14.4.sdk/usr/include/sys/_types/_suseconds_t.h
[E 16:49:27 77732] Already archived /Users/sheenie/Desktop/my_cases/taint+buffer_trimmed/cwe121-db/src/Library/Developer/CommandLineTools/SDKs/MacOSX14.4.sdk/usr/include/sys/_types/_fd_def.h
[E 16:49:27 77732] Already archived /Users/sheenie/Desktop/my_cases/taint+buffer_trimmed/cwe121-db/src/Library/Developer/CommandLineTools/SDKs/MacOSX14.4.sdk/usr/include/sys/_types/_fd_setsize.h
[E 16:49:27 77732] Already archived /Users/sheenie/Desktop/my_cases/taint+buffer_trimmed/cwe121-db/src/Library/Developer/CommandLineTools/SDKs/MacOSX14.4.sdk/usr/include/sys/_types/_fd_set.h
[E 16:49:27 77732] Already archived /Users/sheenie/Desktop/my_cases/taint+buffer_trimmed/cwe121-db/src/Library/Developer/CommandLineTools/SDKs/MacOSX14.4.sdk/usr/include/sys/_types/_fd_clr.h
[E 16:49:27 77732] Already archived /Users/sheenie/Desktop/my_cases/taint+buffer_trimmed/cwe121-db/src/Library/Developer/CommandLineTools/SDKs/MacOSX14.4.sdk/usr/include/sys/_types/_fd_zero.h
[E 16:49:27 77732] Already archived /Users/sheenie/Desktop/my_cases/taint+buffer_trimmed/cwe121-db/src/Library/Developer/CommandLineTools/SDKs/MacOSX14.4.sdk/usr/include/sys/_types/_fd_isset.h
[E 16:49:27 77732] Already archived /Users/sheenie/Desktop/my_cases/taint+buffer_trimmed/cwe121-db/src/Library/Developer/CommandLineTools/SDKs/MacOSX14.4.sdk/usr/include/sys/_types/_fd_copy.h
[E 16:49:27 77732] Already archived /Users/sheenie/Desktop/my_cases/taint+buffer_trimmed/cwe121-db/src/Library/Developer/CommandLineTools/SDKs/MacOSX14.4.sdk/usr/include/sys/_pthread/_pthread_cond_t.h
[E 16:49:27 77732] Already archived /Users/sheenie/Desktop/my_cases/taint+buffer_trimmed/cwe121-db/src/Library/Developer/CommandLineTools/SDKs/MacOSX14.4.sdk/usr/include/sys/_pthread/_pthread_condattr_t.h
[E 16:49:27 77732] Already archived /Users/sheenie/Desktop/my_cases/taint+buffer_trimmed/cwe121-db/src/Library/Developer/CommandLineTools/SDKs/MacOSX14.4.sdk/usr/include/sys/_pthread/_pthread_mutex_t.h
[E 16:49:27 77732] Already archived /Users/sheenie/Desktop/my_cases/taint+buffer_trimmed/cwe121-db/src/Library/Developer/CommandLineTools/SDKs/MacOSX14.4.sdk/usr/include/sys/_pthread/_pthread_mutexattr_t.h
[E 16:49:27 77732] Already archived /Users/sheenie/Desktop/my_cases/taint+buffer_trimmed/cwe121-db/src/Library/Developer/CommandLineTools/SDKs/MacOSX14.4.sdk/usr/include/sys/_pthread/_pthread_once_t.h
[E 16:49:27 77732] Already archived /Users/sheenie/Desktop/my_cases/taint+buffer_trimmed/cwe121-db/src/Library/Developer/CommandLineTools/SDKs/MacOSX14.4.sdk/usr/include/sys/_pthread/_pthread_rwlock_t.h
[E 16:49:27 77732] Already archived /Users/sheenie/Desktop/my_cases/taint+buffer_trimmed/cwe121-db/src/Library/Developer/CommandLineTools/SDKs/MacOSX14.4.sdk/usr/include/sys/_pthread/_pthread_rwlockattr_t.h
[E 16:49:27 77732] Already archived /Users/sheenie/Desktop/my_cases/taint+buffer_trimmed/cwe121-db/src/Library/Developer/CommandLineTools/SDKs/MacOSX14.4.sdk/usr/include/sys/_pthread/_pthread_t.h
[E 16:49:27 77732] Already archived /Users/sheenie/Desktop/my_cases/taint+buffer_trimmed/cwe121-db/src/Library/Developer/CommandLineTools/SDKs/MacOSX14.4.sdk/usr/include/sys/_pthread/_pthread_key_t.h
[E 16:49:27 77732] Already archived /Users/sheenie/Desktop/my_cases/taint+buffer_trimmed/cwe121-db/src/Library/Developer/CommandLineTools/SDKs/MacOSX14.4.sdk/usr/include/sys/_types/_fsblkcnt_t.h
[E 16:49:27 77732] Already archived /Users/sheenie/Desktop/my_cases/taint+buffer_trimmed/cwe121-db/src/Library/Developer/CommandLineTools/SDKs/MacOSX14.4.sdk/usr/include/sys/_types/_fsfilcnt_t.h
[E 16:49:27 77732] Already archived /Users/sheenie/Desktop/my_cases/taint+buffer_trimmed/cwe121-db/src/Library/Developer/CommandLineTools/SDKs/MacOSX14.4.sdk/usr/include/sys/stat.h
[E 16:49:27 77732] Already archived /Users/sheenie/Desktop/my_cases/taint+buffer_trimmed/cwe121-db/src/Users/sheenie/Desktop/my_cases/taint+buffer_trimmed/std_testcase_io.h
[E 16:49:27 77732] Already archived /Users/sheenie/Desktop/my_cases/taint+buffer_trimmed/cwe121-db/src/Users/sheenie/Desktop/my_cases/taint+buffer_trimmed/std_testcase.h
[E 16:49:27 77732] Already archived /Users/sheenie/Desktop/my_cases/taint+buffer_trimmed/cwe121-db/src/Library/Developer/CommandLineTools/SDKs/MacOSX14.4.sdk/usr/include/wchar.h
[E 16:49:27 77732] Already archived /Users/sheenie/Desktop/my_cases/taint+buffer_trimmed/cwe121-db/src/Library/Developer/CommandLineTools/SDKs/MacOSX14.4.sdk/usr/include/sys/_types/_mbstate_t.h
[E 16:49:27 77732] Already archived /Users/sheenie/Desktop/my_cases/taint+buffer_trimmed/cwe121-db/src/Library/Developer/CommandLineTools/SDKs/MacOSX14.4.sdk/usr/include/sys/_types/_wchar_t.h
[E 16:49:27 77732] Already archived /Users/sheenie/Desktop/my_cases/taint+buffer_trimmed/cwe121-db/src/Library/Developer/CommandLineTools/usr/lib/clang/15.0.0/include/stdarg.h
[E 16:49:27 77732] Already archived /Users/sheenie/Desktop/my_cases/taint+buffer_trimmed/cwe121-db/src/Library/Developer/CommandLineTools/SDKs/MacOSX14.4.sdk/usr/include/_wctype.h
[E 16:49:27 77732] Already archived /Users/sheenie/Desktop/my_cases/taint+buffer_trimmed/cwe121-db/src/Library/Developer/CommandLineTools/SDKs/MacOSX14.4.sdk/usr/include/__wctype.h
[E 16:49:27 77732] Already archived /Users/sheenie/Desktop/my_cases/taint+buffer_trimmed/cwe121-db/src/Library/Developer/CommandLineTools/SDKs/MacOSX14.4.sdk/usr/include/_types/_wctype_t.h
[E 16:49:27 77732] Creating trap tarball /Users/sheenie/Desktop/my_cases/taint+buffer_trimmed/cwe121-db/trap/cpp/tarballs/Users/sheenie/Desktop/my_cases/taint+buffer_trimmed/CWE122_Heap_Based_Buffer_Overflow__char_type_overrun_memcpy_05.c.b51bac14_0.trap.tar.zst
[E 16:49:27 77732] Emitting trap files for CWE122_Heap_Based_Buffer_Overflow__char_type_overrun_memcpy_05.c
[E 16:49:27 77732] Opening existencedb in /Users/sheenie/Desktop/my_cases/taint+buffer_trimmed/cwe121-db/working/existencedb/db
[E 16:49:27 77732] Wrote 1 files to /Users/sheenie/Desktop/my_cases/taint+buffer_trimmed/cwe121-db/trap/cpp/tarballs/Users/sheenie/Desktop/my_cases/taint+buffer_trimmed/CWE122_Heap_Based_Buffer_Overflow__char_type_overrun_memcpy_05.c.b51bac14_0.trap.tar.zst
[E 16:49:27 77732] Finished compilation TRAP /Users/sheenie/Desktop/my_cases/taint+buffer_trimmed/cwe121-db/trap/cpp/compilations/44/10465649_0.trap.zst
[E 16:49:27 77732] Marking C compilation as happened.
[E 16:49:27 77732] Setting tag c-compilation-happened
[E 16:49:27 77732] Starting from CODEQL_TRACER_DB_ID 0000000000012FA2_0000000000000001
[E 16:49:27 77732] Locking DB /Users/sheenie/Desktop/my_cases/taint+buffer_trimmed/cwe121-db/working/tags.db
[E 16:49:27 77732] Locked DB /Users/sheenie/Desktop/my_cases/taint+buffer_trimmed/cwe121-db/working/tags.db
[E 16:49:27 77732] Set tag for 0000000000012FA2_0000000000000001
[E 16:49:27 77732] Set tag for 0000000000012FA0_0000000000000002
[E 16:49:27 77732] Set tag for 0000000000012FA0_0000000000000001
[E 16:49:27 77732] Set tag for 0000000000012F9F_0000000000000001
[E 16:49:27 77732] Set tag for 0000000000012F9E_0000000000000001
[E 16:49:27 77732] Set tag for 0000000000012E85_0000000000000004
[E 16:49:27 77732] Set tag for 0000000000012E85_0000000000000003
[E 16:49:27 77732] Set tag for 0000000000012E85_0000000000000002
[E 16:49:27 77732] Set tag for root
[E 16:49:27 77732] Unlocking DB
[E 16:49:27 77732] Unlocked DB
[E 16:49:27 77732] Extractor exited successfully
[T 16:49:27 77730] Extractor /Users/sheenie/Desktop/codeql/cpp/tools/osx64/extractor terminated with exit code 0.
[T 16:49:27 77733] Attempting to switch stdout/stderr to 4...
[T 16:49:27 77733] Initializing tracer.
[T 16:49:27 77733] Initializing tags.
[T 16:49:27 77733] ID set to 0000000000012FA5_0000000000000001 (parent 0000000000012FA0_0000000000000002)
[E 16:49:27 77733] CodeQL C/C++ Extractor 2.25.4
[E 16:49:27 77733] Current directory: /Users/sheenie/Desktop/my_cases/taint+buffer_trimmed
[E 16:49:27 77733] Command: /Users/sheenie/Desktop/codeql/cpp/tools/osx64/extractor --mimic /library/developer/commandlinetools/usr/bin/clang -c CWE122_Heap_Based_Buffer_Overflow__char_type_overrun_memcpy_05.c
[E 16:49:27 77733] Checking whether C compilation already happened.
[E 16:49:27 77733] Checking for tag c-compilation-happened
[E 16:49:27 77733] Checking CODEQL_TRACER_DB_ID 0000000000012FA0_0000000000000002
[E 16:49:27 77733] Locking DB /Users/sheenie/Desktop/my_cases/taint+buffer_trimmed/cwe121-db/working/tags.db
[E 16:49:27 77733] Locked DB /Users/sheenie/Desktop/my_cases/taint+buffer_trimmed/cwe121-db/working/tags.db
[E 16:49:27 77733] Unlocking DB
[E 16:49:27 77733] Unlocked DB
[E 16:49:27 77733] Exiting as C compilation already happened.
[T 16:49:27 77728] Extractor /Users/sheenie/Desktop/codeql/cpp/tools/osx64/extractor terminated with exit code 0.
[T 16:49:27 77734] Attempting to switch stdout/stderr to 4...
[T 16:49:27 77734] Initializing tracer.
[T 16:49:27 77734] Initializing tags.
[T 16:49:27 77734] ID set to 0000000000012FA6_0000000000000001 (parent 0000000000012F9F_0000000000000001)
[E 16:49:27 77734] CodeQL C/C++ Extractor 2.25.4
[E 16:49:27 77734] Current directory: /Users/sheenie/Desktop/my_cases/taint+buffer_trimmed
[E 16:49:27 77734] Command: /Users/sheenie/Desktop/codeql/cpp/tools/osx64/extractor --mimic /library/developer/commandlinetools/usr/bin/gcc -c CWE122_Heap_Based_Buffer_Overflow__char_type_overrun_memcpy_05.c
[E 16:49:27 77734] Checking whether C compilation already happened.
[E 16:49:27 77734] Checking for tag c-compilation-happened
[E 16:49:27 77734] Checking CODEQL_TRACER_DB_ID 0000000000012F9F_0000000000000001
[E 16:49:27 77734] Locking DB /Users/sheenie/Desktop/my_cases/taint+buffer_trimmed/cwe121-db/working/tags.db
[E 16:49:27 77734] Locked DB /Users/sheenie/Desktop/my_cases/taint+buffer_trimmed/cwe121-db/working/tags.db
[E 16:49:27 77734] Unlocking DB
[E 16:49:27 77734] Unlocked DB
[E 16:49:27 77734] Exiting as C compilation already happened.
[T 16:49:27 77727] Extractor /Users/sheenie/Desktop/codeql/cpp/tools/osx64/extractor terminated with exit code 0.
[T 16:49:27 77735] Attempting to switch stdout/stderr to 4...
[T 16:49:27 77735] Initializing tracer.
[T 16:49:27 77735] Initializing tags.
[T 16:49:27 77735] ID set to 0000000000012FA7_0000000000000001 (parent 0000000000012F9E_0000000000000001)
[E 16:49:27 77735] CodeQL C/C++ Extractor 2.25.4
[E 16:49:27 77735] Current directory: /Users/sheenie/Desktop/my_cases/taint+buffer_trimmed
[E 16:49:27 77735] Command: /Users/sheenie/Desktop/codeql/cpp/tools/osx64/extractor --mimic /usr/bin/gcc -c CWE122_Heap_Based_Buffer_Overflow__char_type_overrun_memcpy_05.c
[E 16:49:27 77735] Checking whether C compilation already happened.
[E 16:49:27 77735] Checking for tag c-compilation-happened
[E 16:49:27 77735] Checking CODEQL_TRACER_DB_ID 0000000000012F9E_0000000000000001
[E 16:49:27 77735] Locking DB /Users/sheenie/Desktop/my_cases/taint+buffer_trimmed/cwe121-db/working/tags.db
[E 16:49:27 77735] Locked DB /Users/sheenie/Desktop/my_cases/taint+buffer_trimmed/cwe121-db/working/tags.db
[E 16:49:27 77735] Unlocking DB
[E 16:49:27 77735] Unlocked DB
[E 16:49:27 77735] Exiting as C compilation already happened.
[T 16:49:27 77726] Extractor /Users/sheenie/Desktop/codeql/cpp/tools/osx64/extractor terminated with exit code 0.
